CONCURSO,R1,R2,R3,R4,R5,FECHA
12234,3,11,13,21,28,05/09/2026
12233,5,6,10,16,22,05/09/2026
12232,1,3,7,13,26,04/09/2026
12231,4,9,11,15,24,04/09/2026
12230,4,6,13,21,27,03/09/2026
12229,6,7,12,22,26,03/09/2026
12228,2,8,10,14,23,02/09/2026
12227,7,10,12,26,27,02/09/2026
12226,1,3,15,17,28,01/09/2026
12225,11,14,18,23,25,01/09/2026
12224,1,4,5,12,16,31/08/2026
12223,1,2,5,7,16,31/08/2026
12222,4,14,15,21,23,30/08/2026
12221,9,12,23,26,28,30/08/2026
12220,3,5,10,19,22,29/08/2026
12219,7,10,14,21,28,29/08/2026
12218,3,4,10,25,26,28/08/2026
12217,1,5,16,19,21,28/08/2026
12216,10,14,20,23,24,27/08/2026
12215,2,10,17,19,22,27/08/2026
12214,1,3,5,18,20,26/08/2026
12213,7,8,18,25,26,26/08/2026
12212,3,20,24,26,27,25/08/2026
12211,3,4,7,8,23,25/08/2026
12210,2,3,7,12,14,24/08/2026
12209,9,12,15,17,25,24/08/2026
12208,1,8,11,20,22,23/08/2026
12207,3,5,10,18,24,23/08/2026
12206,2,13,16,20,28,22/08/2026
12205,5,7,12,15,21,22/08/2026
12204,5,7,9,15,23,21/08/2026
12203,2,5,17,23,25,21/08/2026
12202,1,7,12,15,21,20/08/2026
12201,5,14,15,17,25,20/08/2026
12200,6,9,11,18,20,19/08/2026
12199,1,6,7,15,22,19/08/2026
12198,12,16,17,23,24,18/08/2026
12197,7,22,23,24,28,18/08/2026
12196,3,8,19,22,24,17/08/2026
12195,5,8,22,26,27,17/08/2026
12194,1,3,5,8,13,16/08/2026
12193,13,15,16,20,25,16/08/2026
12192,13,16,17,19,22,15/08/2026
12191,2,15,19,22,23,15/08/2026
12190,13,15,16,17,26,14/08/2026
12189,7,11,13,14,15,14/08/2026
12188,3,9,16,19,20,13/08/2026
12187,13,14,15,23,25,13/08/2026
12186,8,12,20,21,25,12/08/2026
12185,3,13,17,18,25,12/08/2026
12184,8,11,13,14,15,11/08/2026
12183,3,10,22,26,27,11/08/2026
12182,5,9,14,16,22,10/08/2026
12181,2,11,13,24,27,10/08/2026
12180,1,15,19,22,28,09/08/2026
12179,2,15,20,23,28,09/08/2026
12178,11,12,15,16,25,08/08/2026
12177,4,16,20,22,26,08/08/2026
12176,3,4,5,19,27,07/08/2026
12175,5,10,17,18,21,07/08/2026
12174,1,11,18,20,23,06/08/2026
12173,3,7,19,20,24,06/08/2026
12172,9,18,20,24,27,05/08/2026
12171,4,5,7,15,18,05/08/2026
12170,3,11,17,22,25,04/08/2026
12169,6,14,17,22,27,04/08/2026
12168,2,10,15,18,21,03/08/2026
12167,5,11,18,22,27,03/08/2026
12166,2,6,19,22,24,02/08/2026
12165,14,15,16,23,28,02/08/2026
12164,2,5,6,17,23,01/08/2026
12163,3,6,14,15,18,01/08/2026
12162,10,14,17,20,24,31/07/2026
12161,9,18,19,26,27,31/07/2026
12160,3,10,24,26,27,30/07/2026
12159,5,9,10,11,24,30/07/2026
12158,5,6,20,22,25,29/07/2026
12157,2,11,13,16,26,29/07/2026
12156,9,15,20,21,27,28/07/2026
12155,1,17,18,21,28,28/07/2026
12154,6,15,20,23,26,27/07/2026
12153,2,6,9,13,14,27/07/2026
12152,11,20,22,23,24,26/07/2026
12151,14,16,20,22,25,26/07/2026
12150,1,12,17,22,24,25/07/2026
12149,6,7,14,21,28,25/07/2026
12148,6,9,11,17,24,24/07/2026
12147,2,5,22,23,27,24/07/2026
12146,14,15,16,18,27,23/07/2026
12145,2,3,14,24,27,23/07/2026
12144,5,8,23,25,27,22/07/2026
12143,1,9,13,20,28,22/07/2026
12142,5,8,15,17,23,21/07/2026
12141,6,15,17,19,23,21/07/2026
12140,2,4,11,16,27,20/07/2026
12139,1,8,9,10,26,20/07/2026
12138,8,10,15,23,26,19/07/2026
12137,4,7,9,13,25,19/07/2026
12136,1,2,6,23,24,18/07/2026
12135,4,7,10,20,26,18/07/2026
12134,8,15,18,19,20,17/07/2026
12133,4,8,14,19,23,17/07/2026
12132,4,12,13,18,24,16/07/2026
12131,1,10,21,25,26,16/07/2026
12130,3,7,22,27,28,15/07/2026
12129,10,13,14,15,16,15/07/2026
12128,3,4,7,18,26,14/07/2026
12127,13,14,17,20,26,14/07/2026
12126,1,5,9,16,26,13/07/2026
12125,2,8,14,22,23,13/07/2026
12124,1,4,12,16,19,12/07/2026
12123,2,15,22,25,28,12/07/2026
12122,4,13,15,21,23,11/07/2026
12121,5,9,10,19,27,11/07/2026
12120,3,12,14,23,26,10/07/2026
12119,6,14,21,23,26,10/07/2026
12118,2,13,21,23,24,09/07/2026
12117,12,16,17,19,21,09/07/2026
12116,3,8,20,24,28,08/07/2026
12115,3,13,19,24,27,08/07/2026
12114,5,8,13,14,22,07/07/2026
12113,4,18,19,24,27,07/07/2026
12112,9,12,20,22,27,06/07/2026
12111,6,7,11,17,28,06/07/2026
12110,1,4,8,9,13,05/07/2026
12109,1,3,13,17,20,05/07/2026
12108,12,14,17,19,25,04/07/2026
12107,1,4,10,17,23,04/07/2026
12106,6,10,15,16,22,03/07/2026
12105,4,5,23,24,25,03/07/2026
12104,2,11,12,17,23,02/07/2026
12103,10,16,24,26,28,02/07/2026
12102,1,2,10,11,17,01/07/2026
12101,2,4,12,13,27,01/07/2026
12100,11,15,18,26,28,30/06/2026
12099,15,20,24,26,27,30/06/2026
12098,2,5,6,10,17,29/06/2026
12097,1,3,6,14,24,29/06/2026
12096,3,8,9,18,23,28/06/2026
12095,1,8,10,17,23,28/06/2026
12094,4,6,12,17,18,27/06/2026
12093,2,12,16,21,28,27/06/2026
12092,3,13,17,21,27,26/06/2026
12091,2,5,12,18,21,26/06/2026
12090,9,15,21,24,25,25/06/2026
12089,4,5,10,23,26,25/06/2026
12088,3,9,13,14,27,24/06/2026
12087,9,14,19,20,21,24/06/2026
12086,1,3,5,6,7,23/06/2026
12085,10,12,14,16,22,23/06/2026
12084,5,14,17,19,22,22/06/2026
12083,9,10,14,17,26,22/06/2026
12082,1,10,12,18,21,21/06/2026
12081,6,7,11,19,24,21/06/2026
12080,2,6,17,18,21,20/06/2026
12079,6,15,17,23,26,20/06/2026
12078,1,2,13,24,28,19/06/2026
12077,3,11,14,20,22,19/06/2026
12076,4,7,12,15,26,18/06/2026
12075,5,7,15,20,25,18/06/2026
12074,3,5,9,15,24,17/06/2026
12073,6,7,14,17,23,17/06/2026
12072,2,8,17,22,27,16/06/2026
12071,4,18,23,25,28,16/06/2026
12070,6,8,10,11,22,15/06/2026
12069,3,9,14,17,26,15/06/2026
12068,8,15,16,21,22,14/06/2026
12067,1,10,11,12,16,14/06/2026
12066,11,16,23,26,28,13/06/2026
12065,14,15,18,19,27,13/06/2026
12064,21,24,25,26,28,12/06/2026
12063,6,7,9,11,15,12/06/2026
12062,7,11,13,22,23,11/06/2026
12061,6,15,22,27,28,11/06/2026
12060,10,11,14,18,21,10/06/2026
12059,7,16,21,24,27,10/06/2026
12058,3,7,19,20,23,09/06/2026
12057,4,10,13,14,28,09/06/2026
12056,10,13,22,23,26,08/06/2026
12055,2,9,19,23,28,08/06/2026
12054,1,4,15,22,25,07/06/2026
12053,4,5,13,20,25,07/06/2026
12052,3,5,18,20,24,06/06/2026
12051,1,5,9,15,28,06/06/2026
12050,2,3,8,14,24,05/06/2026
12049,4,9,14,24,27,05/06/2026
12048,9,13,16,23,25,04/06/2026
12047,6,11,12,21,23,04/06/2026
12046,13,18,22,25,26,03/06/2026
12045,8,11,18,19,28,03/06/2026
12044,8,13,20,25,28,02/06/2026
12043,5,13,16,19,27,02/06/2026
12042,1,4,15,20,27,01/06/2026
12041,12,16,18,22,25,01/06/2026
12040,9,12,15,17,20,31/05/2026
12039,1,3,8,18,21,31/05/2026
12038,7,11,14,16,27,30/05/2026
12037,5,11,15,20,24,30/05/2026
12036,1,8,10,16,26,29/05/2026
12035,1,3,11,14,22,29/05/2026
12034,4,8,15,18,28,28/05/2026
12033,4,9,20,21,28,28/05/2026
12032,7,8,12,21,23,27/05/2026
12031,3,6,8,22,25,27/05/2026
12030,11,14,15,19,24,26/05/2026
12029,10,16,20,24,26,26/05/2026
12028,9,13,19,21,27,25/05/2026
12027,6,10,12,13,28,25/05/2026
12026,10,12,14,16,23,24/05/2026
12025,14,15,16,20,26,24/05/2026
12024,2,5,7,20,23,23/05/2026
12023,1,3,7,16,27,23/05/2026
12022,14,17,19,23,28,22/05/2026
12021,3,7,22,24,28,22/05/2026
12020,6,11,26,27,28,21/05/2026
12019,6,14,20,21,28,21/05/2026
12018,1,7,18,20,27,20/05/2026
12017,6,13,16,18,20,20/05/2026
12016,2,4,7,9,24,19/05/2026
12015,12,14,17,23,28,19/05/2026
12014,6,12,15,26,27,18/05/2026
12013,8,9,15,21,26,18/05/2026
12012,2,13,16,17,28,17/05/2026
12011,1,10,11,16,23,17/05/2026
12010,1,6,16,20,22,16/05/2026
12009,8,11,13,17,21,16/05/2026
12008,2,4,9,16,18,15/05/2026
12007,8,12,16,21,27,15/05/2026
12006,8,12,13,21,24,14/05/2026
12005,6,8,14,20,23,14/05/2026
12004,2,8,19,24,26,13/05/2026
12003,1,4,7,22,28,13/05/2026
12002,7,9,16,19,21,12/05/2026
12001,4,7,10,12,23,12/05/2026
12000,5,11,16,21,25,11/05/2026
11999,4,13,15,22,27,11/05/2026
11998,3,7,13,19,25,10/05/2026
11997,5,12,20,22,24,10/05/2026
11996,11,17,18,26,27,09/05/2026
11995,3,6,10,14,22,09/05/2026
11994,10,22,25,26,27,08/05/2026
11993,3,15,16,23,24,08/05/2026
11992,5,9,10,15,23,07/05/2026
11991,13,14,19,22,24,07/05/2026
11990,6,13,21,24,28,06/05/2026
11989,2,6,8,18,19,06/05/2026
11988,4,5,8,14,18,05/05/2026
11987,2,9,10,16,24,05/05/2026
11986,3,6,11,14,28,04/05/2026
11985,5,10,15,21,27,04/05/2026
11984,3,5,15,16,23,03/05/2026
11983,3,4,7,13,18,03/05/2026
11982,3,11,14,23,24,02/05/2026
11981,2,8,9,17,22,02/05/2026
11980,4,6,8,21,27,01/05/2026
11979,11,14,17,20,28,01/05/2026
11978,9,15,22,24,25,30/04/2026
11977,2,9,10,24,27,30/04/2026
11976,2,12,16,21,26,29/04/2026
11975,4,8,10,12,23,29/04/2026
11974,3,5,9,10,14,28/04/2026
11973,1,14,17,22,28,28/04/2026
11972,4,6,11,22,25,27/04/2026
11971,3,4,8,21,25,27/04/2026
11970,4,5,17,21,24,26/04/2026
11969,4,5,14,16,19,26/04/2026
11968,11,16,17,21,23,25/04/2026
11967,2,5,8,14,18,25/04/2026
11966,4,6,11,16,20,24/04/2026
11965,6,9,10,19,20,24/04/2026
11964,11,15,16,19,21,23/04/2026
11963,5,10,20,21,22,23/04/2026
11962,11,14,21,22,25,22/04/2026
11961,3,5,8,9,22,22/04/2026
11960,9,18,23,24,28,21/04/2026
11959,14,15,17,24,28,21/04/2026
11958,3,4,14,22,26,20/04/2026
11957,2,3,6,8,22,20/04/2026
11956,3,8,25,27,28,19/04/2026
11955,3,8,12,19,23,19/04/2026
11954,1,2,4,7,14,18/04/2026
11953,7,15,17,23,27,18/04/2026
11952,1,3,8,17,27,17/04/2026
11951,1,13,15,17,18,17/04/2026
11950,2,3,7,12,28,16/04/2026
11949,3,6,7,11,22,16/04/2026
11948,10,17,18,19,25,15/04/2026
11947,3,4,14,21,25,15/04/2026
11946,5,7,13,20,23,14/04/2026
11945,1,13,16,17,26,14/04/2026
11944,8,9,16,17,19,13/04/2026
11943,2,6,10,15,19,13/04/2026
11942,13,17,24,25,28,12/04/2026
11941,3,7,8,18,24,12/04/2026
11940,1,3,4,5,23,11/04/2026
11939,3,8,16,17,27,11/04/2026
11938,13,16,26,27,28,10/04/2026
11937,8,9,11,27,28,10/04/2026
11936,3,6,20,23,25,09/04/2026
11935,6,12,18,23,26,09/04/2026
11934,1,10,13,16,17,08/04/2026
11933,3,6,9,15,19,08/04/2026
11932,4,7,8,10,27,07/04/2026
11931,4,8,19,25,26,07/04/2026
11930,13,14,22,23,27,06/04/2026
11929,5,8,13,24,28,06/04/2026
11928,3,5,6,10,23,05/04/2026
11927,13,17,21,22,28,05/04/2026
11926,12,13,20,24,26,04/04/2026
11925,1,4,5,8,28,04/04/2026
11924,4,13,18,21,22,03/04/2026
11923,11,13,19,25,27,03/04/2026
11922,12,14,17,19,26,02/04/2026
11921,7,10,12,15,20,02/04/2026
11920,6,15,16,27,28,01/04/2026
11919,2,6,18,23,25,01/04/2026
11918,5,6,8,12,23,31/03/2026
11917,10,14,15,24,26,31/03/2026
11916,13,14,16,17,26,30/03/2026
11915,1,6,21,25,28,30/03/2026
11914,4,11,12,15,23,29/03/2026
11913,1,5,13,16,24,29/03/2026
11912,8,9,10,18,19,28/03/2026
11911,1,9,15,16,26,28/03/2026
11910,2,4,6,14,24,27/03/2026
11909,6,12,19,24,27,27/03/2026
11908,5,7,12,25,26,26/03/2026
11907,5,7,13,23,27,26/03/2026
11906,1,5,11,17,25,25/03/2026
11905,2,15,19,22,23,25/03/2026
11904,6,15,17,20,24,24/03/2026
11903,8,12,17,21,27,24/03/2026
11902,2,11,17,24,25,23/03/2026
11901,1,8,19,20,27,23/03/2026
11900,2,13,18,19,28,22/03/2026
11899,3,4,11,19,24,22/03/2026
11898,3,8,13,15,26,21/03/2026
11897,4,5,7,27,28,21/03/2026
11896,3,4,17,22,27,20/03/2026
11895,1,11,18,20,28,20/03/2026
11894,2,3,8,19,23,19/03/2026
11893,18,19,21,23,24,19/03/2026
11892,5,6,8,22,26,18/03/2026
11891,3,6,20,22,27,18/03/2026
11890,2,13,24,26,28,17/03/2026
11889,12,13,16,19,28,17/03/2026
11888,3,5,18,19,24,16/03/2026
11887,2,20,22,24,28,16/03/2026
11886,7,16,19,24,28,15/03/2026
11885,4,6,7,14,21,15/03/2026
11884,1,4,12,19,20,14/03/2026
11883,5,12,14,17,21,14/03/2026
11882,13,18,20,23,28,13/03/2026
11881,1,12,18,22,27,13/03/2026
11880,3,7,25,26,28,12/03/2026
11879,2,8,12,18,19,12/03/2026
11878,2,4,6,17,21,11/03/2026
11877,5,6,10,16,21,11/03/2026
11876,7,13,15,19,21,10/03/2026
11875,8,16,19,21,27,10/03/2026
11874,7,13,15,20,22,09/03/2026
11873,1,8,11,22,26,09/03/2026
11872,2,5,12,22,26,08/03/2026
11871,3,4,9,22,24,08/03/2026
11870,11,17,18,22,26,07/03/2026
11869,1,4,13,14,28,07/03/2026
11868,8,9,10,13,24,06/03/2026
11867,1,4,9,18,27,06/03/2026
11866,1,3,11,16,17,05/03/2026
11865,1,8,9,20,28,05/03/2026
11864,1,9,10,13,19,04/03/2026
11863,11,13,16,21,28,04/03/2026
11862,6,7,8,22,24,03/03/2026
11861,9,10,13,17,18,03/03/2026
11860,1,4,13,23,27,02/03/2026
11859,6,10,11,14,22,02/03/2026
11858,12,13,17,21,22,01/03/2026
11857,1,3,10,15,22,01/03/2026
11856,1,4,8,13,24,28/02/2026
11855,3,14,17,23,24,28/02/2026
11854,1,5,8,19,23,27/02/2026
11853,3,7,10,15,24,27/02/2026
11852,4,8,17,27,28,26/02/2026
11851,7,8,10,12,18,26/02/2026
11850,1,5,11,20,24,25/02/2026
11849,3,6,16,26,28,25/02/2026
11848,12,15,17,18,26,24/02/2026
11847,4,6,18,25,26,24/02/2026
11846,9,12,18,21,23,23/02/2026
11845,5,14,18,24,25,23/02/2026
11844,6,13,23,24,25,22/02/2026
11843,4,6,9,17,21,22/02/2026
11842,3,10,14,22,23,21/02/2026
11841,2,5,17,26,27,21/02/2026
11840,3,6,16,17,20,20/02/2026
11839,12,14,18,19,20,20/02/2026
11838,3,14,16,21,22,19/02/2026
11837,2,4,7,10,14,19/02/2026
11836,8,9,18,22,25,18/02/2026
11835,1,2,14,24,26,18/02/2026
11834,7,9,12,15,18,17/02/2026
11833,3,7,16,17,18,17/02/2026
11832,3,5,9,10,28,16/02/2026
11831,14,16,20,21,27,16/02/2026
11830,3,5,6,12,20,15/02/2026
11829,2,17,20,22,26,15/02/2026
11828,3,6,10,11,19,14/02/2026
11827,3,10,13,16,17,14/02/2026
11826,7,8,22,24,25,13/02/2026
11825,3,9,10,17,18,13/02/2026
11824,1,2,6,16,21,12/02/2026
11823,3,11,18,25,26,12/02/2026
11822,4,5,20,25,27,11/02/2026
11821,8,11,16,17,19,11/02/2026
11820,1,15,17,24,27,10/02/2026
11819,3,5,14,15,22,10/02/2026
11818,7,8,20,24,28,09/02/2026
11817,14,20,21,25,28,09/02/2026
11816,10,11,22,25,26,08/02/2026
11815,2,4,5,14,27,08/02/2026
11814,8,10,12,17,24,07/02/2026
11813,3,6,11,17,22,07/02/2026
11812,3,4,5,13,26,06/02/2026
11811,4,5,11,15,24,06/02/2026
11810,4,14,16,18,22,05/02/2026
11809,5,10,12,17,22,05/02/2026
11808,5,14,21,22,24,04/02/2026
11807,9,18,21,24,26,04/02/2026
11806,7,10,14,20,28,03/02/2026
11805,8,11,17,19,26,03/02/2026
11804,3,10,16,26,27,02/02/2026
11803,12,16,19,22,26,02/02/2026
11802,1,2,6,12,16,01/02/2026
11801,5,14,19,22,27,01/02/2026
11800,2,16,20,22,23,31/01/2026
11799,9,11,17,21,27,31/01/2026
11798,1,2,11,23,24,30/01/2026
11797,3,5,11,18,23,30/01/2026
11796,3,4,14,24,26,29/01/2026
11795,8,9,16,25,28,29/01/2026
11794,3,9,23,25,28,28/01/2026
11793,5,8,12,17,24,28/01/2026
11792,2,3,23,26,28,27/01/2026
11791,5,8,9,11,17,27/01/2026
11790,6,7,10,16,17,26/01/2026
11789,9,13,14,15,24,26/01/2026
11788,3,8,15,21,22,25/01/2026
11787,7,14,20,24,28,25/01/2026
11786,5,12,14,17,25,24/01/2026
11785,1,2,6,7,23,24/01/2026
11784,10,14,17,19,25,23/01/2026
11783,3,6,8,16,24,23/01/2026
11782,2,5,10,18,19,22/01/2026
11781,11,16,23,24,27,22/01/2026
11780,1,2,14,15,18,21/01/2026
11779,10,13,15,19,28,21/01/2026
11778,4,9,12,17,18,20/01/2026
11777,7,19,20,22,23,20/01/2026
11776,6,14,21,23,25,19/01/2026
11775,4,5,6,9,13,19/01/2026
11774,2,4,10,17,20,18/01/2026
11773,6,8,10,11,16,18/01/2026
11772,5,8,13,16,19,17/01/2026
11771,6,17,19,22,27,17/01/2026
11770,1,9,14,15,22,16/01/2026
11769,3,10,12,16,25,16/01/2026
11768,9,16,19,23,26,15/01/2026
11767,10,19,24,26,27,15/01/2026
11766,4,7,14,19,24,14/01/2026
11765,3,8,21,22,26,14/01/2026
11764,4,10,17,21,27,13/01/2026
11763,1,9,12,18,26,13/01/2026
11762,11,14,16,19,23,12/01/2026
11761,7,8,10,20,27,12/01/2026
11760,7,11,15,23,27,11/01/2026
11759,5,10,22,24,27,11/01/2026
11758,1,5,6,9,13,10/01/2026
11757,6,7,8,22,28,10/01/2026
11756,11,12,14,18,19,09/01/2026
11755,4,5,6,14,28,09/01/2026
11754,2,14,16,18,19,08/01/2026
11753,2,5,7,11,26,08/01/2026
11752,1,8,16,21,23,07/01/2026
11751,3,14,21,22,24,07/01/2026
11750,5,10,13,16,21,06/01/2026
11749,2,5,6,16,19,06/01/2026
11748,2,4,12,24,28,05/01/2026
11747,3,5,15,21,25,05/01/2026
11746,9,11,13,22,28,04/01/2026
11745,16,17,20,25,26,04/01/2026
11744,7,14,18,24,26,03/01/2026
11743,6,7,16,21,28,03/01/2026
11742,3,7,10,17,20,02/01/2026
11741,2,10,11,15,17,02/01/2026
11740,5,11,17,23,24,01/01/2026
11739,2,6,14,20,22,01/01/2026
11738,1,7,13,15,23,31/12/2025
11737,5,7,8,9,14,31/12/2025
11736,1,3,12,18,27,30/12/2025
11735,13,17,23,25,26,30/12/2025
11734,1,7,9,22,25,29/12/2025
11733,5,6,11,16,20,29/12/2025
11732,1,5,13,20,23,28/12/2025
11731,3,7,16,25,28,28/12/2025
11730,7,9,13,18,22,27/12/2025
11729,11,18,19,21,22,27/12/2025
11728,9,14,16,23,24,26/12/2025
11727,7,11,16,17,19,26/12/2025
11726,4,8,14,21,25,25/12/2025
11725,10,16,17,22,25,25/12/2025
11724,5,10,12,13,28,24/12/2025
11723,5,14,15,16,23,24/12/2025
11722,4,5,7,23,28,23/12/2025
11721,5,11,12,15,19,23/12/2025
11720,5,10,23,25,28,22/12/2025
11719,5,8,20,22,26,22/12/2025
11718,5,8,11,17,18,21/12/2025
11717,4,6,13,18,21,21/12/2025
11716,7,11,18,20,28,20/12/2025
11715,11,12,17,21,24,20/12/2025
11714,13,15,21,25,28,19/12/2025
11713,4,8,17,18,23,19/12/2025
11712,6,8,14,16,20,18/12/2025
11711,9,11,19,24,27,18/12/2025
11710,5,7,13,20,24,17/12/2025
11709,5,8,9,12,22,17/12/2025
11708,1,12,15,18,28,16/12/2025
11707,1,3,20,21,25,16/12/2025
11706,6,13,19,23,26,15/12/2025
11705,1,3,8,15,28,15/12/2025
11704,10,17,22,24,26,14/12/2025
11703,2,6,11,18,24,14/12/2025
11702,1,9,12,22,24,13/12/2025
11701,6,15,19,20,28,13/12/2025
11700,1,6,7,12,23,12/12/2025
11699,1,7,8,17,22,12/12/2025
11698,10,16,19,23,25,11/12/2025
11697,5,13,21,26,27,11/12/2025
11696,4,11,13,16,17,10/12/2025
11695,4,6,17,21,24,10/12/2025
11694,1,3,4,18,19,09/12/2025
11693,2,6,7,21,27,09/12/2025
11692,6,13,19,24,28,08/12/2025
11691,3,4,15,18,28,08/12/2025
11690,10,17,18,19,26,07/12/2025
11689,2,6,10,12,13,07/12/2025
11688,12,14,21,22,27,06/12/2025
11687,2,21,23,26,28,06/12/2025
11686,8,23,26,27,28,05/12/2025
11685,14,16,20,22,27,05/12/2025
11684,3,9,12,13,22,04/12/2025
11683,6,8,11,23,26,04/12/2025
11682,15,18,23,26,28,03/12/2025
11681,4,6,17,20,23,03/12/2025
11680,9,16,18,25,27,02/12/2025
11679,10,11,14,18,25,02/12/2025
11678,3,7,13,16,20,01/12/2025
11677,2,3,10,20,23,01/12/2025
11676,11,16,17,22,24,30/11/2025
11675,7,12,13,17,24,30/11/2025
11674,15,16,22,24,28,29/11/2025
11673,2,9,10,14,23,29/11/2025
11672,2,3,10,14,20,28/11/2025
11671,2,8,19,21,25,28/11/2025
11670,4,9,13,15,18,27/11/2025
11669,1,10,19,21,26,27/11/2025
11668,4,13,22,26,27,26/11/2025
11667,15,23,24,26,28,26/11/2025
11666,9,15,18,21,22,25/11/2025
11665,3,4,6,9,22,25/11/2025
11664,4,6,8,11,15,24/11/2025
11663,3,6,16,22,26,24/11/2025
11662,5,10,13,14,28,23/11/2025
11661,1,4,7,13,26,23/11/2025
11660,1,4,5,6,15,22/11/2025
11659,7,12,14,15,24,22/11/2025
11658,1,3,13,19,21,21/11/2025
11657,2,3,8,12,26,21/11/2025
11656,9,11,21,22,28,20/11/2025
11655,1,7,10,15,21,20/11/2025
11654,6,15,18,22,24,19/11/2025
11653,3,5,13,15,24,19/11/2025
11652,5,8,11,20,24,18/11/2025
11651,2,6,13,15,24,18/11/2025
11650,3,5,14,22,24,17/11/2025
11649,4,11,15,17,27,17/11/2025
11648,9,13,14,15,28,16/11/2025
11647,6,16,18,21,27,16/11/2025
11646,4,12,14,21,28,15/11/2025
11645,8,14,18,21,28,15/11/2025
11644,2,11,20,21,26,14/11/2025
11643,1,10,11,26,28,14/11/2025
11642,2,8,10,24,25,13/11/2025
11641,10,13,17,18,27,13/11/2025
11640,3,6,19,23,25,12/11/2025
11639,9,11,16,21,26,12/11/2025
11638,5,15,21,22,26,11/11/2025
11637,2,5,10,13,20,11/11/2025
11636,2,6,8,10,20,10/11/2025
11635,11,16,18,26,27,10/11/2025
11634,3,8,19,24,25,09/11/2025
11633,2,4,11,23,27,09/11/2025
11632,11,14,18,21,24,08/11/2025
11631,2,14,19,20,26,08/11/2025
11630,1,17,18,19,21,07/11/2025
11629,3,6,15,16,22,07/11/2025
11628,1,9,20,21,27,06/11/2025
11627,2,5,11,19,24,06/11/2025
11626,7,11,20,21,27,05/11/2025
11625,12,19,21,26,27,05/11/2025
11624,4,5,7,11,25,04/11/2025
11623,1,14,15,20,28,04/11/2025
11622,2,6,9,10,18,03/11/2025
11621,3,5,7,13,19,03/11/2025
11620,2,11,18,19,27,02/11/2025
11619,6,12,16,20,28,02/11/2025
11618,1,9,11,15,16,01/11/2025
11617,4,6,11,24,26,01/11/2025
11616,3,18,23,25,26,31/10/2025
11615,1,7,8,23,26,31/10/2025
11614,1,8,12,24,28,30/10/2025
11613,4,8,12,14,18,30/10/2025
11612,2,13,15,25,27,29/10/2025
11611,4,6,15,27,28,29/10/2025
11610,1,2,11,26,28,28/10/2025
11609,9,11,17,19,24,28/10/2025
11608,3,5,6,15,26,27/10/2025
11607,5,17,18,19,28,27/10/2025
11606,7,8,11,16,22,26/10/2025
11605,2,20,22,26,27,26/10/2025
11604,2,4,6,8,10,25/10/2025
11603,4,6,16,18,20,25/10/2025
11602,3,6,7,20,27,24/10/2025
11601,13,16,19,20,21,24/10/2025
11600,4,11,17,19,25,23/10/2025
11599,6,11,20,23,24,23/10/2025
11598,1,10,23,26,27,22/10/2025
11597,3,7,9,10,11,22/10/2025
11596,6,10,12,19,22,21/10/2025
11595,2,7,10,11,18,21/10/2025
11594,3,9,10,26,27,20/10/2025
11593,1,10,11,15,27,20/10/2025
11592,17,21,23,24,28,19/10/2025
11591,6,12,15,21,27,19/10/2025
11590,1,14,18,19,25,18/10/2025
11589,6,14,17,20,22,18/10/2025
11588,1,9,11,12,18,17/10/2025
11587,4,11,15,16,28,17/10/2025
11586,2,10,14,17,21,16/10/2025
11585,2,3,19,23,26,16/10/2025
11584,1,7,12,15,16,15/10/2025
11583,1,2,16,22,27,15/10/2025
11582,4,11,12,13,28,14/10/2025
11581,2,4,10,22,27,14/10/2025
11580,4,7,9,18,22,13/10/2025
11579,4,7,13,15,20,13/10/2025
11578,6,10,18,19,24,12/10/2025
11577,2,14,17,20,26,12/10/2025
11576,3,5,17,26,27,11/10/2025
11575,1,14,18,20,23,11/10/2025
11574,2,7,8,20,28,10/10/2025
11573,10,11,22,23,25,10/10/2025
11572,9,12,17,19,26,09/10/2025
11571,2,3,5,13,17,09/10/2025
11570,10,12,19,24,27,08/10/2025
11569,1,2,6,14,16,08/10/2025
11568,5,11,17,21,23,07/10/2025
11567,4,15,17,20,22,07/10/2025
11566,4,6,9,20,24,06/10/2025
11565,9,12,16,24,27,06/10/2025
11564,4,8,15,20,26,05/10/2025
11563,2,13,20,22,27,05/10/2025
11562,4,10,11,12,17,04/10/2025
11561,1,2,13,19,21,04/10/2025
11560,10,11,13,20,25,03/10/2025
11559,1,11,18,21,26,03/10/2025
11558,2,9,14,25,26,02/10/2025
11557,12,15,24,27,28,02/10/2025
11556,11,12,13,22,24,01/10/2025
11555,3,15,19,26,28,01/10/2025
11554,9,14,20,21,23,30/09/2025
11553,4,5,8,16,22,30/09/2025
11552,1,2,11,25,27,29/09/2025
11551,2,4,22,23,25,29/09/2025
11550,5,6,12,15,24,28/09/2025
11549,3,15,20,24,28,28/09/2025
11548,6,10,11,15,20,27/09/2025
11547,5,6,9,23,27,27/09/2025
11546,2,6,11,13,26,26/09/2025
11545,2,3,5,9,10,26/09/2025
11544,1,5,6,16,22,25/09/2025
11543,2,4,14,16,19,25/09/2025
11542,1,5,12,19,28,24/09/2025
11541,8,9,18,21,24,24/09/2025
11540,9,11,17,22,25,23/09/2025
11539,2,7,15,19,27,23/09/2025
11538,3,6,8,16,28,22/09/2025
11537,1,2,15,16,28,22/09/2025
11536,8,11,12,17,26,21/09/2025
11535,7,10,13,14,18,21/09/2025
11534,2,7,13,23,27,20/09/2025
11533,1,19,20,21,28,20/09/2025
11532,4,19,25,27,28,19/09/2025
11531,9,13,15,20,21,19/09/2025
11530,7,13,17,23,24,18/09/2025
11529,10,11,16,18,20,18/09/2025
11528,5,7,14,17,25,17/09/2025
11527,1,10,14,22,28,17/09/2025
11526,10,15,19,23,27,16/09/2025
11525,2,9,17,18,25,16/09/2025
11524,2,19,24,25,27,15/09/2025
11523,2,3,8,18,23,15/09/2025
11522,10,14,17,22,25,14/09/2025
11521,8,11,19,26,28,14/09/2025
11520,3,5,18,21,28,13/09/2025
11519,1,11,12,14,27,13/09/2025
11518,4,5,6,16,23,12/09/2025
11517,2,10,23,24,28,12/09/2025
11516,13,21,22,23,24,11/09/2025
11515,9,19,21,24,25,11/09/2025
11514,1,3,21,22,24,10/09/2025
11513,5,11,12,25,26,10/09/2025
11512,6,8,13,18,19,09/09/2025
11511,19,20,23,24,25,09/09/2025
11510,4,8,12,17,19,08/09/2025
11509,1,3,7,20,21,08/09/2025
11508,9,15,16,23,26,07/09/2025
11507,1,16,19,22,23,07/09/2025
11506,15,16,19,21,25,06/09/2025
11505,2,6,8,25,26,06/09/2025
11504,6,14,20,22,23,05/09/2025
11503,11,13,16,19,26,05/09/2025
11502,9,12,17,21,28,04/09/2025
11501,7,11,19,23,24,04/09/2025
11500,9,10,16,17,25,03/09/2025
11499,3,12,14,16,20,03/09/2025
11498,1,5,6,19,20,02/09/2025
11497,4,8,19,22,27,02/09/2025
11496,4,5,9,10,14,01/09/2025
11495,4,22,24,26,28,01/09/2025
11494,11,12,20,24,25,31/08/2025
11493,9,10,11,19,28,31/08/2025
11492,2,6,8,21,28,30/08/2025
11491,3,10,11,12,19,30/08/2025
11490,5,6,11,26,28,29/08/2025
11489,1,6,8,15,25,29/08/2025
11488,1,6,13,18,24,28/08/2025
11487,3,9,12,15,23,28/08/2025
11486,7,9,11,15,26,27/08/2025
11485,3,4,13,21,28,27/08/2025
11484,5,7,11,16,25,26/08/2025
11483,6,8,16,19,22,26/08/2025
11482,7,16,18,20,28,25/08/2025
11481,7,8,9,15,21,25/08/2025
11480,3,4,14,23,28,24/08/2025
11479,5,12,18,21,26,24/08/2025
11478,4,7,11,15,19,23/08/2025
11477,3,11,22,24,27,23/08/2025
11476,4,10,11,15,21,22/08/2025
11475,8,14,15,19,24,22/08/2025
11474,7,10,13,15,23,21/08/2025
11473,10,13,17,19,20,21/08/2025
11472,4,9,18,20,21,20/08/2025
11471,7,10,11,20,23,20/08/2025
11470,3,6,19,26,28,19/08/2025
11469,3,6,18,20,24,19/08/2025
11468,5,8,20,24,25,18/08/2025
11467,3,6,10,17,28,18/08/2025
11466,8,14,15,16,18,17/08/2025
11465,1,12,13,14,25,17/08/2025
11464,14,18,19,21,23,16/08/2025
11463,7,10,11,12,14,16/08/2025
11462,4,7,10,24,27,15/08/2025
11461,4,6,9,14,23,15/08/2025
11460,9,11,13,16,27,14/08/2025
11459,7,13,15,17,25,14/08/2025
11458,3,6,9,11,25,13/08/2025
11457,7,10,12,13,16,13/08/2025
11456,8,15,22,23,28,12/08/2025
11455,2,4,7,14,27,12/08/2025
11454,11,17,22,26,28,11/08/2025
11453,5,9,15,27,28,11/08/2025
11452,3,9,15,20,21,10/08/2025
11451,1,8,9,23,27,10/08/2025
11450,1,8,22,23,28,09/08/2025
11449,3,9,17,20,24,09/08/2025
11448,2,9,14,15,16,08/08/2025
11447,11,14,15,16,24,08/08/2025
11446,7,16,24,27,28,07/08/2025
11445,9,13,21,26,28,07/08/2025
11444,8,9,18,24,26,06/08/2025
11443,9,10,14,26,28,06/08/2025
11442,15,16,17,25,27,05/08/2025
11441,1,10,11,23,24,05/08/2025
11440,3,4,5,11,12,04/08/2025
11439,6,13,15,18,22,04/08/2025
11438,2,6,15,23,25,03/08/2025
11437,2,4,8,19,28,03/08/2025
11436,5,6,7,17,26,02/08/2025
11435,6,7,8,11,20,02/08/2025
11434,10,14,17,18,27,01/08/2025
11433,9,10,22,26,27,01/08/2025
11432,12,16,18,19,27,31/07/2025
11431,1,3,4,21,26,31/07/2025
11430,6,13,18,22,24,30/07/2025
11429,1,8,11,15,20,30/07/2025
11428,2,13,14,15,18,29/07/2025
11427,5,13,20,21,23,29/07/2025
11426,7,12,13,17,20,28/07/2025
11425,1,7,14,18,20,28/07/2025
11424,3,4,9,26,27,27/07/2025
11423,13,14,19,22,28,27/07/2025
11422,1,10,17,25,26,26/07/2025
11421,5,10,12,13,23,26/07/2025
11420,2,9,22,23,27,25/07/2025
11419,4,10,22,23,28,25/07/2025
11418,4,6,9,18,27,24/07/2025
11417,7,11,14,21,23,24/07/2025
11416,2,4,6,8,12,23/07/2025
11415,4,15,20,22,23,23/07/2025
11414,2,5,9,18,27,22/07/2025
11413,1,10,15,21,27,22/07/2025
11412,3,12,13,16,28,21/07/2025
11411,3,5,8,10,18,21/07/2025
11410,2,5,8,10,11,20/07/2025
11409,1,4,10,21,23,20/07/2025
11408,6,9,14,18,20,19/07/2025
11407,1,8,13,21,25,19/07/2025
11406,5,6,9,14,24,18/07/2025
11405,7,11,21,23,24,18/07/2025
11404,1,4,6,7,21,17/07/2025
11403,8,9,12,18,21,17/07/2025
11402,4,14,15,16,20,16/07/2025
11401,3,6,9,12,15,16/07/2025
11400,1,3,14,20,28,15/07/2025
11399,1,6,12,23,26,15/07/2025
11398,2,6,15,17,28,14/07/2025
11397,1,4,17,22,25,14/07/2025
11396,1,4,19,24,27,13/07/2025
11395,13,19,22,23,24,13/07/2025
11394,2,4,10,24,28,12/07/2025
11393,5,16,17,20,24,12/07/2025
11392,8,22,23,25,28,11/07/2025
11391,7,10,13,16,17,11/07/2025
11390,1,2,8,10,21,10/07/2025
11389,1,10,14,17,25,10/07/2025
11388,1,5,13,17,28,09/07/2025
11387,3,11,19,25,27,09/07/2025
11386,7,9,10,15,19,08/07/2025
11385,3,7,14,26,28,08/07/2025
11384,1,3,23,24,27,07/07/2025
11383,1,3,17,23,26,07/07/2025
11382,6,12,14,24,27,06/07/2025
11381,11,15,16,18,24,06/07/2025
11380,9,11,16,18,25,05/07/2025
11379,1,3,14,20,24,05/07/2025
11378,16,21,23,24,26,04/07/2025
11377,8,13,17,20,24,04/07/2025
11376,4,16,17,24,26,03/07/2025
11375,6,8,10,22,26,03/07/2025
11374,1,4,6,17,28,02/07/2025
11373,1,5,21,24,28,02/07/2025
11372,5,7,16,22,24,01/07/2025
11371,7,16,21,25,27,01/07/2025
11370,1,4,9,12,16,30/06/2025
11369,3,5,9,17,19,30/06/2025
11368,7,10,14,23,25,29/06/2025
11367,12,16,20,24,26,29/06/2025
11366,8,19,23,24,26,28/06/2025
11365,1,7,20,24,28,28/06/2025
11364,3,6,9,14,19,27/06/2025
11363,1,4,6,11,16,27/06/2025
11362,4,10,11,13,25,26/06/2025
11361,4,6,9,12,21,26/06/2025
11360,2,4,15,24,27,25/06/2025
11359,4,18,23,24,26,25/06/2025
11358,2,14,18,19,23,24/06/2025
11357,4,11,15,17,27,24/06/2025
11356,11,13,15,16,20,23/06/2025
11355,7,8,10,11,19,23/06/2025
11354,12,14,24,27,28,22/06/2025
11353,2,7,18,26,28,22/06/2025
11352,4,7,14,15,24,21/06/2025
11351,11,12,14,17,26,21/06/2025
11350,8,14,15,19,26,20/06/2025
11349,4,6,12,15,19,20/06/2025
11348,1,3,9,10,15,19/06/2025
11347,4,5,7,17,22,19/06/2025
11346,3,5,14,19,21,18/06/2025
11345,6,12,14,17,24,18/06/2025
11344,7,10,11,22,28,17/06/2025
11343,5,10,13,17,23,17/06/2025
11342,7,9,12,17,27,16/06/2025
11341,1,6,8,19,20,16/06/2025
11340,1,3,9,11,12,15/06/2025
11339,8,23,25,27,28,15/06/2025
11338,9,14,15,19,27,14/06/2025
11337,1,3,6,8,17,14/06/2025
11336,1,8,11,18,19,13/06/2025
11335,11,12,14,18,25,13/06/2025
11334,3,8,9,10,24,12/06/2025
11333,3,11,16,25,26,12/06/2025
11332,2,9,11,17,19,11/06/2025
11331,2,12,13,15,18,11/06/2025
11330,4,17,18,25,28,10/06/2025
11329,2,9,12,13,22,10/06/2025
11328,10,13,18,20,24,09/06/2025
11327,2,7,15,18,26,09/06/2025
11326,2,4,15,21,27,08/06/2025
11325,3,5,13,17,28,08/06/2025
11324,4,8,10,23,26,07/06/2025
11323,1,5,11,15,17,07/06/2025
11322,4,15,18,20,21,06/06/2025
11321,7,14,23,25,27,06/06/2025
11320,2,9,11,22,23,05/06/2025
11319,1,10,16,18,28,05/06/2025
11318,1,8,21,22,27,04/06/2025
11317,2,4,6,8,19,04/06/2025
11316,1,7,17,20,26,03/06/2025
11315,1,2,5,8,19,03/06/2025
11314,4,5,8,11,18,02/06/2025
11313,8,9,10,18,23,02/06/2025
11312,13,18,19,23,27,01/06/2025
11311,1,4,9,11,14,01/06/2025
11310,2,6,12,13,24,31/05/2025
11309,9,17,20,21,27,31/05/2025
11308,2,5,17,19,26,30/05/2025
11307,1,4,8,17,26,30/05/2025
11306,4,11,20,22,28,29/05/2025
11305,2,7,15,20,22,29/05/2025
11304,16,18,20,24,26,28/05/2025
11303,2,5,7,15,18,28/05/2025
11302,4,5,13,14,16,27/05/2025
11301,11,12,17,22,23,27/05/2025
11300,8,10,13,15,17,26/05/2025
11299,1,5,13,16,24,26/05/2025
11298,14,20,21,23,28,25/05/2025
11297,12,16,19,22,26,25/05/2025
11296,2,11,15,17,28,24/05/2025
11295,2,20,26,27,28,24/05/2025
11294,4,13,20,22,23,23/05/2025
11293,1,12,22,25,26,23/05/2025
11292,1,18,25,26,27,22/05/2025
11291,8,9,11,19,26,22/05/2025
11290,1,12,14,15,17,21/05/2025
11289,7,13,15,19,20,21/05/2025
11288,2,4,9,15,17,20/05/2025
11287,4,6,11,20,26,20/05/2025
11286,1,5,9,12,24,19/05/2025
11285,2,3,7,8,25,19/05/2025
11284,4,15,16,21,24,18/05/2025
11283,1,12,19,21,24,18/05/2025
11282,3,13,19,23,25,17/05/2025
11281,1,6,23,24,25,17/05/2025
11280,12,13,15,18,27,16/05/2025
11279,3,16,19,20,23,16/05/2025
11278,6,11,15,24,26,15/05/2025
11277,14,19,22,24,25,15/05/2025
11276,1,5,9,23,27,14/05/2025
11275,2,3,15,20,25,14/05/2025
11274,5,10,14,19,28,13/05/2025
11273,9,10,13,19,22,13/05/2025
11272,3,15,16,19,25,12/05/2025
11271,6,8,10,21,23,12/05/2025
11270,2,5,15,24,28,11/05/2025
11269,10,11,15,23,25,11/05/2025
11268,1,7,19,25,27,10/05/2025
11267,5,13,19,21,24,10/05/2025
11266,5,12,21,22,24,09/05/2025
11265,5,12,15,19,25,09/05/2025
11264,2,8,12,24,25,08/05/2025
11263,5,15,19,23,27,08/05/2025
11262,3,6,13,22,23,07/05/2025
11261,4,8,9,14,26,07/05/2025
11260,6,21,22,23,28,06/05/2025
11259,3,6,9,24,27,06/05/2025
11258,2,9,13,17,21,05/05/2025
11257,4,14,17,20,24,05/05/2025
11256,9,11,13,14,19,04/05/2025
11255,6,8,15,19,26,04/05/2025
11254,2,4,9,15,17,03/05/2025
11253,6,9,17,20,22,03/05/2025
11252,6,7,25,27,28,02/05/2025
11251,7,9,10,13,24,02/05/2025
11250,3,8,11,16,27,01/05/2025
11249,7,10,17,18,20,01/05/2025
11248,3,7,13,15,16,30/04/2025
11247,7,13,20,22,26,30/04/2025
11246,6,9,10,19,24,29/04/2025
11245,8,14,15,18,19,29/04/2025
11244,7,15,19,23,25,28/04/2025
11243,4,10,11,23,28,28/04/2025
11242,6,7,12,20,24,27/04/2025
11241,5,10,12,18,20,27/04/2025
11240,4,9,14,20,24,26/04/2025
11239,14,16,26,27,28,26/04/2025
11238,5,15,21,27,28,25/04/2025
11237,6,12,14,23,24,25/04/2025
11236,5,11,15,16,23,24/04/2025
11235,3,13,14,16,21,24/04/2025
11234,6,18,19,22,24,23/04/2025
11233,6,10,23,26,27,23/04/2025
11232,1,6,11,14,20,22/04/2025
11231,3,13,18,21,28,22/04/2025
11230,7,9,10,22,23,21/04/2025
11229,5,6,10,27,28,21/04/2025
11228,5,12,19,20,28,20/04/2025
11227,2,8,14,18,27,20/04/2025
11226,2,3,8,9,22,19/04/2025
11225,13,14,18,20,28,19/04/2025
11224,3,4,9,15,24,18/04/2025
11223,16,17,20,24,28,18/04/2025
11222,3,5,10,12,22,17/04/2025
11221,2,3,6,18,21,17/04/2025
11220,1,8,11,16,17,16/04/2025
11219,5,9,18,19,25,16/04/2025
11218,3,6,17,22,24,15/04/2025
11217,2,4,5,20,26,15/04/2025
11216,3,9,12,19,23,14/04/2025
11215,1,16,19,21,25,14/04/2025
11214,6,7,14,21,22,13/04/2025
11213,1,5,7,11,15,13/04/2025
11212,18,19,22,23,25,12/04/2025
11211,1,5,6,17,21,12/04/2025
11210,4,10,15,24,26,11/04/2025
11209,8,16,17,22,27,11/04/2025
11208,3,8,18,20,22,10/04/2025
11207,6,9,14,23,27,10/04/2025
11206,6,8,11,12,24,09/04/2025
11205,2,7,14,18,25,09/04/2025
11204,5,8,17,19,21,08/04/2025
11203,2,8,20,22,27,08/04/2025
11202,3,4,10,16,18,07/04/2025
11201,6,7,16,23,27,07/04/2025
11200,2,3,17,19,25,06/04/2025
11199,8,16,17,18,27,06/04/2025
11198,2,3,19,25,28,05/04/2025
11197,15,18,21,24,27,05/04/2025
11196,2,3,9,17,19,04/04/2025
11195,17,20,22,23,26,04/04/2025
11194,8,17,18,21,25,03/04/2025
11193,7,11,19,21,24,03/04/2025
11192,1,3,7,14,21,02/04/2025
11191,1,5,6,18,25,02/04/2025
11190,17,19,21,26,27,01/04/2025
11189,7,17,21,24,26,01/04/2025
11188,1,20,21,23,25,31/03/2025
11187,7,8,13,16,20,31/03/2025
11186,3,8,21,23,27,30/03/2025
11185,3,16,17,23,28,30/03/2025
11184,9,10,12,20,26,29/03/2025
11183,6,8,19,22,26,29/03/2025
11182,7,14,19,21,28,28/03/2025
11181,3,7,17,22,26,28/03/2025
11180,3,9,12,17,22,27/03/2025
11179,3,21,22,23,28,27/03/2025
11178,6,10,13,16,17,26/03/2025
11177,12,15,21,23,28,26/03/2025
11176,2,7,8,10,13,25/03/2025
11175,5,7,9,25,26,25/03/2025
11174,7,16,22,27,28,24/03/2025
11173,1,8,9,10,27,24/03/2025
11172,4,18,19,21,28,23/03/2025
11171,10,11,12,17,28,23/03/2025
11170,2,14,17,26,28,22/03/2025
11169,5,12,13,16,19,22/03/2025
11168,5,12,17,19,28,21/03/2025
11167,4,7,12,20,28,21/03/2025
11166,2,8,15,18,28,20/03/2025
11165,15,19,22,23,25,20/03/2025
11164,2,5,8,21,28,19/03/2025
11163,4,15,19,24,27,19/03/2025
11162,3,4,6,19,28,18/03/2025
11161,4,9,11,19,24,18/03/2025
11160,1,5,7,13,19,17/03/2025
11159,11,15,25,27,28,17/03/2025
11158,10,19,22,24,26,16/03/2025
11157,1,11,15,17,28,16/03/2025
11156,5,10,13,24,26,15/03/2025
11155,1,4,7,20,23,15/03/2025
11154,9,13,17,22,27,14/03/2025
11153,2,17,22,26,27,14/03/2025
11152,8,10,13,18,22,13/03/2025
11151,9,14,16,18,26,13/03/2025
11150,8,13,16,22,26,12/03/2025
11149,4,9,13,15,22,12/03/2025
11148,5,8,12,14,24,11/03/2025
11147,1,5,13,16,17,11/03/2025
11146,3,8,10,15,28,10/03/2025
11145,6,8,15,22,28,10/03/2025
11144,11,16,20,23,27,09/03/2025
11143,11,17,19,20,24,09/03/2025
11142,6,16,22,27,28,08/03/2025
11141,2,6,14,16,27,08/03/2025
11140,14,15,16,20,23,07/03/2025
11139,8,11,13,14,27,07/03/2025
11138,1,12,13,16,27,06/03/2025
11137,2,6,16,21,26,06/03/2025
11136,1,8,15,26,28,05/03/2025
11135,9,10,14,25,27,05/03/2025
11134,12,22,25,26,28,04/03/2025
11133,9,11,13,19,28,04/03/2025
11132,1,4,9,13,27,03/03/2025
11131,1,4,8,20,21,03/03/2025
11130,1,2,6,8,20,02/03/2025
11129,6,8,14,15,19,02/03/2025
11128,2,3,5,13,17,01/03/2025
11127,15,18,21,27,28,01/03/2025
11126,1,8,9,12,14,28/02/2025
11125,3,8,24,27,28,28/02/2025
11124,8,13,24,27,28,27/02/2025
11123,21,22,23,27,28,27/02/2025
11122,5,13,16,21,24,26/02/2025
11121,1,4,5,13,14,26/02/2025
11120,10,15,21,24,27,25/02/2025
11119,11,15,19,25,26,25/02/2025
11118,9,13,16,17,21,24/02/2025
11117,1,3,7,12,14,24/02/2025
11116,4,6,7,16,27,23/02/2025
11115,1,8,9,10,11,23/02/2025
11114,2,4,13,24,27,22/02/2025
11113,3,4,12,20,27,22/02/2025
11112,4,8,9,11,15,21/02/2025
11111,4,5,7,12,19,21/02/2025
11110,12,13,14,20,26,20/02/2025
11109,3,8,13,15,25,20/02/2025
11108,1,9,11,16,28,19/02/2025
11107,2,20,26,27,28,19/02/2025
11106,2,5,13,14,21,18/02/2025
11105,3,6,9,13,24,18/02/2025
11104,1,3,5,19,23,17/02/2025
11103,2,5,17,21,22,17/02/2025
11102,6,14,24,25,27,16/02/2025
11101,1,4,13,14,28,16/02/2025
11100,5,11,18,24,25,15/02/2025
11099,3,10,15,19,25,15/02/2025
11098,1,10,12,14,18,14/02/2025
11097,5,9,13,26,28,14/02/2025
11096,1,2,3,13,14,13/02/2025
11095,3,5,6,22,27,13/02/2025
11094,7,10,11,24,25,12/02/2025
11093,1,2,3,9,25,12/02/2025
11092,2,4,6,15,26,11/02/2025
11091,2,9,15,23,27,11/02/2025
11090,4,8,13,21,26,10/02/2025
11089,11,12,13,15,22,10/02/2025
11088,7,14,15,16,21,09/02/2025
11087,4,20,22,23,25,09/02/2025
11086,7,8,14,20,25,08/02/2025
11085,3,5,17,20,27,08/02/2025
11084,4,9,13,15,24,07/02/2025
11083,1,17,18,20,25,07/02/2025
11082,6,12,15,18,28,06/02/2025
11081,2,14,18,19,23,06/02/2025
11080,2,12,15,26,27,05/02/2025
11079,6,8,11,21,28,05/02/2025
11078,2,11,21,22,23,04/02/2025
11077,12,13,19,21,26,04/02/2025
11076,1,2,10,16,24,03/02/2025
11075,1,4,18,20,22,03/02/2025
11074,4,17,21,22,25,02/02/2025
11073,13,14,15,22,26,02/02/2025
11072,1,4,10,19,27,01/02/2025
11071,2,4,10,21,28,01/02/2025
11070,1,4,15,23,25,31/01/2025
11069,4,9,10,14,15,31/01/2025
11068,7,10,15,26,28,30/01/2025
11067,4,5,15,18,22,30/01/2025
11066,1,6,10,14,28,29/01/2025
11065,1,2,14,17,24,29/01/2025
11064,4,6,17,20,23,28/01/2025
11063,4,5,13,15,28,28/01/2025
11062,1,3,14,22,23,27/01/2025
11061,1,5,8,16,22,27/01/2025
11060,5,6,14,22,23,26/01/2025
11059,2,13,19,20,21,26/01/2025
11058,1,9,23,24,27,25/01/2025
11057,2,3,6,22,27,25/01/2025
11056,2,12,14,22,28,24/01/2025
11055,2,7,14,23,26,24/01/2025
11054,5,7,8,10,20,23/01/2025
11053,2,5,12,18,24,23/01/2025
11052,3,6,9,20,22,22/01/2025
11051,4,10,14,17,20,22/01/2025
11050,6,12,16,20,22,21/01/2025
11049,1,6,12,21,27,21/01/2025
11048,6,16,23,26,27,20/01/2025
11047,2,13,22,23,28,20/01/2025
11046,7,11,16,17,26,19/01/2025
11045,2,5,8,12,26,19/01/2025
11044,3,7,20,21,27,18/01/2025
11043,11,14,22,25,28,18/01/2025
11042,1,3,12,14,21,17/01/2025
11041,1,17,22,23,27,17/01/2025
11040,5,6,10,19,27,16/01/2025
11039,9,12,23,25,26,16/01/2025
11038,3,5,12,25,27,15/01/2025
11037,5,7,12,18,25,15/01/2025
11036,3,4,22,24,26,14/01/2025
11035,3,4,9,15,24,14/01/2025
11034,1,3,4,9,26,13/01/2025
11033,2,17,19,20,21,13/01/2025
11032,4,13,21,26,28,12/01/2025
11031,3,8,10,14,28,12/01/2025
11030,2,11,13,20,21,11/01/2025
11029,12,14,16,18,24,11/01/2025
11028,7,11,15,24,26,10/01/2025
11027,9,19,21,26,28,10/01/2025
11026,1,9,19,22,25,09/01/2025
11025,2,3,10,22,27,09/01/2025
11024,2,17,23,26,27,08/01/2025
11023,4,8,13,17,26,08/01/2025
11022,4,6,10,16,28,07/01/2025
11021,4,7,8,25,26,07/01/2025
11020,6,7,9,16,22,06/01/2025
11019,8,10,15,17,20,06/01/2025
11018,14,16,20,21,25,05/01/2025
11017,2,4,17,26,28,05/01/2025
11016,1,2,10,18,21,04/01/2025
11015,8,18,20,21,27,04/01/2025
11014,9,12,24,25,28,03/01/2025
11013,6,11,14,16,27,03/01/2025
11012,1,13,18,22,28,02/01/2025
11011,2,9,14,17,18,02/01/2025
11010,5,11,12,14,27,01/01/2025
11009,1,4,5,15,23,01/01/2025
11008,2,19,22,25,28,31/12/2024
11007,6,11,22,26,28,31/12/2024
11006,6,11,21,27,28,30/12/2024
11005,1,7,15,18,19,30/12/2024
11004,2,9,20,23,27,29/12/2024
11003,1,11,21,22,28,29/12/2024
11002,10,14,16,22,27,28/12/2024
11001,7,13,17,20,21,28/12/2024
11000,2,5,9,19,21,27/12/2024
10999,8,13,16,26,27,27/12/2024
10998,4,8,10,21,22,26/12/2024
10997,5,6,18,23,27,26/12/2024
10996,4,5,12,15,17,25/12/2024
10995,1,2,8,16,26,25/12/2024
10994,4,7,12,22,24,24/12/2024
10993,12,17,19,25,26,24/12/2024
10992,12,19,21,24,25,23/12/2024
10991,6,9,11,17,22,23/12/2024
10990,1,8,17,26,27,22/12/2024
10989,2,9,16,18,20,22/12/2024
10988,9,14,18,19,27,21/12/2024
10987,3,6,15,18,24,21/12/2024
10986,4,7,9,13,28,20/12/2024
10985,5,6,12,24,25,20/12/2024
10984,4,8,9,22,24,19/12/2024
10983,7,18,21,24,28,19/12/2024
10982,7,16,23,25,27,18/12/2024
10981,14,22,24,25,28,18/12/2024
10980,7,12,20,25,28,17/12/2024
10979,12,18,19,22,26,17/12/2024
10978,6,7,10,14,15,16/12/2024
10977,3,18,20,25,26,16/12/2024
10976,1,10,17,19,24,15/12/2024
10975,8,16,19,25,28,15/12/2024
10974,2,5,14,21,23,14/12/2024
10973,10,17,23,24,25,14/12/2024
10972,2,20,21,26,28,13/12/2024
10971,3,6,18,22,23,13/12/2024
10970,8,10,20,24,25,12/12/2024
10969,2,3,5,7,10,12/12/2024
10968,6,12,15,16,23,11/12/2024
10967,1,3,6,11,28,11/12/2024
10966,1,11,13,24,28,10/12/2024
10965,2,11,13,20,26,10/12/2024
10964,1,5,8,17,25,09/12/2024
10963,3,6,10,11,18,09/12/2024
10962,6,9,13,15,16,08/12/2024
10961,4,5,13,20,21,08/12/2024
10960,4,15,22,23,28,07/12/2024
10959,4,11,22,23,26,07/12/2024
10958,4,10,16,24,25,06/12/2024
10957,1,3,19,21,26,06/12/2024
10956,2,14,22,25,28,05/12/2024
10955,7,19,21,22,24,05/12/2024
10954,2,9,13,21,26,04/12/2024
10953,4,7,8,9,22,04/12/2024
10952,8,10,11,16,22,03/12/2024
10951,6,8,12,23,25,03/12/2024
10950,3,11,15,19,25,02/12/2024
10949,2,6,16,21,22,02/12/2024
10948,8,11,13,22,28,01/12/2024
10947,14,15,16,20,28,01/12/2024
10946,6,8,17,20,26,30/11/2024
10945,2,9,12,15,18,30/11/2024
10944,2,18,21,24,27,29/11/2024
10943,14,16,19,20,24,29/11/2024
10942,14,15,22,25,26,28/11/2024
10941,11,12,20,24,27,28/11/2024
10940,1,3,5,6,8,27/11/2024
10939,1,3,4,11,16,27/11/2024
10938,1,3,5,17,19,26/11/2024
10937,3,10,18,25,28,26/11/2024
10936,2,11,19,25,27,25/11/2024
10935,5,7,8,9,21,25/11/2024
10934,1,2,4,12,26,24/11/2024
10933,3,5,11,21,26,24/11/2024
10932,8,10,13,23,27,23/11/2024
10931,5,7,21,24,27,23/11/2024
10930,2,10,13,16,23,22/11/2024
10929,7,9,19,22,26,22/11/2024
10928,1,3,12,20,23,21/11/2024
10927,8,12,17,20,26,21/11/2024
10926,6,17,20,23,24,20/11/2024
10925,3,8,13,20,21,20/11/2024
10924,5,7,8,22,24,19/11/2024
10923,1,5,21,23,25,19/11/2024
10922,2,12,14,21,22,18/11/2024
10921,8,10,12,26,28,18/11/2024
10920,2,11,17,18,23,17/11/2024
10919,9,10,11,21,23,17/11/2024
10918,1,2,3,10,11,16/11/2024
10917,6,9,16,20,23,16/11/2024
10916,3,6,11,17,18,15/11/2024
10915,5,6,16,19,27,15/11/2024
10914,5,6,8,9,17,14/11/2024
10913,2,4,7,16,22,14/11/2024
10912,2,3,4,22,23,13/11/2024
10911,3,4,12,14,26,13/11/2024
10910,11,15,18,25,27,12/11/2024
10909,2,7,9,13,15,12/11/2024
10908,5,6,8,16,19,11/11/2024
10907,3,4,12,14,23,11/11/2024
10906,5,6,14,27,28,10/11/2024
10905,1,2,7,15,24,10/11/2024
10904,4,8,10,15,25,09/11/2024
10903,15,20,21,23,26,09/11/2024
10902,6,9,13,17,18,08/11/2024
10901,4,10,13,18,28,08/11/2024
10900,4,5,10,14,25,07/11/2024
10899,9,13,15,19,27,07/11/2024
10898,2,9,11,21,23,06/11/2024
10897,5,11,13,16,27,06/11/2024
10896,3,5,8,12,23,05/11/2024
10895,1,5,12,19,21,05/11/2024
10894,2,16,17,18,21,04/11/2024
10893,4,5,12,25,26,04/11/2024
10892,2,3,11,17,21,03/11/2024
10891,10,12,16,20,27,03/11/2024
10890,3,6,12,22,23,02/11/2024
10889,3,5,9,21,28,02/11/2024
10888,1,9,17,19,20,01/11/2024
10887,3,4,14,22,28,01/11/2024
10886,7,9,12,18,24,31/10/2024
10885,1,8,15,16,24,31/10/2024
10884,1,19,21,24,26,30/10/2024
10883,10,12,23,25,26,30/10/2024
10882,9,10,14,18,20,29/10/2024
10881,8,16,18,21,26,29/10/2024
10880,2,4,9,17,22,28/10/2024
10879,7,8,11,12,28,28/10/2024
10878,1,8,12,14,21,27/10/2024
10877,3,4,6,19,25,27/10/2024
10876,4,18,20,21,28,26/10/2024
10875,5,7,12,16,24,26/10/2024
10874,10,14,16,22,24,25/10/2024
10873,10,13,16,17,26,25/10/2024
10872,1,10,12,16,23,24/10/2024
10871,15,18,23,27,28,24/10/2024
10870,1,2,9,15,21,23/10/2024
10869,1,7,16,22,24,23/10/2024
10868,1,5,13,25,26,22/10/2024
10867,2,5,20,21,22,22/10/2024
10866,2,6,13,16,27,21/10/2024
10865,3,5,6,9,14,21/10/2024
10864,5,9,10,21,27,20/10/2024
10863,1,10,18,20,21,20/10/2024
10862,5,6,22,25,28,19/10/2024
10861,5,9,21,22,28,19/10/2024
10860,2,5,9,17,21,18/10/2024
10859,1,13,18,20,27,18/10/2024
10858,8,10,23,25,27,17/10/2024
10857,3,8,20,21,25,17/10/2024
10856,11,15,17,21,27,16/10/2024
10855,3,4,6,16,26,16/10/2024
10854,3,4,15,17,19,15/10/2024
10853,10,11,20,22,25,15/10/2024
10852,4,9,14,19,23,14/10/2024
10851,1,15,17,21,28,14/10/2024
10850,6,11,18,21,25,13/10/2024
10849,3,7,8,15,26,13/10/2024
10848,1,4,5,18,22,12/10/2024
10847,5,12,14,16,17,12/10/2024
10846,10,14,15,20,27,11/10/2024
10845,3,4,5,11,25,11/10/2024
10844,8,9,12,16,28,10/10/2024
10843,20,22,23,25,27,10/10/2024
10842,4,6,9,15,27,09/10/2024
10841,3,5,9,20,22,09/10/2024
10840,3,10,11,15,17,08/10/2024
10839,7,13,14,23,26,08/10/2024
10838,3,11,15,19,26,07/10/2024
10837,1,6,12,13,20,07/10/2024
10836,1,2,10,15,23,06/10/2024
10835,5,6,14,22,23,06/10/2024
10834,1,3,8,17,27,05/10/2024
10833,1,4,14,20,27,05/10/2024
10832,2,16,20,25,27,04/10/2024
10831,1,2,5,7,21,04/10/2024
10830,8,12,14,27,28,03/10/2024
10829,7,10,11,15,25,03/10/2024
10828,7,8,21,23,25,02/10/2024
10827,3,7,18,22,24,02/10/2024
10826,14,19,22,24,28,01/10/2024
10825,10,17,18,20,27,01/10/2024
10824,5,7,9,15,28,30/09/2024
10823,11,14,15,20,24,30/09/2024
10822,8,15,16,22,25,29/09/2024
10821,3,6,10,15,19,29/09/2024
10820,6,18,19,20,23,28/09/2024
10819,20,22,23,25,27,28/09/2024
10818,2,12,16,19,27,27/09/2024
10817,6,8,14,21,28,27/09/2024
10816,5,7,8,16,19,26/09/2024
10815,10,12,16,26,27,26/09/2024
10814,1,7,11,24,28,25/09/2024
10813,1,4,20,21,23,25/09/2024
10812,19,20,23,25,27,24/09/2024
10811,1,4,15,16,26,24/09/2024
10810,6,7,9,10,22,23/09/2024
10809,10,13,18,22,26,23/09/2024
10808,1,3,8,17,20,22/09/2024
10807,12,14,16,18,26,22/09/2024
10806,5,9,16,20,23,21/09/2024
10805,1,5,6,10,24,21/09/2024
10804,2,3,7,10,25,20/09/2024
10803,12,17,23,25,26,20/09/2024
10802,4,7,9,13,14,19/09/2024
10801,8,14,22,23,24,19/09/2024
10800,3,7,9,14,23,18/09/2024
10799,7,11,17,20,21,18/09/2024
10798,10,15,23,25,27,17/09/2024
10797,17,20,24,26,28,17/09/2024
10796,14,17,20,22,24,16/09/2024
10795,2,8,19,23,27,16/09/2024
10794,1,2,9,15,17,15/09/2024
10793,14,16,17,22,25,15/09/2024
10792,5,14,19,26,28,14/09/2024
10791,4,11,15,16,18,14/09/2024
10790,7,17,19,22,24,13/09/2024
10789,2,9,10,23,24,13/09/2024
10788,6,12,15,21,28,12/09/2024
10787,1,5,19,22,27,12/09/2024
10786,3,8,16,27,28,11/09/2024
10785,7,12,19,22,26,11/09/2024
10784,3,5,14,18,22,10/09/2024
10783,6,10,13,14,27,10/09/2024
10782,7,17,24,26,28,09/09/2024
10781,7,12,16,20,25,09/09/2024
10780,2,15,17,22,28,08/09/2024
10779,7,13,17,18,27,08/09/2024
10778,5,7,9,12,20,07/09/2024
10777,6,8,10,12,22,07/09/2024
10776,5,9,12,16,20,06/09/2024
10775,2,10,17,25,26,06/09/2024
10774,7,13,16,18,26,05/09/2024
10773,4,5,15,20,23,05/09/2024
10772,1,8,14,17,25,04/09/2024
10771,5,8,15,21,27,04/09/2024
10770,7,8,12,23,25,03/09/2024
10769,1,7,16,20,26,03/09/2024
10768,2,10,22,23,27,02/09/2024
10767,4,11,15,17,23,02/09/2024
10766,1,10,16,25,26,01/09/2024
10765,2,8,20,22,27,01/09/2024
10764,12,13,17,21,23,31/08/2024
10763,2,5,7,8,11,31/08/2024
10762,1,3,4,10,12,30/08/2024
10761,6,10,22,24,28,30/08/2024
10760,13,20,25,26,27,29/08/2024
10759,6,7,13,18,28,29/08/2024
10758,3,11,14,16,25,28/08/2024
10757,2,12,13,19,28,28/08/2024
10756,1,2,10,12,21,27/08/2024
10755,1,3,4,10,14,27/08/2024
10754,5,14,17,18,24,26/08/2024
10753,1,7,11,13,21,26/08/2024
10752,2,10,12,17,18,25/08/2024
10751,8,9,17,21,23,25/08/2024
10750,9,12,13,17,23,24/08/2024
10749,9,10,14,16,19,24/08/2024
10748,1,13,17,19,22,23/08/2024
10747,4,13,15,21,28,23/08/2024
10746,4,17,19,20,26,22/08/2024
10745,3,5,6,12,14,22/08/2024
10744,2,11,13,14,20,21/08/2024
10743,1,3,8,12,16,21/08/2024
10742,3,9,10,15,28,20/08/2024
10741,1,2,6,13,18,20/08/2024
10740,10,17,19,23,28,19/08/2024
10739,10,14,15,20,25,19/08/2024
10738,3,4,17,22,23,18/08/2024
10737,1,7,11,13,24,18/08/2024
10736,10,14,16,22,28,17/08/2024
10735,4,11,15,17,19,17/08/2024
10734,6,9,10,15,21,16/08/2024
10733,11,14,16,26,27,16/08/2024
10732,3,14,15,16,23,15/08/2024
10731,1,9,12,15,20,15/08/2024
10730,4,7,17,22,23,14/08/2024
10729,8,9,10,13,20,14/08/2024
10728,2,5,9,12,19,13/08/2024
10727,3,5,13,18,23,13/08/2024
10726,18,20,23,24,28,12/08/2024
10725,14,20,22,24,28,12/08/2024
10724,8,14,16,23,25,11/08/2024
10723,5,8,19,20,27,11/08/2024
10722,3,9,14,23,25,10/08/2024
10721,3,6,15,16,27,10/08/2024
10720,5,9,12,16,23,09/08/2024
10719,2,8,11,12,22,09/08/2024
10718,10,14,15,17,18,08/08/2024
10717,1,4,7,10,22,08/08/2024
10716,1,8,9,15,24,07/08/2024
10715,7,14,26,27,28,07/08/2024
10714,1,8,17,24,27,06/08/2024
10713,7,11,15,17,22,06/08/2024
10712,2,6,7,11,21,05/08/2024
10711,3,5,10,13,22,05/08/2024
10710,1,9,13,20,26,04/08/2024
10709,1,9,16,19,23,04/08/2024
10708,1,2,6,9,23,03/08/2024
10707,3,12,16,17,23,03/08/2024
10706,4,6,15,18,28,02/08/2024
10705,5,19,22,24,25,02/08/2024
10704,1,8,12,24,26,01/08/2024
10703,8,13,14,18,28,01/08/2024
10702,3,11,16,23,24,31/07/2024
10701,4,5,15,25,28,31/07/2024
10700,12,15,18,23,27,30/07/2024
10699,7,9,18,26,27,30/07/2024
10698,3,9,15,24,25,29/07/2024
10697,11,13,15,20,22,29/07/2024
10696,7,10,14,15,16,28/07/2024
10695,1,4,7,16,21,28/07/2024
10694,4,15,17,19,21,27/07/2024
10693,10,15,16,19,25,27/07/2024
10692,2,10,18,20,27,26/07/2024
10691,4,6,11,23,27,26/07/2024
10690,2,8,15,18,19,25/07/2024
10689,1,3,7,20,23,25/07/2024
10688,4,5,11,25,28,24/07/2024
10687,2,10,12,21,23,24/07/2024
10686,1,5,9,22,27,23/07/2024
10685,2,3,4,9,27,23/07/2024
10684,1,8,14,26,28,22/07/2024
10683,3,10,17,18,28,22/07/2024
10682,4,6,13,27,28,21/07/2024
10681,5,6,10,12,20,21/07/2024
10680,8,10,15,18,20,20/07/2024
10679,7,13,14,20,25,20/07/2024
10678,2,5,10,12,22,19/07/2024
10677,15,19,21,22,25,19/07/2024
10676,1,3,10,14,26,18/07/2024
10675,3,7,10,11,19,18/07/2024
10674,1,17,18,22,28,17/07/2024
10673,5,13,16,20,25,17/07/2024
10672,9,12,15,22,27,16/07/2024
10671,1,6,8,18,21,16/07/2024
10670,7,10,11,17,18,15/07/2024
10669,4,5,16,21,26,15/07/2024
10668,9,10,14,16,26,14/07/2024
10667,1,2,9,21,26,14/07/2024
10666,3,6,17,22,27,13/07/2024
10665,4,6,9,14,24,13/07/2024
10664,11,18,20,22,24,12/07/2024
10663,1,6,16,18,23,12/07/2024
10662,5,13,21,23,25,11/07/2024
10661,7,17,20,23,24,11/07/2024
10660,1,8,15,16,20,10/07/2024
10659,9,17,19,21,26,10/07/2024
10658,7,10,21,22,25,09/07/2024
10657,7,14,17,20,27,09/07/2024
10656,9,10,14,20,25,08/07/2024
10655,9,10,23,26,28,08/07/2024
10654,3,9,19,24,27,07/07/2024
10653,4,9,12,22,24,07/07/2024
10652,1,5,14,19,28,06/07/2024
10651,2,12,22,25,27,06/07/2024
10650,4,13,14,19,25,05/07/2024
10649,2,9,10,22,23,05/07/2024
10648,6,12,22,25,26,04/07/2024
10647,3,6,22,26,28,04/07/2024
10646,5,10,18,24,26,03/07/2024
10645,2,4,9,17,18,03/07/2024
10644,4,8,16,24,25,02/07/2024
10643,4,10,14,20,26,02/07/2024
10642,2,3,5,11,18,01/07/2024
10641,1,3,17,21,28,01/07/2024
10640,6,15,19,20,28,30/06/2024
10639,7,14,18,19,23,30/06/2024
10638,4,17,21,22,23,29/06/2024
10637,1,3,4,5,14,29/06/2024
10636,13,21,24,27,28,28/06/2024
10635,5,6,11,12,16,28/06/2024
10634,3,9,12,14,22,27/06/2024
10633,1,8,13,19,26,27/06/2024
10632,1,3,17,23,24,26/06/2024
10631,6,11,18,21,26,26/06/2024
10630,1,3,5,17,18,25/06/2024
10629,5,16,20,24,28,25/06/2024
10628,1,5,7,8,17,24/06/2024
10627,6,8,10,18,22,24/06/2024
10626,9,10,15,17,19,23/06/2024
10625,1,5,6,14,15,23/06/2024
10624,5,8,10,14,17,22/06/2024
10623,10,13,19,22,28,22/06/2024
10622,5,14,15,18,26,21/06/2024
10621,3,5,11,23,27,21/06/2024
10620,5,8,13,22,23,20/06/2024
10619,2,3,12,26,28,20/06/2024
10618,5,9,18,24,27,19/06/2024
10617,6,21,23,27,28,19/06/2024
10616,11,12,13,19,25,18/06/2024
10615,7,15,22,26,27,18/06/2024
10614,2,6,10,23,28,17/06/2024
10613,4,6,11,22,25,17/06/2024
10612,2,4,9,15,27,16/06/2024
10611,2,5,7,13,17,16/06/2024
10610,6,17,19,24,26,15/06/2024
10609,3,4,10,12,17,15/06/2024
10608,2,6,11,12,28,14/06/2024
10607,7,11,24,25,28,14/06/2024
10606,2,11,22,25,26,13/06/2024
10605,4,14,22,23,26,13/06/2024
10604,7,13,14,22,23,12/06/2024
10603,4,8,9,22,26,12/06/2024
10602,8,12,13,15,25,11/06/2024
10601,5,6,15,22,27,11/06/2024
10600,18,22,23,25,28,10/06/2024
10599,3,5,18,22,27,10/06/2024
10598,2,11,15,21,25,09/06/2024
10597,4,7,13,14,26,09/06/2024
10596,4,9,15,22,28,08/06/2024
10595,1,9,14,18,28,08/06/2024
10594,2,7,9,19,22,07/06/2024
10593,2,15,17,18,27,07/06/2024
10592,7,12,16,17,18,06/06/2024
10591,10,18,24,27,28,06/06/2024
10590,10,13,16,18,23,05/06/2024
10589,9,22,23,26,28,05/06/2024
10588,2,4,18,23,28,04/06/2024
10587,9,12,16,25,26,04/06/2024
10586,6,12,24,25,26,03/06/2024
10585,6,12,18,22,23,03/06/2024
10584,12,18,19,22,28,02/06/2024
10583,2,4,11,14,17,02/06/2024
10582,12,22,25,26,27,01/06/2024
10581,5,15,22,23,25,01/06/2024
10580,6,13,22,25,27,31/05/2024
10579,6,12,13,16,17,31/05/2024
10578,1,10,17,21,28,30/05/2024
10577,4,10,13,24,27,30/05/2024
10576,3,7,12,16,18,29/05/2024
10575,8,10,11,21,25,29/05/2024
10574,9,10,13,22,23,28/05/2024
10573,4,5,9,20,22,28/05/2024
10572,3,5,13,20,23,27/05/2024
10571,1,3,5,19,26,27/05/2024
10570,1,5,10,13,20,26/05/2024
10569,2,5,18,23,27,26/05/2024
10568,1,2,6,10,25,25/05/2024
10567,3,8,12,17,22,25/05/2024
10566,6,8,10,13,28,24/05/2024
10565,1,8,19,22,27,24/05/2024
10564,4,10,11,15,21,23/05/2024
10563,1,2,8,9,17,23/05/2024
10562,3,5,9,14,18,22/05/2024
10561,1,7,13,15,23,22/05/2024
10560,3,5,13,19,25,21/05/2024
10559,3,5,16,18,28,21/05/2024
10558,3,13,16,21,24,20/05/2024
10557,2,3,6,11,16,20/05/2024
10556,4,6,9,12,25,19/05/2024
10555,7,12,15,22,23,19/05/2024
10554,1,3,9,22,25,18/05/2024
10553,8,16,22,23,25,18/05/2024
10552,8,9,11,20,28,17/05/2024
10551,9,19,21,23,27,17/05/2024
10550,2,11,12,15,26,16/05/2024
10549,6,9,13,15,21,16/05/2024
10548,1,4,12,15,24,15/05/2024
10547,1,5,20,24,27,15/05/2024
10546,3,9,13,14,25,14/05/2024
10545,6,12,16,17,19,14/05/2024
10544,1,14,18,24,28,13/05/2024
10543,1,14,15,16,24,13/05/2024
10542,11,12,14,19,21,12/05/2024
10541,6,14,16,22,27,12/05/2024
10540,7,8,12,16,23,11/05/2024
10539,2,18,21,24,26,11/05/2024
10538,7,15,17,20,25,10/05/2024
10537,1,8,13,17,27,10/05/2024
10536,7,12,21,26,28,09/05/2024
10535,8,11,17,23,26,09/05/2024
10534,4,5,8,11,19,08/05/2024
10533,1,5,13,15,22,08/05/2024
10532,4,6,15,18,19,07/05/2024
10531,4,8,12,20,25,07/05/2024
10530,2,11,15,19,21,06/05/2024
10529,7,8,10,19,27,06/05/2024
10528,1,11,19,26,27,05/05/2024
10527,1,4,5,8,25,05/05/2024
10526,4,16,17,23,24,04/05/2024
10525,7,13,14,15,23,04/05/2024
10524,1,2,3,4,26,03/05/2024
10523,3,8,11,13,22,03/05/2024
10522,10,11,17,22,26,02/05/2024
10521,7,12,13,14,27,02/05/2024
10520,3,6,17,18,21,01/05/2024
10519,2,5,7,15,27,01/05/2024
10518,11,14,21,23,25,30/04/2024
10517,1,9,11,13,23,30/04/2024
10516,1,8,9,12,15,29/04/2024
10515,1,2,14,21,22,29/04/2024
10514,9,15,21,22,25,28/04/2024
10513,5,17,22,24,26,28/04/2024
10512,8,10,23,24,28,27/04/2024
10511,4,10,14,22,23,27/04/2024
10510,2,5,14,21,25,26/04/2024
10509,5,7,10,15,24,26/04/2024
10508,4,12,19,21,26,25/04/2024
10507,3,4,12,14,28,25/04/2024
10506,3,16,20,21,23,24/04/2024
10505,7,12,22,25,26,24/04/2024
10504,3,5,17,18,21,23/04/2024
10503,1,17,21,22,27,23/04/2024
10502,1,12,16,19,23,22/04/2024
10501,1,19,20,21,26,22/04/2024
10500,1,8,19,24,27,21/04/2024
10499,9,11,12,19,22,21/04/2024
10498,5,11,16,17,18,20/04/2024
10497,6,10,17,22,27,20/04/2024
10496,2,5,18,22,25,19/04/2024
10495,7,13,19,20,28,19/04/2024
10494,1,2,9,12,17,18/04/2024
10493,5,7,10,11,19,18/04/2024
10492,4,12,15,17,18,17/04/2024
10491,4,7,11,18,24,17/04/2024
10490,12,17,18,23,26,16/04/2024
10489,2,13,18,27,28,16/04/2024
10488,5,10,11,21,27,15/04/2024
10487,4,5,7,15,20,15/04/2024
10486,3,4,18,20,22,14/04/2024
10485,8,10,18,23,27,14/04/2024
10484,1,12,18,24,25,13/04/2024
10483,2,3,4,6,12,13/04/2024
10482,19,24,25,27,28,12/04/2024
10481,2,10,15,16,22,12/04/2024
10480,5,7,11,14,16,11/04/2024
10479,3,14,15,22,28,11/04/2024
10478,9,15,20,23,25,10/04/2024
10477,2,14,21,22,25,10/04/2024
10476,3,6,10,25,27,09/04/2024
10475,1,6,11,13,26,09/04/2024
10474,1,8,14,24,28,08/04/2024
10473,8,9,14,17,18,08/04/2024
10472,4,12,14,25,28,07/04/2024
10471,7,8,12,18,27,07/04/2024
10470,5,6,17,20,21,06/04/2024
10469,2,8,12,18,26,06/04/2024
10468,10,13,22,23,25,05/04/2024
10467,1,2,8,12,22,05/04/2024
10466,2,15,19,23,27,04/04/2024
10465,12,15,19,22,27,04/04/2024
10464,10,12,13,17,18,03/04/2024
10463,10,12,15,19,24,03/04/2024
10462,1,3,4,25,27,02/04/2024
10461,4,6,10,27,28,02/04/2024
10460,22,24,25,26,27,01/04/2024
10459,4,10,13,14,27,01/04/2024
10458,6,8,10,17,27,31/03/2024
10457,5,6,11,15,20,31/03/2024
10456,6,14,21,23,28,30/03/2024
10455,6,10,12,23,28,30/03/2024
10454,1,5,12,15,18,29/03/2024
10453,5,10,18,19,26,29/03/2024
10452,6,9,16,19,23,28/03/2024
10451,2,4,12,19,28,28/03/2024
10450,5,9,15,20,27,27/03/2024
10449,8,10,18,26,27,27/03/2024
10448,1,8,15,16,25,26/03/2024
10447,7,15,21,23,27,26/03/2024
10446,10,12,14,23,26,25/03/2024
10445,1,13,23,24,25,25/03/2024
10444,2,8,9,11,27,24/03/2024
10443,2,5,6,14,17,24/03/2024
10442,13,14,15,21,22,23/03/2024
10441,3,8,15,21,25,23/03/2024
10440,5,11,17,21,23,22/03/2024
10439,4,8,14,18,21,22/03/2024
10438,1,3,7,14,16,21/03/2024
10437,6,9,11,12,26,21/03/2024
10436,3,6,9,17,27,20/03/2024
10435,6,10,11,21,28,20/03/2024
10434,4,7,18,25,28,19/03/2024
10433,16,17,19,23,27,19/03/2024
10432,4,5,6,15,26,18/03/2024
10431,1,5,14,15,18,18/03/2024
10430,5,15,20,24,26,17/03/2024
10429,8,12,18,24,28,17/03/2024
10428,1,3,8,9,10,16/03/2024
10427,12,16,17,23,28,16/03/2024
10426,2,5,13,16,26,15/03/2024
10425,6,18,23,25,28,15/03/2024
10424,4,7,9,12,25,14/03/2024
10423,2,3,6,17,25,14/03/2024
10422,2,4,7,17,26,13/03/2024
10421,3,5,9,13,27,13/03/2024
10420,6,15,20,25,27,12/03/2024
10419,3,13,23,24,28,12/03/2024
10418,2,7,9,13,16,11/03/2024
10417,7,10,21,24,27,11/03/2024
10416,3,11,14,18,23,10/03/2024
10415,3,8,11,15,21,10/03/2024
10414,1,4,9,25,28,09/03/2024
10413,2,10,14,18,21,09/03/2024
10412,9,10,24,26,28,08/03/2024
10411,8,10,20,24,28,08/03/2024
10410,2,7,8,17,25,07/03/2024
10409,15,17,25,26,27,07/03/2024
10408,6,9,12,19,25,06/03/2024
10407,11,13,17,19,28,06/03/2024
10406,12,13,15,23,26,05/03/2024
10405,4,5,6,15,25,05/03/2024
10404,3,4,9,10,24,04/03/2024
10403,7,8,11,21,24,04/03/2024
10402,2,5,12,15,25,03/03/2024
10401,2,9,10,12,20,03/03/2024
10400,1,6,9,10,13,02/03/2024
10399,8,10,14,16,17,02/03/2024
10398,1,7,10,23,28,01/03/2024
10397,9,13,16,17,25,01/03/2024
10396,2,8,13,15,20,29/02/2024
10395,5,6,15,16,19,29/02/2024
10394,1,3,8,23,25,28/02/2024
10393,16,23,24,26,27,28/02/2024
10392,2,6,11,24,27,27/02/2024
10391,2,10,15,19,27,27/02/2024
10390,4,9,10,17,19,26/02/2024
10389,14,19,21,24,25,26/02/2024
10388,3,10,16,18,28,25/02/2024
10387,2,11,12,20,22,25/02/2024
10386,1,11,15,21,25,24/02/2024
10385,2,3,13,14,26,24/02/2024
10384,1,2,9,24,25,23/02/2024
10383,1,8,12,15,19,23/02/2024
10382,1,3,13,22,28,22/02/2024
10381,1,10,13,14,21,22/02/2024
10380,1,3,14,17,26,21/02/2024
10379,1,4,8,23,27,21/02/2024
10378,9,10,11,19,27,20/02/2024
10377,4,13,15,16,25,20/02/2024
10376,1,2,23,25,26,19/02/2024
10375,4,5,7,12,20,19/02/2024
10374,11,12,18,20,23,18/02/2024
10373,6,8,10,16,19,18/02/2024
10372,1,7,13,15,26,17/02/2024
10371,11,13,14,19,25,17/02/2024
10370,10,12,20,23,28,16/02/2024
10369,8,14,15,24,26,16/02/2024
10368,5,10,13,14,19,15/02/2024
10367,3,18,23,24,26,15/02/2024
10366,2,10,15,21,27,14/02/2024
10365,8,10,17,20,22,14/02/2024
10364,12,18,19,20,28,13/02/2024
10363,3,6,13,19,21,13/02/2024
10362,5,18,21,25,27,12/02/2024
10361,1,2,5,19,22,12/02/2024
10360,1,5,9,14,19,11/02/2024
10359,3,18,20,22,23,11/02/2024
10358,5,10,15,16,18,10/02/2024
10357,6,9,11,15,19,10/02/2024
10356,4,7,12,13,20,09/02/2024
10355,8,15,18,24,28,09/02/2024
10354,4,7,11,17,24,08/02/2024
10353,6,7,10,18,28,08/02/2024
10352,2,6,17,22,24,07/02/2024
10351,7,8,9,11,16,07/02/2024
10350,2,3,15,16,26,06/02/2024
10349,4,10,12,13,22,06/02/2024
10348,2,9,18,25,27,05/02/2024
10347,2,5,21,24,27,05/02/2024
10346,4,11,15,16,22,04/02/2024
10345,12,15,19,20,25,04/02/2024
10344,2,5,10,11,23,03/02/2024
10343,1,16,21,22,28,03/02/2024
10342,8,13,17,18,21,02/02/2024
10341,2,4,12,17,18,02/02/2024
10340,2,11,13,14,28,01/02/2024
10339,2,16,24,26,27,01/02/2024
10338,12,14,16,21,26,31/01/2024
10337,2,13,17,18,25,31/01/2024
10336,17,19,20,26,27,30/01/2024
10335,4,9,14,18,19,30/01/2024
10334,2,5,14,19,27,29/01/2024
10333,3,8,14,22,28,29/01/2024
10332,3,15,19,21,27,28/01/2024
10331,4,10,15,20,25,28/01/2024
10330,8,12,13,21,23,27/01/2024
10329,6,7,12,14,16,27/01/2024
10328,3,11,18,22,28,26/01/2024
10327,2,8,12,14,22,26/01/2024
10326,4,7,14,23,25,25/01/2024
10325,2,14,16,17,25,25/01/2024
10324,9,19,20,22,24,24/01/2024
10323,4,20,24,26,28,24/01/2024
10322,2,18,21,24,27,23/01/2024
10321,3,5,6,25,26,23/01/2024
10320,2,4,10,19,20,22/01/2024
10319,7,12,15,27,28,22/01/2024
10318,1,7,11,14,27,21/01/2024
10317,7,12,15,17,26,21/01/2024
10316,4,7,12,15,25,20/01/2024
10315,15,19,26,27,28,20/01/2024
10314,3,4,5,23,27,19/01/2024
10313,17,18,21,22,27,19/01/2024
10312,1,11,14,21,26,18/01/2024
10311,5,14,20,21,23,18/01/2024
10310,11,12,20,21,22,17/01/2024
10309,5,8,10,12,27,17/01/2024
10308,5,7,8,12,17,16/01/2024
10307,6,21,22,24,27,16/01/2024
10306,3,8,14,15,17,15/01/2024
10305,7,9,14,16,19,15/01/2024
10304,8,9,14,22,27,14/01/2024
10303,5,14,18,23,25,14/01/2024
10302,3,6,7,8,11,13/01/2024
10301,11,12,20,21,24,13/01/2024
10300,4,6,15,17,27,12/01/2024
10299,1,8,16,22,23,12/01/2024
10298,8,11,15,24,25,11/01/2024
10297,3,7,17,18,27,11/01/2024
10296,3,6,8,9,23,10/01/2024
10295,1,9,10,22,25,10/01/2024
10294,10,15,22,24,27,09/01/2024
10293,13,14,16,19,28,09/01/2024
10292,6,7,9,13,27,08/01/2024
10291,10,11,16,19,24,08/01/2024
10290,5,6,8,9,25,07/01/2024
10289,2,6,13,18,22,07/01/2024
10288,9,10,13,15,18,06/01/2024
10287,5,6,7,11,17,06/01/2024
10286,2,8,15,23,28,05/01/2024
10285,1,4,17,22,25,05/01/2024
10284,1,5,9,13,25,04/01/2024
10283,5,10,13,19,24,04/01/2024
10282,8,13,16,22,24,03/01/2024
10281,2,11,19,21,25,03/01/2024
10280,3,7,11,18,25,02/01/2024
10279,1,9,13,18,23,02/01/2024
10278,4,7,12,13,24,01/01/2024
10277,5,17,18,22,26,01/01/2024
10276,5,12,13,20,26,31/12/2023
10275,12,14,16,18,19,31/12/2023
10274,7,15,19,21,28,30/12/2023
10273,2,7,9,15,25,30/12/2023
10272,9,10,13,23,27,29/12/2023
10271,2,7,14,20,23,29/12/2023
10270,2,14,16,21,26,28/12/2023
10269,6,16,19,21,26,28/12/2023
10268,14,16,18,25,28,27/12/2023
10267,2,6,18,20,27,27/12/2023
10266,1,7,18,19,20,26/12/2023
10265,7,13,18,24,27,26/12/2023
10264,5,6,13,17,18,25/12/2023
10263,8,9,14,17,27,25/12/2023
10262,4,13,16,18,23,24/12/2023
10261,5,9,12,23,25,24/12/2023
10260,3,8,22,25,26,23/12/2023
10259,9,15,19,22,26,23/12/2023
10258,7,14,16,26,27,22/12/2023
10257,3,4,6,16,18,22/12/2023
10256,2,4,10,11,26,21/12/2023
10255,6,9,11,12,21,21/12/2023
10254,3,10,18,19,24,20/12/2023
10253,1,2,10,16,28,20/12/2023
10252,4,5,7,14,17,19/12/2023
10251,2,4,7,12,21,19/12/2023
10250,3,6,15,16,20,18/12/2023
10249,6,14,20,21,26,18/12/2023
10248,1,2,4,9,28,17/12/2023
10247,9,10,13,17,18,17/12/2023
10246,2,17,21,22,27,16/12/2023
10245,4,12,20,23,27,16/12/2023
10244,13,17,21,26,27,15/12/2023
10243,4,16,19,25,26,15/12/2023
10242,9,14,18,21,27,14/12/2023
10241,11,19,21,24,25,14/12/2023
10240,6,8,9,10,18,13/12/2023
10239,4,5,7,21,26,13/12/2023
10238,8,10,16,26,28,12/12/2023
10237,3,4,5,22,28,12/12/2023
10236,9,12,15,26,27,11/12/2023
10235,3,7,16,19,26,11/12/2023
10234,1,5,6,26,27,10/12/2023
10233,10,16,17,18,23,10/12/2023
10232,2,4,6,12,22,09/12/2023
10231,6,8,10,18,21,09/12/2023
10230,1,2,7,19,25,08/12/2023
10229,2,5,20,25,27,08/12/2023
10228,3,10,11,22,25,07/12/2023
10227,8,10,16,20,22,07/12/2023
10226,2,18,19,23,28,06/12/2023
10225,3,4,6,11,22,06/12/2023
10224,3,6,8,15,26,05/12/2023
10223,10,12,13,16,24,05/12/2023
10222,2,8,17,19,25,04/12/2023
10221,5,8,9,18,19,04/12/2023
10220,9,11,12,15,26,03/12/2023
10219,1,12,17,23,25,03/12/2023
10218,5,8,19,26,28,02/12/2023
10217,2,10,16,19,21,02/12/2023
10216,3,9,11,17,21,01/12/2023
10215,1,3,6,7,17,01/12/2023
10214,5,12,15,23,28,30/11/2023
10213,3,11,16,21,25,30/11/2023
10212,2,9,11,14,19,29/11/2023
10211,3,8,9,16,25,29/11/2023
10210,3,10,18,19,25,28/11/2023
10209,6,8,18,25,28,28/11/2023
10208,3,6,9,10,28,27/11/2023
10207,1,12,14,17,26,27/11/2023
10206,1,2,5,17,26,26/11/2023
10205,3,13,15,22,24,26/11/2023
10204,1,3,5,20,26,25/11/2023
10203,9,20,21,23,24,25/11/2023
10202,1,9,10,17,20,24/11/2023
10201,6,8,16,25,28,24/11/2023
10200,3,5,7,17,27,23/11/2023
10199,4,6,7,24,27,23/11/2023
10198,10,11,14,18,19,22/11/2023
10197,10,13,17,23,27,22/11/2023
10196,2,4,9,11,23,21/11/2023
10195,7,10,13,17,20,21/11/2023
10194,1,4,7,14,25,20/11/2023
10193,3,6,9,17,23,20/11/2023
10192,4,5,7,16,17,19/11/2023
10191,1,12,18,21,28,19/11/2023
10190,1,3,11,24,25,18/11/2023
10189,3,10,13,17,28,18/11/2023
10188,11,16,19,21,28,17/11/2023
10187,5,14,17,18,21,17/11/2023
10186,2,4,15,16,21,16/11/2023
10185,3,10,11,16,17,16/11/2023
10184,13,16,17,24,27,15/11/2023
10183,3,5,7,9,12,15/11/2023
10182,3,8,9,11,19,14/11/2023
10181,2,14,16,26,27,14/11/2023
10180,6,8,10,11,13,13/11/2023
10179,7,8,14,18,19,13/11/2023
10178,5,8,10,26,28,12/11/2023
10177,3,6,8,9,28,12/11/2023
10176,11,20,24,27,28,11/11/2023
10175,2,4,5,24,26,11/11/2023
10174,6,15,16,23,24,10/11/2023
10173,4,8,11,15,21,10/11/2023
10172,7,9,15,20,23,09/11/2023
10171,4,8,10,23,27,09/11/2023
10170,2,6,7,20,23,08/11/2023
10169,7,9,12,22,28,08/11/2023
10168,1,4,8,16,26,07/11/2023
10167,2,10,20,25,27,07/11/2023
10166,7,9,11,17,18,06/11/2023
10165,4,16,18,22,23,06/11/2023
10164,5,7,16,25,28,05/11/2023
10163,5,12,14,18,28,05/11/2023
10162,8,16,18,25,26,04/11/2023
10161,9,10,18,21,23,04/11/2023
10160,1,6,11,21,25,03/11/2023
10159,9,23,26,27,28,03/11/2023
10158,1,2,15,18,23,02/11/2023
10157,14,15,17,21,22,02/11/2023
10156,17,23,24,25,26,01/11/2023
10155,6,14,16,21,28,01/11/2023
10154,4,5,14,24,26,31/10/2023
10153,9,10,11,15,24,31/10/2023
10152,12,14,19,22,28,30/10/2023
10151,4,10,15,20,27,30/10/2023
10150,5,12,15,16,26,29/10/2023
10149,3,8,16,17,18,29/10/2023
10148,3,19,20,21,26,28/10/2023
10147,1,2,4,6,14,28/10/2023
10146,4,10,14,15,16,27/10/2023
10145,4,6,24,26,28,27/10/2023
10144,1,2,10,17,18,26/10/2023
10143,2,6,8,12,26,26/10/2023
10142,2,4,25,26,27,25/10/2023
10141,1,4,6,8,14,25/10/2023
10140,8,9,16,20,22,24/10/2023
10139,1,11,18,19,21,24/10/2023
10138,1,6,11,15,26,23/10/2023
10137,6,10,18,20,22,23/10/2023
10136,16,18,22,23,25,22/10/2023
10135,2,21,24,27,28,22/10/2023
10134,9,10,11,15,28,21/10/2023
10133,3,10,11,12,23,21/10/2023
10132,3,4,5,11,21,20/10/2023
10131,2,13,15,17,19,20/10/2023
10130,2,3,4,6,24,19/10/2023
10129,8,14,15,19,22,19/10/2023
10128,6,9,11,23,24,18/10/2023
10127,11,13,14,20,25,18/10/2023
10126,5,8,14,24,25,17/10/2023
10125,6,15,17,23,25,17/10/2023
10124,7,8,18,20,22,16/10/2023
10123,3,5,10,19,25,16/10/2023
10122,2,11,19,20,26,15/10/2023
10121,5,8,22,26,27,15/10/2023
10120,4,14,17,24,26,14/10/2023
10119,2,14,17,18,27,14/10/2023
10118,14,15,16,22,26,13/10/2023
10117,2,7,13,20,22,13/10/2023
10116,13,14,21,22,27,12/10/2023
10115,4,6,19,23,27,12/10/2023
10114,2,16,19,20,25,11/10/2023
10113,4,7,12,16,23,11/10/2023
10112,2,3,10,20,22,10/10/2023
10111,6,14,16,18,27,10/10/2023
10110,3,13,17,20,26,09/10/2023
10109,4,7,10,15,21,09/10/2023
10108,7,12,19,20,24,08/10/2023
10107,4,11,23,24,26,08/10/2023
10106,4,19,20,21,28,07/10/2023
10105,1,6,18,20,23,07/10/2023
10104,1,2,14,19,26,06/10/2023
10103,1,4,8,10,16,06/10/2023
10102,9,13,19,26,28,05/10/2023
10101,4,11,13,18,26,05/10/2023
10100,2,4,15,23,24,04/10/2023
10099,4,6,12,13,23,04/10/2023
10098,6,9,15,21,27,03/10/2023
10097,3,9,11,13,14,03/10/2023
10096,5,10,23,24,26,02/10/2023
10095,6,7,9,11,25,02/10/2023
10094,7,8,18,25,27,01/10/2023
10093,8,22,25,26,27,01/10/2023
10092,5,7,13,15,17,30/09/2023
10091,2,4,18,20,22,30/09/2023
10090,2,3,5,23,25,29/09/2023
10089,11,14,16,17,20,29/09/2023
10088,7,12,17,22,28,28/09/2023
10087,8,11,13,18,27,28/09/2023
10086,5,11,13,16,23,27/09/2023
10085,2,5,6,7,22,27/09/2023
10084,18,20,25,27,28,26/09/2023
10083,1,4,7,12,23,26/09/2023
10082,2,11,20,22,26,25/09/2023
10081,2,5,8,16,28,25/09/2023
10080,3,13,14,16,24,24/09/2023
10079,1,9,10,14,28,24/09/2023
10078,2,7,8,10,18,23/09/2023
10077,18,21,23,24,28,23/09/2023
10076,2,6,8,12,27,22/09/2023
10075,8,10,16,21,27,22/09/2023
10074,5,14,15,16,18,21/09/2023
10073,1,2,5,11,17,21/09/2023
10072,4,17,18,22,23,20/09/2023
10071,5,16,23,26,28,20/09/2023
10070,13,14,15,23,25,19/09/2023
10069,2,4,7,10,23,19/09/2023
10068,4,12,15,20,24,18/09/2023
10067,4,5,6,7,10,18/09/2023
10066,2,3,7,23,26,17/09/2023
10065,1,17,21,24,25,17/09/2023
10064,5,10,11,23,26,16/09/2023
10063,1,9,10,15,16,16/09/2023
10062,5,7,10,20,26,15/09/2023
10061,5,10,15,19,26,15/09/2023
10060,11,12,20,23,28,14/09/2023
10059,2,4,11,13,15,14/09/2023
10058,7,16,18,20,22,13/09/2023
10057,5,8,14,25,26,13/09/2023
10056,4,13,18,19,27,12/09/2023
10055,1,4,8,10,12,12/09/2023
10054,3,10,12,15,23,11/09/2023
10053,2,7,11,19,24,11/09/2023
10052,4,10,11,16,27,10/09/2023
10051,4,5,10,12,13,10/09/2023
10050,13,18,19,21,23,09/09/2023
10049,7,8,16,17,19,09/09/2023
10048,7,11,15,18,25,08/09/2023
10047,2,4,5,21,22,08/09/2023
10046,3,14,17,22,24,07/09/2023
10045,1,3,15,24,25,07/09/2023
10044,15,16,20,21,27,06/09/2023
10043,1,4,8,15,21,06/09/2023
10042,1,7,9,10,14,05/09/2023
10041,7,10,15,17,22,05/09/2023
10040,2,5,13,21,28,04/09/2023
10039,4,6,8,20,24,04/09/2023
10038,1,4,12,16,19,03/09/2023
10037,8,17,18,23,27,03/09/2023
10036,2,14,21,25,26,02/09/2023
10035,2,7,13,14,21,02/09/2023
10034,3,9,14,24,26,01/09/2023
10033,1,13,16,20,26,01/09/2023
10032,4,7,8,19,27,31/08/2023
10031,2,7,18,20,28,31/08/2023
10030,1,4,10,12,16,30/08/2023
10029,10,15,20,26,27,30/08/2023
10028,1,5,16,20,24,29/08/2023
10027,2,4,6,9,20,29/08/2023
10026,4,6,17,18,23,28/08/2023
10025,3,6,8,16,23,28/08/2023
10024,2,4,11,15,23,27/08/2023
10023,3,11,12,14,21,27/08/2023
10022,1,13,14,17,19,26/08/2023
10021,3,5,22,26,27,26/08/2023
10020,5,8,11,19,26,25/08/2023
10019,1,3,4,9,28,25/08/2023
10018,3,4,7,14,23,24/08/2023
10017,1,2,3,10,14,24/08/2023
10016,7,14,22,27,28,23/08/2023
10015,8,13,14,17,28,23/08/2023
10014,3,5,8,22,25,22/08/2023
10013,10,17,21,23,27,22/08/2023
10012,7,21,22,23,26,21/08/2023
10011,8,16,18,19,20,21/08/2023
10010,2,7,15,19,24,20/08/2023
10009,2,4,14,18,27,20/08/2023
10008,10,19,21,22,23,19/08/2023
10007,2,7,13,27,28,19/08/2023
10006,11,16,23,26,27,18/08/2023
10005,13,14,23,26,27,18/08/2023
10004,2,6,12,26,28,17/08/2023
10003,3,5,9,17,26,17/08/2023
10002,3,5,7,14,23,16/08/2023
10001,3,11,14,15,17,16/08/2023
10000,4,10,14,21,26,15/08/2023
9999,7,24,25,26,27,15/08/2023
9998,3,5,19,22,25,14/08/2023
9997,6,9,19,22,26,14/08/2023
9996,3,9,12,26,28,13/08/2023
9995,6,11,13,23,25,13/08/2023
9994,6,10,18,24,25,12/08/2023
9993,2,16,22,27,28,12/08/2023
9992,16,20,21,26,28,11/08/2023
9991,2,3,9,22,25,11/08/2023
9990,3,5,14,23,27,10/08/2023
9989,14,15,26,27,28,10/08/2023
9988,9,10,14,17,28,09/08/2023
9987,7,10,13,22,25,09/08/2023
9986,2,3,15,17,28,08/08/2023
9985,5,11,14,25,27,08/08/2023
9984,6,12,13,20,21,07/08/2023
9983,1,4,7,10,21,07/08/2023
9982,7,14,17,24,28,06/08/2023
9981,9,15,22,25,26,06/08/2023
9980,1,2,14,21,25,05/08/2023
9979,8,13,15,23,24,05/08/2023
9978,4,7,17,22,28,04/08/2023
9977,7,10,11,17,18,04/08/2023
9976,14,19,21,23,28,03/08/2023
9975,10,15,16,20,24,03/08/2023
9974,2,10,15,16,21,02/08/2023
9973,2,3,4,11,15,02/08/2023
9972,5,21,22,23,28,01/08/2023
9971,7,13,20,22,23,01/08/2023
9970,1,4,10,11,27,31/07/2023
9969,7,11,18,22,23,31/07/2023
9968,2,4,7,9,26,30/07/2023
9967,8,11,22,26,28,30/07/2023
9966,3,8,16,23,28,29/07/2023
9965,6,11,13,14,25,29/07/2023
9964,4,5,6,12,19,28/07/2023
9963,10,11,13,17,19,28/07/2023
9962,5,6,13,23,25,27/07/2023
9961,2,6,12,22,27,27/07/2023
9960,6,17,21,22,27,26/07/2023
9959,4,13,15,21,28,26/07/2023
9958,5,9,16,17,27,25/07/2023
9957,2,11,12,18,26,25/07/2023
9956,5,10,23,24,28,24/07/2023
9955,2,14,19,26,28,24/07/2023
9954,2,6,16,23,28,23/07/2023
9953,3,5,17,19,23,23/07/2023
9952,1,10,12,24,28,22/07/2023
9951,7,17,25,26,28,22/07/2023
9950,1,14,16,17,28,21/07/2023
9949,8,9,10,11,16,21/07/2023
9948,13,17,25,27,28,20/07/2023
9947,14,17,19,27,28,20/07/2023
9946,2,3,13,16,19,19/07/2023
9945,3,6,7,15,23,19/07/2023
9944,2,5,11,16,20,18/07/2023
9943,3,8,15,20,27,18/07/2023
9942,3,8,11,26,28,17/07/2023
9941,1,4,16,20,27,17/07/2023
9940,2,11,13,22,25,16/07/2023
9939,8,20,24,26,28,16/07/2023
9938,6,7,12,14,15,15/07/2023
9937,3,5,7,11,15,15/07/2023
9936,1,19,20,21,28,14/07/2023
9935,4,9,11,14,21,14/07/2023
9934,9,14,17,21,26,13/07/2023
9933,3,5,8,22,25,13/07/2023
9932,1,15,18,20,28,12/07/2023
9931,2,4,14,16,20,12/07/2023
9930,2,5,7,27,28,11/07/2023
9929,3,14,15,16,26,11/07/2023
9928,6,9,10,16,19,10/07/2023
9927,4,11,15,17,24,10/07/2023
9926,1,11,14,15,28,09/07/2023
9925,1,4,10,17,19,09/07/2023
9924,4,9,11,15,25,08/07/2023
9923,8,23,24,25,27,08/07/2023
9922,3,5,10,17,23,07/07/2023
9921,4,8,13,14,28,07/07/2023
9920,3,4,7,16,27,06/07/2023
9919,2,8,13,16,18,06/07/2023
9918,15,22,24,25,27,05/07/2023
9917,3,8,9,19,21,05/07/2023
9916,7,15,20,22,25,04/07/2023
9915,3,8,17,19,21,04/07/2023
9914,4,7,15,22,24,03/07/2023
9913,2,18,21,25,27,03/07/2023
9912,2,12,18,23,24,02/07/2023
9911,1,3,5,8,23,02/07/2023
9910,5,9,10,15,18,01/07/2023
9909,1,4,21,24,28,01/07/2023
9908,5,6,12,18,21,30/06/2023
9907,1,2,8,15,20,30/06/2023
9906,3,5,12,14,27,29/06/2023
9905,3,8,14,15,21,29/06/2023
9904,2,7,8,13,25,28/06/2023
9903,3,5,12,21,27,28/06/2023
9902,3,9,13,21,28,27/06/2023
9901,9,10,12,25,28,27/06/2023
9900,10,13,14,25,26,26/06/2023
9899,1,12,13,19,24,26/06/2023
9898,8,20,22,24,28,25/06/2023
9897,1,11,17,19,20,25/06/2023
9896,7,12,19,23,28,24/06/2023
9895,1,2,4,15,19,24/06/2023
9894,2,13,15,23,27,23/06/2023
9893,4,6,7,18,19,23/06/2023
9892,1,3,9,12,21,22/06/2023
9891,21,22,23,25,28,22/06/2023
9890,1,4,9,12,26,21/06/2023
9889,3,5,10,17,19,21/06/2023
9888,1,4,6,9,28,20/06/2023
9887,1,5,8,10,27,20/06/2023
9886,6,9,19,20,27,19/06/2023
9885,11,15,17,18,21,19/06/2023
9884,4,5,8,11,12,18/06/2023
9883,3,7,10,12,26,18/06/2023
9882,4,5,8,12,20,17/06/2023
9881,4,7,15,17,27,17/06/2023
9880,10,16,24,26,28,16/06/2023
9879,10,11,16,25,28,16/06/2023
9878,6,9,12,13,16,15/06/2023
9877,2,6,11,13,23,15/06/2023
9876,3,5,11,18,28,14/06/2023
9875,5,8,9,12,26,14/06/2023
9874,2,3,4,19,28,13/06/2023
9873,5,8,13,20,25,13/06/2023
9872,4,11,17,23,27,12/06/2023
9871,4,8,12,26,28,12/06/2023
9870,5,14,19,20,26,11/06/2023
9869,9,16,22,24,28,11/06/2023
9868,13,14,17,20,23,10/06/2023
9867,2,9,23,24,25,10/06/2023
9866,1,5,14,20,26,09/06/2023
9865,11,14,17,21,23,09/06/2023
9864,1,6,8,14,26,08/06/2023
9863,12,17,21,22,23,08/06/2023
9862,2,8,9,20,27,07/06/2023
9861,7,14,17,24,26,07/06/2023
9860,7,11,17,25,28,06/06/2023
9859,15,17,23,24,25,06/06/2023
9858,2,5,13,21,25,05/06/2023
9857,4,11,15,20,24,05/06/2023
9856,11,13,14,21,28,04/06/2023
9855,2,4,9,20,24,04/06/2023
9854,1,2,13,15,21,03/06/2023
9853,3,7,9,17,27,03/06/2023
9852,5,12,15,16,19,02/06/2023
9851,9,14,18,21,24,02/06/2023
9850,3,10,15,20,25,01/06/2023
9849,3,9,12,20,28,01/06/2023
9848,2,7,8,15,23,31/05/2023
9847,3,8,12,15,21,31/05/2023
9846,1,2,21,23,26,30/05/2023
9845,2,3,7,12,15,30/05/2023
9844,1,7,11,19,28,29/05/2023
9843,4,6,13,22,26,29/05/2023
9842,3,7,9,10,27,28/05/2023
9841,4,8,11,20,28,28/05/2023
9840,2,10,17,26,27,27/05/2023
9839,1,15,23,25,27,27/05/2023
9838,8,14,18,27,28,26/05/2023
9837,14,19,21,25,26,26/05/2023
9836,1,12,17,20,26,25/05/2023
9835,8,11,12,13,18,25/05/2023
9834,1,2,3,10,25,24/05/2023
9833,3,10,11,13,26,24/05/2023
9832,3,9,18,19,26,23/05/2023
9831,6,10,14,19,28,23/05/2023
9830,2,6,11,18,22,22/05/2023
9829,2,5,21,22,26,22/05/2023
9828,2,3,7,8,12,21/05/2023
9827,1,6,10,17,27,21/05/2023
9826,15,16,22,25,26,20/05/2023
9825,7,18,20,24,26,20/05/2023
9824,1,4,11,13,25,19/05/2023
9823,1,2,4,20,27,19/05/2023
9822,5,15,17,22,28,18/05/2023
9821,4,12,24,26,27,18/05/2023
9820,12,13,15,17,25,17/05/2023
9819,3,7,18,23,28,17/05/2023
9818,5,9,15,20,22,16/05/2023
9817,1,13,14,15,24,16/05/2023
9816,16,20,22,24,27,15/05/2023
9815,4,7,18,20,28,15/05/2023
9814,4,5,13,15,20,14/05/2023
9813,1,3,5,13,17,14/05/2023
9812,8,19,25,27,28,13/05/2023
9811,20,22,23,25,27,13/05/2023
9810,7,9,11,24,27,12/05/2023
9809,6,8,11,19,27,12/05/2023
9808,8,10,13,23,26,11/05/2023
9807,1,17,20,21,22,11/05/2023
9806,3,7,23,24,26,10/05/2023
9805,1,3,10,13,18,10/05/2023
9804,5,11,15,16,18,09/05/2023
9803,3,4,11,21,28,09/05/2023
9802,6,8,18,20,24,08/05/2023
9801,1,2,9,10,24,08/05/2023
9800,2,20,22,25,26,07/05/2023
9799,6,14,18,20,27,07/05/2023
9798,5,14,16,21,24,06/05/2023
9797,7,12,15,21,24,06/05/2023
9796,5,6,8,18,23,05/05/2023
9795,8,15,17,18,19,05/05/2023
9794,2,6,9,14,21,04/05/2023
9793,8,13,15,16,23,04/05/2023
9792,2,3,4,15,19,03/05/2023
9791,4,7,8,10,23,03/05/2023
9790,4,15,16,17,21,02/05/2023
9789,13,17,19,22,27,02/05/2023
9788,7,9,10,14,21,01/05/2023
9787,1,7,10,17,20,01/05/2023
9786,13,14,19,22,28,30/04/2023
9785,7,14,18,22,25,30/04/2023
9784,3,8,15,22,23,29/04/2023
9783,15,16,19,21,22,29/04/2023
9782,6,9,19,22,23,28/04/2023
9781,4,9,17,20,23,28/04/2023
9780,5,9,13,17,25,27/04/2023
9779,3,12,14,18,22,27/04/2023
9778,5,11,17,21,22,26/04/2023
9777,5,11,15,18,26,26/04/2023
9776,2,10,19,21,24,25/04/2023
9775,7,10,13,19,24,25/04/2023
9774,9,12,13,21,28,24/04/2023
9773,2,4,9,15,28,24/04/2023
9772,7,10,13,16,22,23/04/2023
9771,2,4,6,12,20,23/04/2023
9770,2,6,8,21,26,22/04/2023
9769,3,15,17,19,21,22/04/2023
9768,1,5,17,24,28,21/04/2023
9767,1,9,10,20,23,21/04/2023
9766,4,15,23,24,25,20/04/2023
9765,9,10,11,13,14,20/04/2023
9764,3,9,13,17,25,19/04/2023
9763,8,12,14,19,28,19/04/2023
9762,3,14,19,25,27,18/04/2023
9761,3,9,10,13,24,18/04/2023
9760,12,18,19,22,23,17/04/2023
9759,4,8,9,15,16,17/04/2023
9758,7,22,24,26,27,16/04/2023
9757,2,4,19,22,23,16/04/2023
9756,11,18,20,24,25,15/04/2023
9755,3,8,13,14,27,15/04/2023
9754,8,21,23,25,28,14/04/2023
9753,3,7,10,16,18,14/04/2023
9752,3,5,8,14,26,13/04/2023
9751,4,8,12,13,17,13/04/2023
9750,2,3,7,18,19,12/04/2023
9749,1,2,7,16,18,12/04/2023
9748,3,12,18,20,28,11/04/2023
9747,5,6,7,10,20,11/04/2023
9746,17,22,24,27,28,10/04/2023
9745,2,5,8,12,19,10/04/2023
9744,10,13,16,18,20,09/04/2023
9743,2,3,4,5,20,09/04/2023
9742,1,3,5,14,15,08/04/2023
9741,2,12,16,22,28,08/04/2023
9740,15,16,18,19,22,07/04/2023
9739,4,6,14,19,27,07/04/2023
9738,8,12,19,20,28,06/04/2023
9737,8,10,12,18,28,06/04/2023
9736,8,13,16,19,23,05/04/2023
9735,1,11,13,16,27,05/04/2023
9734,6,13,17,24,27,04/04/2023
9733,13,14,17,26,28,04/04/2023
9732,1,15,17,23,27,03/04/2023
9731,2,14,17,24,27,03/04/2023
9730,9,13,16,17,27,02/04/2023
9729,3,14,21,22,23,02/04/2023
9728,2,4,15,16,22,01/04/2023
9727,5,7,14,19,28,01/04/2023
9726,4,10,13,19,22,31/03/2023
9725,1,6,8,11,27,31/03/2023
9724,9,13,16,20,26,30/03/2023
9723,8,19,21,22,28,30/03/2023
9722,11,13,18,21,26,29/03/2023
9721,4,6,8,14,25,29/03/2023
9720,13,14,20,25,28,28/03/2023
9719,6,11,13,24,25,28/03/2023
9718,5,12,13,19,28,27/03/2023
9717,3,6,8,11,15,27/03/2023
9716,3,10,11,13,28,26/03/2023
9715,3,10,16,17,23,26/03/2023
9714,1,9,11,15,16,25/03/2023
9713,2,3,17,19,24,25/03/2023
9712,5,10,14,23,27,24/03/2023
9711,7,8,10,18,22,24/03/2023
9710,7,18,20,23,27,23/03/2023
9709,3,5,6,7,8,23/03/2023
9708,1,5,7,13,18,22/03/2023
9707,2,4,13,18,20,22/03/2023
9706,8,9,10,20,27,21/03/2023
9705,9,12,13,20,22,21/03/2023
9704,4,18,20,23,25,20/03/2023
9703,8,12,13,16,26,20/03/2023
9702,3,16,18,23,27,19/03/2023
9701,2,5,14,16,25,19/03/2023
9700,1,7,16,19,26,18/03/2023
9699,10,14,23,24,25,18/03/2023
9698,2,9,13,16,27,17/03/2023
9697,1,4,6,12,20,17/03/2023
9696,6,8,22,27,28,16/03/2023
9695,1,9,15,19,22,16/03/2023
9694,11,14,18,21,28,15/03/2023
9693,2,6,10,11,28,15/03/2023
9692,6,10,18,24,27,14/03/2023
9691,1,7,11,15,17,14/03/2023
9690,2,20,24,25,27,13/03/2023
9689,6,9,16,21,23,13/03/2023
9688,3,7,12,17,26,12/03/2023
9687,1,3,5,8,16,12/03/2023
9686,2,7,14,22,23,11/03/2023
9685,6,7,23,24,26,11/03/2023
9684,5,9,10,16,26,10/03/2023
9683,3,5,8,16,22,10/03/2023
9682,1,6,16,19,20,09/03/2023
9681,1,13,17,18,25,09/03/2023
9680,12,13,14,24,27,08/03/2023
9679,2,3,5,10,13,08/03/2023
9678,4,11,19,26,27,07/03/2023
9677,13,20,22,23,27,07/03/2023
9676,7,11,14,21,25,06/03/2023
9675,2,10,15,23,27,06/03/2023
9674,1,13,14,15,21,05/03/2023
9673,1,11,23,24,26,05/03/2023
9672,14,18,23,25,26,04/03/2023
9671,4,8,26,27,28,04/03/2023
9670,4,7,13,24,27,03/03/2023
9669,5,11,12,13,23,03/03/2023
9668,5,10,13,15,20,02/03/2023
9667,6,7,19,23,24,02/03/2023
9666,7,19,20,25,28,01/03/2023
9665,1,6,16,18,23,01/03/2023
9664,11,12,13,17,26,28/02/2023
9663,1,3,4,20,28,28/02/2023
9662,3,8,11,13,25,27/02/2023
9661,2,12,14,16,26,27/02/2023
9660,11,18,20,21,23,26/02/2023
9659,10,12,20,22,24,26/02/2023
9658,1,8,19,21,23,25/02/2023
9657,3,9,21,24,28,25/02/2023
9656,7,12,18,20,23,24/02/2023
9655,12,13,22,26,27,24/02/2023
9654,7,14,21,26,28,23/02/2023
9653,4,5,8,12,22,23/02/2023
9652,12,13,15,17,27,22/02/2023
9651,1,6,7,14,22,22/02/2023
9650,1,12,18,24,25,21/02/2023
9649,1,4,11,18,25,21/02/2023
9648,7,8,9,12,21,20/02/2023
9647,2,4,15,21,24,20/02/2023
9646,4,9,14,19,26,19/02/2023
9645,5,10,12,16,25,19/02/2023
9644,4,7,14,19,22,18/02/2023
9643,8,10,12,13,27,18/02/2023
9642,1,9,13,22,27,17/02/2023
9641,3,22,23,24,28,17/02/2023
9640,8,9,16,19,26,16/02/2023
9639,2,5,20,21,28,16/02/2023
9638,2,8,18,19,22,15/02/2023
9637,1,4,19,22,26,15/02/2023
9636,10,11,15,18,25,14/02/2023
9635,6,8,9,12,24,14/02/2023
9634,4,12,18,20,22,13/02/2023
9633,1,2,5,12,19,13/02/2023
9632,2,10,24,26,27,12/02/2023
9631,3,17,19,22,27,12/02/2023
9630,2,11,15,16,19,11/02/2023
9629,14,18,22,23,25,11/02/2023
9628,5,6,8,15,26,10/02/2023
9627,1,4,8,25,28,10/02/2023
9626,10,18,21,25,27,09/02/2023
9625,2,5,19,24,25,09/02/2023
9624,7,10,19,21,25,08/02/2023
9623,2,3,8,15,22,08/02/2023
9622,3,4,6,7,21,07/02/2023
9621,3,5,11,19,26,07/02/2023
9620,19,20,21,24,25,06/02/2023
9619,5,7,8,17,27,06/02/2023
9618,1,8,9,13,25,05/02/2023
9617,4,10,14,15,26,05/02/2023
9616,8,15,17,21,27,04/02/2023
9615,3,5,10,14,18,04/02/2023
9614,6,10,20,25,27,03/02/2023
9613,20,21,23,24,25,03/02/2023
9612,8,16,18,19,28,02/02/2023
9611,6,12,14,19,24,02/02/2023
9610,3,6,12,16,24,01/02/2023
9609,3,5,8,25,28,01/02/2023
9608,12,15,17,19,24,31/01/2023
9607,2,8,9,23,28,31/01/2023
9606,4,5,9,10,12,30/01/2023
9605,6,20,24,25,28,30/01/2023
9604,16,18,23,27,28,29/01/2023
9603,2,3,6,13,25,29/01/2023
9602,12,16,22,23,25,28/01/2023
9601,2,5,9,19,27,28/01/2023
9600,4,7,9,13,18,27/01/2023
9599,2,3,8,19,25,27/01/2023
9598,4,12,16,19,20,26/01/2023
9597,1,8,15,18,23,26/01/2023
9596,1,4,18,21,23,25/01/2023
9595,6,13,17,18,22,25/01/2023
9594,10,18,22,24,26,24/01/2023
9593,9,16,18,22,26,24/01/2023
9592,4,11,14,15,23,23/01/2023
9591,4,8,13,16,21,23/01/2023
9590,3,5,16,17,22,22/01/2023
9589,1,2,19,20,23,22/01/2023
9588,3,6,10,23,25,21/01/2023
9587,7,8,16,19,26,21/01/2023
9586,3,7,18,19,21,20/01/2023
9585,7,11,20,25,26,20/01/2023
9584,1,7,11,17,28,19/01/2023
9583,14,21,24,25,26,19/01/2023
9582,10,18,24,26,27,18/01/2023
9581,1,3,10,12,25,18/01/2023
9580,9,13,23,24,28,17/01/2023
9579,5,8,12,21,24,17/01/2023
9578,18,20,22,23,28,16/01/2023
9577,2,18,23,27,28,16/01/2023
9576,7,13,14,15,17,15/01/2023
9575,3,14,23,24,27,15/01/2023
9574,2,3,16,23,26,14/01/2023
9573,5,6,8,15,17,14/01/2023
9572,2,5,8,11,28,13/01/2023
9571,1,2,17,25,27,13/01/2023
9570,3,15,17,18,21,12/01/2023
9569,10,11,14,15,19,12/01/2023
9568,8,10,12,14,21,11/01/2023
9567,1,3,7,16,26,11/01/2023
9566,19,21,22,27,28,10/01/2023
9565,3,4,14,18,21,10/01/2023
9564,4,10,21,23,28,09/01/2023
9563,1,5,11,12,14,09/01/2023
9562,4,12,13,16,22,08/01/2023
9561,4,17,21,22,26,08/01/2023
9560,3,4,12,20,21,07/01/2023
9559,5,7,11,19,20,07/01/2023
9558,3,12,17,21,23,06/01/2023
9557,5,10,15,16,17,06/01/2023
9556,8,13,16,22,24,05/01/2023
9555,3,9,11,12,13,05/01/2023
9554,3,11,22,24,25,04/01/2023
9553,5,10,21,24,27,04/01/2023
9552,4,5,24,27,28,03/01/2023
9551,3,8,15,17,28,03/01/2023
9550,10,14,22,23,27,02/01/2023
9549,1,5,8,13,26,02/01/2023
9548,4,11,16,24,26,01/01/2023
9547,9,22,23,25,28,01/01/2023
9546,5,14,18,23,27,31/12/2022
9545,2,5,8,10,19,31/12/2022
9544,4,6,8,11,22,30/12/2022
9543,9,12,16,25,26,30/12/2022
9542,4,10,18,25,26,29/12/2022
9541,5,11,18,19,25,29/12/2022
9540,8,15,19,24,25,28/12/2022
9539,4,6,10,11,12,28/12/2022
9538,1,4,9,17,26,27/12/2022
9537,1,13,17,19,24,27/12/2022
9536,4,12,21,22,27,26/12/2022
9535,5,8,12,13,20,26/12/2022
9534,1,8,10,12,21,25/12/2022
9533,6,8,18,19,22,25/12/2022
9532,1,6,11,12,20,24/12/2022
9531,11,16,25,26,27,24/12/2022
9530,7,8,14,20,22,23/12/2022
9529,1,10,15,16,26,23/12/2022
9528,2,9,12,13,14,22/12/2022
9527,1,21,22,24,28,22/12/2022
9526,3,5,7,13,20,21/12/2022
9525,3,8,12,21,25,21/12/2022
9524,7,19,24,25,27,20/12/2022
9523,1,2,3,5,25,20/12/2022
9522,7,10,12,18,27,19/12/2022
9521,1,10,17,18,25,19/12/2022
9520,2,3,6,8,27,18/12/2022
9519,15,17,19,20,27,18/12/2022
9518,9,15,18,22,25,17/12/2022
9517,2,3,4,18,22,17/12/2022
9516,4,5,6,17,26,16/12/2022
9515,1,2,5,19,27,16/12/2022
9514,9,10,16,17,20,15/12/2022
9513,3,5,10,14,24,15/12/2022
9512,1,4,18,21,23,14/12/2022
9511,6,8,10,22,25,14/12/2022
9510,3,4,13,17,28,13/12/2022
9509,2,3,14,21,22,13/12/2022
9508,1,5,18,20,28,12/12/2022
9507,10,11,14,16,21,12/12/2022
9506,2,3,15,23,26,11/12/2022
9505,12,14,16,21,28,11/12/2022
9504,2,9,13,18,28,10/12/2022
9503,10,13,24,25,27,10/12/2022
9502,4,10,11,22,28,09/12/2022
9501,8,12,19,26,27,09/12/2022
9500,1,4,7,8,14,08/12/2022
9499,10,11,16,17,27,08/12/2022
9498,2,11,19,25,27,07/12/2022
9497,5,16,20,21,25,07/12/2022
9496,5,15,21,26,28,06/12/2022
9495,3,11,13,18,19,06/12/2022
9494,1,8,10,16,25,05/12/2022
9493,12,16,18,21,27,05/12/2022
9492,2,8,19,21,25,04/12/2022
9491,3,15,24,25,28,04/12/2022
9490,1,7,9,24,27,03/12/2022
9489,1,10,11,15,24,03/12/2022
9488,1,2,9,18,20,02/12/2022
9487,7,8,19,27,28,02/12/2022
9486,9,10,11,20,26,01/12/2022
9485,2,6,9,12,23,01/12/2022
9484,1,12,15,16,25,30/11/2022
9483,4,10,13,25,28,30/11/2022
9482,2,4,6,17,20,29/11/2022
9481,7,17,23,25,26,29/11/2022
9480,10,13,18,23,27,28/11/2022
9479,1,13,14,18,19,28/11/2022
9478,2,7,10,23,25,27/11/2022
9477,12,13,18,19,22,27/11/2022
9476,2,3,11,25,28,26/11/2022
9475,2,12,14,25,27,26/11/2022
9474,7,14,19,20,21,25/11/2022
9473,11,12,13,15,24,25/11/2022
9472,1,10,13,15,16,24/11/2022
9471,1,7,9,21,26,24/11/2022
9470,1,2,5,19,28,23/11/2022
9469,1,4,9,18,24,23/11/2022
9468,6,13,14,23,28,22/11/2022
9467,8,18,19,20,25,22/11/2022
9466,1,5,8,11,12,21/11/2022
9465,1,9,18,26,27,21/11/2022
9464,3,4,12,16,23,20/11/2022
9463,2,3,11,13,22,20/11/2022
9462,3,6,17,18,28,19/11/2022
9461,13,15,21,24,25,19/11/2022
9460,9,11,13,21,27,18/11/2022
9459,4,14,17,24,25,18/11/2022
9458,2,4,5,7,14,17/11/2022
9457,2,4,6,7,27,17/11/2022
9456,4,5,9,23,25,16/11/2022
9455,1,2,8,18,23,16/11/2022
9454,2,3,6,8,19,15/11/2022
9453,2,3,6,10,25,15/11/2022
9452,2,10,14,18,20,14/11/2022
9451,1,7,10,22,23,14/11/2022
9450,9,16,19,22,23,13/11/2022
9449,14,15,16,25,28,13/11/2022
9448,12,13,17,18,24,12/11/2022
9447,6,10,16,24,26,12/11/2022
9446,5,6,10,20,23,11/11/2022
9445,7,15,16,22,27,11/11/2022
9444,8,10,20,22,26,10/11/2022
9443,9,14,19,26,28,10/11/2022
9442,9,10,14,18,23,09/11/2022
9441,4,18,20,24,27,09/11/2022
9440,4,9,13,15,16,08/11/2022
9439,2,7,17,25,27,08/11/2022
9438,2,14,16,23,28,07/11/2022
9437,7,8,11,19,22,07/11/2022
9436,1,5,13,15,22,06/11/2022
9435,2,4,8,17,21,06/11/2022
9434,5,10,15,17,28,05/11/2022
9433,7,11,14,25,26,05/11/2022
9432,1,7,9,19,20,04/11/2022
9431,2,3,5,22,28,04/11/2022
9430,1,9,16,25,27,03/11/2022
9429,3,17,19,23,28,03/11/2022
9428,8,9,10,11,26,02/11/2022
9427,1,2,6,8,25,02/11/2022
9426,5,11,20,23,26,01/11/2022
9425,5,9,14,23,28,01/11/2022
9424,2,7,8,13,23,31/10/2022
9423,4,6,18,24,28,31/10/2022
9422,3,10,21,22,23,30/10/2022
9421,6,19,21,24,26,30/10/2022
9420,1,8,15,18,25,29/10/2022
9419,6,10,16,17,23,29/10/2022
9418,5,6,7,11,23,28/10/2022
9417,14,22,25,26,27,28/10/2022
9416,5,10,14,20,28,27/10/2022
9415,3,15,16,19,21,27/10/2022
9414,5,8,13,16,22,26/10/2022
9413,1,17,23,26,28,26/10/2022
9412,4,5,6,16,24,25/10/2022
9411,1,5,9,10,23,25/10/2022
9410,8,9,14,18,19,24/10/2022
9409,3,4,6,11,24,24/10/2022
9408,4,11,14,23,28,23/10/2022
9407,1,6,13,17,21,23/10/2022
9406,7,17,19,20,28,22/10/2022
9405,1,3,10,20,25,22/10/2022
9404,13,21,24,26,27,21/10/2022
9403,1,8,11,22,24,21/10/2022
9402,6,8,9,16,21,20/10/2022
9401,2,5,12,18,28,20/10/2022
9400,3,5,18,25,26,19/10/2022
9399,6,11,12,21,24,19/10/2022
9398,3,10,16,17,27,18/10/2022
9397,1,6,7,8,23,18/10/2022
9396,5,21,22,27,28,17/10/2022
9395,2,9,20,22,24,17/10/2022
9394,8,18,22,26,28,16/10/2022
9393,8,11,16,18,27,16/10/2022
9392,6,8,10,22,28,15/10/2022
9391,9,18,21,24,27,15/10/2022
9390,1,4,6,12,13,14/10/2022
9389,8,10,11,12,15,14/10/2022
9388,14,17,19,21,28,13/10/2022
9387,15,17,24,25,28,13/10/2022
9386,3,4,9,15,28,12/10/2022
9385,5,8,13,25,28,12/10/2022
9384,3,20,22,24,28,11/10/2022
9383,1,4,14,20,27,11/10/2022
9382,3,6,14,22,23,10/10/2022
9381,2,24,25,27,28,10/10/2022
9380,9,12,17,20,27,09/10/2022
9379,9,10,12,24,26,09/10/2022
9378,3,4,8,17,28,08/10/2022
9377,5,9,22,23,24,08/10/2022
9376,12,18,21,22,23,07/10/2022
9375,9,11,17,19,20,07/10/2022
9374,1,4,5,24,26,06/10/2022
9373,4,12,13,18,23,06/10/2022
9372,1,10,13,17,18,05/10/2022
9371,8,12,14,16,17,05/10/2022
9370,4,6,9,18,28,04/10/2022
9369,6,9,10,21,23,04/10/2022
9368,2,3,14,21,26,03/10/2022
9367,2,5,11,26,27,03/10/2022
9366,1,3,4,11,15,02/10/2022
9365,1,3,9,17,18,02/10/2022
9364,5,9,13,19,24,01/10/2022
9363,2,7,14,15,23,01/10/2022
9362,2,5,12,19,21,30/09/2022
9361,3,4,13,15,20,30/09/2022
9360,1,8,13,19,20,29/09/2022
9359,2,3,9,14,16,29/09/2022
9358,3,7,20,21,23,28/09/2022
9357,1,6,11,26,28,28/09/2022
9356,5,6,19,22,25,27/09/2022
9355,6,11,13,25,27,27/09/2022
9354,5,7,11,14,24,26/09/2022
9353,10,11,14,27,28,26/09/2022
9352,7,8,15,18,27,25/09/2022
9351,7,8,12,15,19,25/09/2022
9350,4,10,14,25,28,24/09/2022
9349,1,2,12,23,25,24/09/2022
9348,1,4,7,10,12,23/09/2022
9347,3,10,12,15,25,23/09/2022
9346,6,9,12,15,22,22/09/2022
9345,4,10,11,16,21,22/09/2022
9344,5,11,21,23,27,21/09/2022
9343,1,4,16,20,27,21/09/2022
9342,1,5,8,21,27,20/09/2022
9341,8,18,20,23,26,20/09/2022
9340,3,6,11,14,24,19/09/2022
9339,7,8,17,24,28,19/09/2022
9338,2,5,13,21,24,18/09/2022
9337,7,8,17,20,27,18/09/2022
9336,3,6,8,15,21,17/09/2022
9335,3,4,5,24,27,17/09/2022
9334,14,16,20,22,24,16/09/2022
9333,13,14,19,21,22,16/09/2022
9332,8,10,14,26,28,15/09/2022
9331,3,9,15,17,18,15/09/2022
9330,7,11,17,21,22,14/09/2022
9329,6,8,10,17,18,14/09/2022
9328,2,5,16,20,21,13/09/2022
9327,5,12,16,26,27,13/09/2022
9326,4,15,21,22,26,12/09/2022
9325,6,9,13,18,28,12/09/2022
9324,3,10,11,20,26,11/09/2022
9323,1,2,12,23,28,11/09/2022
9322,5,9,10,14,24,10/09/2022
9321,1,2,3,5,12,10/09/2022
9320,2,15,17,25,26,09/09/2022
9319,2,14,15,17,22,09/09/2022
9318,6,8,12,19,26,08/09/2022
9317,5,11,12,18,27,08/09/2022
9316,10,16,19,20,22,07/09/2022
9315,2,6,9,11,26,07/09/2022
9314,8,17,22,24,26,06/09/2022
9313,6,15,17,22,28,06/09/2022
9312,3,4,7,21,24,05/09/2022
9311,6,12,14,18,22,05/09/2022
9310,4,11,13,23,28,04/09/2022
9309,1,8,12,14,15,04/09/2022
9308,3,4,17,19,20,03/09/2022
9307,6,13,21,27,28,03/09/2022
9306,8,15,17,18,21,02/09/2022
9305,2,8,11,21,24,02/09/2022
9304,3,5,9,13,27,01/09/2022
9303,1,3,7,11,24,01/09/2022
9302,5,12,13,18,19,31/08/2022
9301,7,9,20,21,24,31/08/2022
9300,9,14,18,21,28,30/08/2022
9299,4,9,14,17,26,30/08/2022
9298,12,19,26,27,28,29/08/2022
9297,4,7,20,22,24,29/08/2022
9296,1,3,11,15,17,28/08/2022
9295,2,3,17,18,22,28/08/2022
9294,12,14,16,18,26,27/08/2022
9293,2,5,10,11,27,27/08/2022
9292,2,4,13,14,18,26/08/2022
9291,3,5,6,23,24,26/08/2022
9290,3,5,11,12,28,25/08/2022
9289,9,11,13,23,28,25/08/2022
9288,1,11,14,16,21,24/08/2022
9287,2,10,17,23,27,24/08/2022
9286,8,14,21,22,23,23/08/2022
9285,16,18,23,26,27,23/08/2022
9284,12,18,20,26,28,22/08/2022
9283,1,7,9,11,28,22/08/2022
9282,3,10,17,27,28,21/08/2022
9281,4,8,12,15,19,21/08/2022
9280,2,6,9,21,22,20/08/2022
9279,3,10,12,20,21,20/08/2022
9278,1,2,9,11,19,19/08/2022
9277,13,14,16,18,21,19/08/2022
9276,2,7,10,24,27,18/08/2022
9275,14,17,22,23,28,18/08/2022
9274,4,7,12,22,26,17/08/2022
9273,2,12,13,15,19,17/08/2022
9272,2,6,9,14,26,16/08/2022
9271,4,7,17,21,26,16/08/2022
9270,1,5,9,20,24,15/08/2022
9269,6,9,10,15,26,15/08/2022
9268,1,13,17,26,27,14/08/2022
9267,1,2,10,13,21,14/08/2022
9266,5,10,20,24,26,13/08/2022
9265,1,2,8,23,26,13/08/2022
9264,1,6,7,24,26,12/08/2022
9263,4,10,11,13,18,12/08/2022
9262,4,7,15,19,24,11/08/2022
9261,4,5,7,15,25,11/08/2022
9260,5,10,11,17,27,10/08/2022
9259,12,15,17,20,23,10/08/2022
9258,5,6,17,25,27,09/08/2022
9257,1,2,5,9,24,09/08/2022
9256,3,9,12,18,26,08/08/2022
9255,10,17,21,22,24,08/08/2022
9254,1,9,13,19,25,07/08/2022
9253,1,2,13,23,25,07/08/2022
9252,5,6,19,23,26,06/08/2022
9251,9,11,17,24,26,06/08/2022
9250,2,5,14,19,22,05/08/2022
9249,2,9,16,20,26,05/08/2022
9248,1,13,16,21,27,04/08/2022
9247,6,9,12,17,20,04/08/2022
9246,5,9,20,24,27,03/08/2022
9245,3,4,8,12,18,03/08/2022
9244,5,15,17,20,23,02/08/2022
9243,4,11,12,13,26,02/08/2022
9242,1,6,9,20,28,01/08/2022
9241,2,6,17,23,27,01/08/2022
9240,11,12,14,21,27,31/07/2022
9239,5,11,15,21,23,31/07/2022
9238,5,15,21,22,25,30/07/2022
9237,4,8,9,14,25,30/07/2022
9236,2,8,13,18,27,29/07/2022
9235,1,2,6,7,8,29/07/2022
9234,4,12,20,25,26,28/07/2022
9233,1,2,18,22,27,28/07/2022
9232,7,12,23,24,28,27/07/2022
9231,2,3,5,23,26,27/07/2022
9230,1,7,9,20,22,26/07/2022
9229,4,14,18,24,27,26/07/2022
9228,4,8,14,23,25,25/07/2022
9227,5,6,10,21,24,25/07/2022
9226,6,16,19,23,27,24/07/2022
9225,1,2,5,15,26,24/07/2022
9224,9,11,12,16,18,23/07/2022
9223,2,9,14,19,28,23/07/2022
9222,2,11,12,15,19,22/07/2022
9221,6,10,12,18,19,22/07/2022
9220,2,4,7,14,27,21/07/2022
9219,7,13,14,15,26,21/07/2022
9218,3,19,22,24,27,20/07/2022
9217,1,13,17,21,26,20/07/2022
9216,9,11,19,26,28,19/07/2022
9215,12,16,17,21,27,19/07/2022
9214,5,20,22,23,28,18/07/2022
9213,7,11,15,19,24,18/07/2022
9212,8,12,20,24,26,17/07/2022
9211,2,10,16,24,25,17/07/2022
9210,6,9,11,14,18,16/07/2022
9209,2,4,13,17,18,16/07/2022
9208,8,12,15,18,25,15/07/2022
9207,9,11,13,17,22,15/07/2022
9206,7,17,22,25,28,14/07/2022
9205,1,9,10,19,24,14/07/2022
9204,3,6,20,25,26,13/07/2022
9203,3,12,15,20,25,13/07/2022
9202,4,7,11,12,24,12/07/2022
9201,3,10,11,17,23,12/07/2022
9200,5,6,17,26,27,11/07/2022
9199,3,4,6,26,27,11/07/2022
9198,4,7,16,22,28,10/07/2022
9197,3,8,9,19,24,10/07/2022
9196,3,6,9,14,20,09/07/2022
9195,2,5,8,12,19,09/07/2022
9194,1,2,5,13,15,08/07/2022
9193,9,13,15,16,22,08/07/2022
9192,9,18,19,25,27,07/07/2022
9191,1,8,14,22,25,07/07/2022
9190,2,6,17,23,25,06/07/2022
9189,5,16,17,22,24,06/07/2022
9188,2,5,9,14,15,05/07/2022
9187,1,8,19,24,25,05/07/2022
9186,4,7,18,20,21,04/07/2022
9185,2,6,12,13,24,04/07/2022
9184,4,10,18,23,27,03/07/2022
9183,1,3,5,22,27,03/07/2022
9182,2,14,15,26,27,02/07/2022
9181,4,10,12,14,17,02/07/2022
9180,11,12,16,21,25,01/07/2022
9179,2,11,12,18,27,01/07/2022
9178,4,6,8,14,23,30/06/2022
9177,1,9,11,17,18,30/06/2022
9176,2,13,17,26,28,29/06/2022
9175,1,5,13,14,28,29/06/2022
9174,6,7,8,10,24,28/06/2022
9173,5,10,15,26,27,28/06/2022
9172,2,3,11,12,13,27/06/2022
9171,2,3,21,24,25,27/06/2022
9170,1,4,15,18,26,26/06/2022
9169,3,4,8,17,20,26/06/2022
9168,5,17,20,23,24,25/06/2022
9167,2,3,15,21,24,25/06/2022
9166,3,4,8,21,26,24/06/2022
9165,6,7,15,21,24,24/06/2022
9164,3,4,9,11,28,23/06/2022
9163,1,2,7,22,26,23/06/2022
9162,1,14,18,21,23,22/06/2022
9161,4,6,8,12,27,22/06/2022
9160,6,17,20,26,27,21/06/2022
9159,3,13,16,21,28,21/06/2022
9158,9,14,16,19,27,20/06/2022
9157,6,11,20,23,26,20/06/2022
9156,2,9,13,20,25,19/06/2022
9155,7,8,13,21,26,19/06/2022
9154,2,10,18,25,26,18/06/2022
9153,9,10,11,12,13,18/06/2022
9152,2,6,11,16,23,17/06/2022
9151,2,3,18,21,26,17/06/2022
9150,8,11,16,20,22,16/06/2022
9149,1,10,11,20,27,16/06/2022
9148,2,6,10,18,20,15/06/2022
9147,2,4,6,17,25,15/06/2022
9146,5,13,17,18,19,14/06/2022
9145,2,3,4,10,21,14/06/2022
9144,5,22,23,27,28,13/06/2022
9143,7,10,11,17,18,13/06/2022
9142,5,12,20,23,26,12/06/2022
9141,1,7,12,19,25,12/06/2022
9140,6,12,15,16,28,11/06/2022
9139,7,12,19,26,27,11/06/2022
9138,5,7,8,14,23,10/06/2022
9137,8,11,13,14,15,10/06/2022
9136,12,15,21,27,28,09/06/2022
9135,3,9,13,19,22,09/06/2022
9134,1,4,6,7,18,08/06/2022
9133,2,6,15,19,28,08/06/2022
9132,4,7,11,16,17,07/06/2022
9131,9,12,15,19,27,07/06/2022
9130,3,10,17,22,28,06/06/2022
9129,5,7,11,15,23,06/06/2022
9128,8,15,21,22,25,05/06/2022
9127,8,15,22,26,27,05/06/2022
9126,2,10,11,15,25,04/06/2022
9125,3,18,20,23,24,04/06/2022
9124,4,5,11,13,25,03/06/2022
9123,4,6,23,26,27,03/06/2022
9122,3,6,8,15,18,02/06/2022
9121,4,6,13,21,26,02/06/2022
9120,1,2,15,23,28,01/06/2022
9119,5,7,19,24,27,01/06/2022
9118,1,4,5,16,27,31/05/2022
9117,6,7,16,18,20,31/05/2022
9116,13,15,19,22,27,30/05/2022
9115,2,3,9,14,28,30/05/2022
9114,9,11,14,18,25,29/05/2022
9113,6,11,18,19,25,29/05/2022
9112,2,3,6,21,24,28/05/2022
9111,12,13,14,26,27,28/05/2022
9110,2,10,24,26,27,27/05/2022
9109,4,6,15,16,27,27/05/2022
9108,3,8,17,19,25,26/05/2022
9107,3,6,10,19,24,26/05/2022
9106,1,2,18,23,26,25/05/2022
9105,3,19,20,21,24,25/05/2022
9104,2,3,13,18,20,24/05/2022
9103,12,14,16,20,21,24/05/2022
9102,2,5,18,21,24,23/05/2022
9101,1,8,9,11,21,23/05/2022
9100,10,16,21,22,23,22/05/2022
9099,4,9,17,24,26,22/05/2022
9098,11,14,20,25,27,21/05/2022
9097,4,11,15,21,24,21/05/2022
9096,2,19,22,24,25,20/05/2022
9095,10,13,18,26,28,20/05/2022
9094,3,13,19,24,27,19/05/2022
9093,3,12,20,25,26,19/05/2022
9092,19,20,22,27,28,18/05/2022
9091,1,2,17,21,25,18/05/2022
9090,7,10,12,13,23,17/05/2022
9089,1,7,13,16,27,17/05/2022
9088,1,9,11,26,28,16/05/2022
9087,3,9,13,27,28,16/05/2022
9086,4,8,11,14,18,15/05/2022
9085,5,7,15,19,27,15/05/2022
9084,4,8,19,24,27,14/05/2022
9083,12,13,14,18,22,14/05/2022
9082,6,17,18,21,23,13/05/2022
9081,2,8,25,26,28,13/05/2022
9080,1,5,20,26,28,12/05/2022
9079,5,10,15,16,21,12/05/2022
9078,3,5,6,7,23,11/05/2022
9077,8,11,14,16,19,11/05/2022
9076,9,18,24,25,26,10/05/2022
9075,6,9,10,12,26,10/05/2022
9074,2,5,9,20,23,09/05/2022
9073,7,12,18,24,28,09/05/2022
9072,9,12,16,17,24,08/05/2022
9071,1,12,14,17,20,08/05/2022
9070,8,21,22,24,25,07/05/2022
9069,8,15,16,20,22,07/05/2022
9068,4,5,9,22,24,06/05/2022
9067,3,9,10,14,21,06/05/2022
9066,2,9,14,16,17,05/05/2022
9065,1,9,15,23,28,05/05/2022
9064,3,14,17,18,25,04/05/2022
9063,5,6,20,21,27,04/05/2022
9062,3,9,25,27,28,03/05/2022
9061,2,6,13,15,24,03/05/2022
9060,11,15,17,20,28,02/05/2022
9059,9,10,12,16,25,02/05/2022
9058,5,9,15,22,28,01/05/2022
9057,7,13,14,24,26,01/05/2022
9056,6,8,14,19,28,30/04/2022
9055,6,8,12,22,28,30/04/2022
9054,1,4,14,16,23,29/04/2022
9053,4,6,11,14,25,29/04/2022
9052,1,12,13,24,26,28/04/2022
9051,12,17,21,24,28,28/04/2022
9050,12,15,21,22,25,27/04/2022
9049,7,12,17,23,26,27/04/2022
9048,4,8,12,14,25,26/04/2022
9047,10,15,18,21,22,26/04/2022
9046,2,10,22,24,27,25/04/2022
9045,2,11,12,24,28,25/04/2022
9044,1,19,23,25,26,24/04/2022
9043,4,6,7,19,27,24/04/2022
9042,8,10,13,23,24,23/04/2022
9041,1,4,12,14,23,23/04/2022
9040,1,2,7,22,24,22/04/2022
9039,4,15,22,24,27,22/04/2022
9038,6,10,14,18,23,21/04/2022
9037,2,4,10,17,25,21/04/2022
9036,4,9,11,14,28,20/04/2022
9035,2,5,11,23,27,20/04/2022
9034,12,17,19,20,21,19/04/2022
9033,5,10,19,20,23,19/04/2022
9032,1,2,12,15,16,18/04/2022
9031,3,7,13,24,27,18/04/2022
9030,9,10,20,23,24,17/04/2022
9029,6,7,12,19,22,17/04/2022
9028,2,13,18,22,28,16/04/2022
9027,9,12,19,24,25,16/04/2022
9026,4,17,22,23,24,15/04/2022
9025,5,6,14,15,22,15/04/2022
9024,2,14,15,18,26,14/04/2022
9023,7,13,15,20,24,14/04/2022
9022,16,21,22,24,25,13/04/2022
9021,4,16,22,23,27,13/04/2022
9020,2,3,11,19,21,12/04/2022
9019,2,9,11,12,18,12/04/2022
9018,10,20,21,23,27,11/04/2022
9017,2,5,16,22,27,11/04/2022
9016,12,15,20,27,28,10/04/2022
9015,2,4,9,11,14,10/04/2022
9014,15,17,18,23,24,09/04/2022
9013,1,6,15,18,22,09/04/2022
9012,2,7,11,12,17,08/04/2022
9011,1,6,7,22,24,08/04/2022
9010,2,5,8,10,18,07/04/2022
9009,1,12,13,14,15,07/04/2022
9008,13,15,21,24,28,06/04/2022
9007,1,3,8,13,15,06/04/2022
9006,6,7,11,16,27,05/04/2022
9005,1,3,6,12,20,05/04/2022
9004,8,10,13,18,19,04/04/2022
9003,8,9,20,21,27,04/04/2022
9002,4,7,17,24,27,03/04/2022
9001,7,12,16,23,25,03/04/2022
9000,2,18,19,20,22,02/04/2022
8999,7,9,13,15,18,02/04/2022
8998,3,16,17,22,23,01/04/2022
8997,5,6,12,14,18,01/04/2022
8996,1,16,19,21,26,31/03/2022
8995,4,6,7,8,15,31/03/2022
8994,2,9,20,23,27,30/03/2022
8993,13,15,16,23,27,30/03/2022
8992,9,10,12,26,27,29/03/2022
8991,9,17,18,22,27,29/03/2022
8990,5,16,20,21,27,28/03/2022
8989,8,12,14,15,16,28/03/2022
8988,4,7,8,11,26,27/03/2022
8987,1,6,8,16,23,27/03/2022
8986,3,12,18,24,26,26/03/2022
8985,1,10,11,14,21,26/03/2022
8984,2,8,11,12,19,25/03/2022
8983,7,8,9,17,20,25/03/2022
8982,5,9,11,12,18,24/03/2022
8981,8,11,19,22,23,24/03/2022
8980,9,11,24,26,27,23/03/2022
8979,4,23,25,26,28,23/03/2022
8978,5,10,13,19,25,22/03/2022
8977,3,5,8,9,26,22/03/2022
8976,2,5,16,20,21,21/03/2022
8975,7,11,21,22,24,21/03/2022
8974,4,6,9,14,17,20/03/2022
8973,6,7,13,20,28,20/03/2022
8972,1,2,17,22,25,19/03/2022
8971,2,9,25,26,27,19/03/2022
8970,3,16,19,20,27,18/03/2022
8969,9,20,22,23,24,18/03/2022
8968,10,13,14,22,28,17/03/2022
8967,4,11,18,23,24,17/03/2022
8966,1,19,20,21,26,16/03/2022
8965,7,13,16,25,26,16/03/2022
8964,2,11,23,25,28,15/03/2022
8963,1,4,8,23,26,15/03/2022
8962,1,12,14,27,28,14/03/2022
8961,2,7,14,20,23,14/03/2022
8960,7,12,13,21,28,13/03/2022
8959,11,14,17,18,24,13/03/2022
8958,11,22,24,26,27,12/03/2022
8957,4,7,16,18,23,12/03/2022
8956,7,8,11,14,17,11/03/2022
8955,2,13,18,20,21,11/03/2022
8954,1,2,3,13,19,10/03/2022
8953,5,9,15,16,25,10/03/2022
8952,1,18,21,23,27,09/03/2022
8951,3,10,12,20,26,09/03/2022
8950,9,11,12,17,21,08/03/2022
8949,2,7,9,16,17,08/03/2022
8948,2,17,20,27,28,07/03/2022
8947,4,8,20,26,28,07/03/2022
8946,4,5,16,18,26,06/03/2022
8945,1,4,9,12,26,06/03/2022
8944,18,19,24,27,28,05/03/2022
8943,1,7,9,11,17,05/03/2022
8942,2,7,17,21,28,04/03/2022
8941,7,11,19,21,26,04/03/2022
8940,4,8,15,25,26,03/03/2022
8939,2,15,17,22,26,03/03/2022
8938,14,22,24,25,27,02/03/2022
8937,3,6,20,23,28,02/03/2022
8936,6,11,12,17,24,01/03/2022
8935,1,11,19,21,27,01/03/2022
8934,5,9,13,16,24,28/02/2022
8933,1,10,16,25,27,28/02/2022
8932,5,17,18,22,27,27/02/2022
8931,10,11,16,17,18,27/02/2022
8930,1,4,6,12,27,26/02/2022
8929,11,23,24,27,28,26/02/2022
8928,1,2,8,19,28,25/02/2022
8927,4,10,12,24,27,25/02/2022
8926,4,5,9,12,18,24/02/2022
8925,5,13,14,21,28,24/02/2022
8924,3,4,11,14,15,23/02/2022
8923,1,2,18,19,26,23/02/2022
8922,9,13,22,24,27,22/02/2022
8921,1,2,4,14,17,22/02/2022
8920,2,10,11,15,17,21/02/2022
8919,2,9,15,16,20,21/02/2022
8918,3,5,9,15,21,20/02/2022
8917,12,18,19,24,27,20/02/2022
8916,5,6,17,18,24,19/02/2022
8915,1,4,6,16,25,19/02/2022
8914,1,4,9,13,28,18/02/2022
8913,11,14,17,27,28,18/02/2022
8912,1,4,14,18,20,17/02/2022
8911,5,8,11,14,28,17/02/2022
8910,1,15,17,25,27,16/02/2022
8909,3,10,14,22,23,16/02/2022
8908,6,7,10,14,27,15/02/2022
8907,3,7,13,14,19,15/02/2022
8906,3,11,14,17,21,14/02/2022
8905,2,19,23,26,28,14/02/2022
8904,13,18,24,25,28,13/02/2022
8903,5,13,22,24,27,13/02/2022
8902,3,6,8,15,26,12/02/2022
8901,8,15,21,24,28,12/02/2022
8900,10,11,15,20,24,11/02/2022
8899,1,6,12,22,25,11/02/2022
8898,1,10,12,17,19,10/02/2022
8897,6,15,16,26,27,10/02/2022
8896,5,14,21,23,26,09/02/2022
8895,1,9,12,13,21,09/02/2022
8894,1,3,4,15,18,08/02/2022
8893,9,10,14,16,27,08/02/2022
8892,1,12,15,21,26,07/02/2022
8891,4,12,16,26,28,07/02/2022
8890,2,16,19,25,28,06/02/2022
8889,4,6,11,17,24,06/02/2022
8888,5,10,15,21,24,05/02/2022
8887,1,3,6,15,24,05/02/2022
8886,2,3,13,18,28,04/02/2022
8885,2,8,20,26,27,04/02/2022
8884,9,10,11,13,27,03/02/2022
8883,1,6,8,11,14,03/02/2022
8882,4,5,6,11,22,02/02/2022
8881,1,8,10,12,14,02/02/2022
8880,4,20,23,25,27,01/02/2022
8879,2,8,12,21,28,01/02/2022
8878,1,14,18,23,26,31/01/2022
8877,4,13,24,25,28,31/01/2022
8876,5,16,18,19,25,30/01/2022
8875,18,20,22,26,27,30/01/2022
8874,1,5,7,22,25,29/01/2022
8873,8,18,19,24,28,29/01/2022
8872,7,20,21,24,27,28/01/2022
8871,2,3,10,15,19,28/01/2022
8870,7,15,20,21,28,27/01/2022
8869,12,13,20,21,25,27/01/2022
8868,1,3,14,15,16,26/01/2022
8867,4,7,13,15,28,26/01/2022
8866,1,6,10,17,24,25/01/2022
8865,4,13,16,23,28,25/01/2022
8864,15,17,23,25,26,24/01/2022
8863,5,8,9,18,27,24/01/2022
8862,1,2,3,11,17,23/01/2022
8861,1,4,7,10,18,23/01/2022
8860,2,6,8,10,23,22/01/2022
8859,8,12,15,18,25,22/01/2022
8858,13,18,19,22,28,21/01/2022
8857,4,5,9,16,21,21/01/2022
8856,6,10,16,17,27,20/01/2022
8855,7,10,13,15,22,20/01/2022
8854,2,4,10,19,27,19/01/2022
8853,2,5,8,25,27,19/01/2022
8852,10,13,15,16,24,18/01/2022
8851,1,4,11,21,24,18/01/2022
8850,3,8,9,10,12,17/01/2022
8849,2,5,6,18,27,17/01/2022
8848,15,16,20,22,25,16/01/2022
8847,3,6,11,18,21,16/01/2022
8846,7,11,18,24,26,15/01/2022
8845,3,6,10,11,22,15/01/2022
8844,13,14,15,20,22,14/01/2022
8843,7,10,11,20,25,14/01/2022
8842,6,10,12,15,20,13/01/2022
8841,4,10,13,14,18,13/01/2022
8840,9,10,12,14,21,12/01/2022
8839,9,12,16,20,23,12/01/2022
8838,2,6,7,15,26,11/01/2022
8837,16,17,20,24,26,11/01/2022
8836,2,3,11,21,22,10/01/2022
8835,1,10,12,17,20,10/01/2022
8834,3,9,11,16,25,09/01/2022
8833,1,12,17,22,26,09/01/2022
8832,9,11,12,15,22,08/01/2022
8831,5,14,16,21,24,08/01/2022
8830,5,18,19,23,25,07/01/2022
8829,5,8,13,16,26,07/01/2022
8828,1,6,11,12,27,06/01/2022
8827,8,10,17,24,27,06/01/2022
8826,3,5,11,17,19,05/01/2022
8825,3,5,8,9,25,05/01/2022
8824,13,14,15,21,28,04/01/2022
8823,10,18,23,24,26,04/01/2022
8822,2,6,8,9,23,03/01/2022
8821,9,15,22,25,26,03/01/2022
8820,3,9,20,21,28,02/01/2022
8819,1,8,13,17,19,02/01/2022
8818,4,9,17,21,23,01/01/2022
8817,5,11,16,18,20,01/01/2022
8816,1,2,3,7,8,31/12/2021
8815,2,8,9,10,12,31/12/2021
8814,11,17,18,20,26,30/12/2021
8813,4,5,17,21,23,30/12/2021
8812,2,14,20,22,26,29/12/2021
8811,2,6,9,10,26,29/12/2021
8810,1,4,16,18,24,28/12/2021
8809,1,4,14,17,25,28/12/2021
8808,3,14,15,17,21,27/12/2021
8807,1,2,5,12,18,27/12/2021
8806,5,12,19,26,27,26/12/2021
8805,1,2,10,11,13,26/12/2021
8804,1,9,11,16,17,25/12/2021
8803,3,4,16,20,23,25/12/2021
8802,7,12,23,24,27,24/12/2021
8801,1,2,20,26,28,24/12/2021
8800,6,9,10,16,22,23/12/2021
8799,1,5,13,16,23,23/12/2021
8798,1,2,8,11,15,22/12/2021
8797,4,13,15,16,23,22/12/2021
8796,5,7,9,13,20,21/12/2021
8795,4,6,12,19,20,21/12/2021
8794,2,4,12,26,28,20/12/2021
8793,3,5,9,16,20,20/12/2021
8792,6,10,19,20,21,19/12/2021
8791,4,15,23,24,27,19/12/2021
8790,1,2,9,15,23,18/12/2021
8789,6,8,21,24,27,18/12/2021
8788,1,4,13,24,27,17/12/2021
8787,4,15,22,23,26,17/12/2021
8786,5,7,17,18,20,16/12/2021
8785,3,11,19,25,27,16/12/2021
8784,3,6,13,16,18,15/12/2021
8783,5,9,12,14,22,15/12/2021
8782,9,14,19,20,23,14/12/2021
8781,5,7,15,19,28,14/12/2021
8780,12,16,19,22,26,13/12/2021
8779,2,7,15,17,25,13/12/2021
8778,5,7,10,16,27,12/12/2021
8777,2,5,13,23,27,12/12/2021
8776,10,12,18,24,26,11/12/2021
8775,15,18,20,24,25,11/12/2021
8774,6,10,19,20,25,10/12/2021
8773,14,16,24,25,26,10/12/2021
8772,6,17,19,21,25,09/12/2021
8771,2,13,14,15,24,09/12/2021
8770,15,21,22,24,25,08/12/2021
8769,1,6,15,18,20,08/12/2021
8768,2,7,14,20,24,07/12/2021
8767,15,17,18,20,24,07/12/2021
8766,10,14,16,24,28,06/12/2021
8765,1,3,10,20,21,06/12/2021
8764,9,10,18,19,25,05/12/2021
8763,6,8,12,14,18,05/12/2021
8762,2,7,11,13,21,04/12/2021
8761,7,8,13,22,23,04/12/2021
8760,3,13,21,25,28,03/12/2021
8759,4,6,10,11,28,03/12/2021
8758,2,6,9,19,23,02/12/2021
8757,1,5,10,15,27,02/12/2021
8756,3,9,15,19,24,01/12/2021
8755,2,12,13,17,26,01/12/2021
8754,1,4,8,25,27,30/11/2021
8753,5,14,16,18,28,30/11/2021
8752,9,15,18,25,27,29/11/2021
8751,10,11,15,21,23,29/11/2021
8750,2,12,14,22,27,28/11/2021
8749,19,20,22,26,28,28/11/2021
8748,10,11,21,22,28,27/11/2021
8747,1,3,4,12,13,27/11/2021
8746,7,8,9,26,27,26/11/2021
8745,6,9,16,17,26,26/11/2021
8744,4,6,17,23,24,25/11/2021
8743,1,5,18,19,26,25/11/2021
8742,6,12,18,21,27,24/11/2021
8741,13,17,19,21,22,24/11/2021
8740,2,4,6,10,12,23/11/2021
8739,4,6,8,13,19,23/11/2021
8738,5,10,15,18,28,22/11/2021
8737,1,8,19,20,24,22/11/2021
8736,4,8,18,23,27,21/11/2021
8735,1,4,20,22,24,21/11/2021
8734,5,9,19,23,24,20/11/2021
8733,1,2,13,17,21,20/11/2021
8732,1,18,21,24,26,19/11/2021
8731,3,7,16,25,26,19/11/2021
8730,5,9,15,22,24,18/11/2021
8729,4,9,10,19,27,18/11/2021
8728,4,6,10,15,22,17/11/2021
8727,3,16,18,25,26,17/11/2021
8726,6,14,15,23,26,16/11/2021
8725,3,4,18,19,22,16/11/2021
8724,7,9,14,18,24,15/11/2021
8723,2,15,19,22,28,15/11/2021
8722,7,17,19,22,24,14/11/2021
8721,8,9,22,25,27,14/11/2021
8720,4,6,10,15,18,13/11/2021
8719,2,7,8,11,15,13/11/2021
8718,2,6,9,10,21,12/11/2021
8717,13,16,17,22,23,12/11/2021
8716,12,19,22,23,27,11/11/2021
8715,8,14,23,24,26,11/11/2021
8714,8,19,21,22,25,10/11/2021
8713,2,13,17,22,26,10/11/2021
8712,1,11,13,14,19,09/11/2021
8711,9,10,13,19,27,09/11/2021
8710,1,3,17,19,21,08/11/2021
8709,7,12,14,19,22,08/11/2021
8708,6,9,14,19,22,07/11/2021
8707,1,4,6,22,27,07/11/2021
8706,6,8,10,20,26,06/11/2021
8705,7,14,18,24,27,06/11/2021
8704,4,7,17,18,23,05/11/2021
8703,4,9,10,20,23,05/11/2021
8702,2,9,19,20,28,04/11/2021
8701,7,14,19,22,23,04/11/2021
8700,1,3,14,15,28,03/11/2021
8699,1,2,5,8,19,03/11/2021
8698,3,12,14,15,23,02/11/2021
8697,10,15,18,22,26,02/11/2021
8696,1,6,7,17,27,01/11/2021
8695,7,8,17,22,24,01/11/2021
8694,3,5,8,14,16,31/10/2021
8693,10,16,18,24,27,31/10/2021
8692,2,10,13,14,16,30/10/2021
8691,3,7,8,12,16,30/10/2021
8690,3,6,10,12,19,29/10/2021
8689,2,4,10,16,28,29/10/2021
8688,6,18,19,22,26,28/10/2021
8687,5,10,13,17,22,28/10/2021
8686,4,8,14,16,24,27/10/2021
8685,3,5,10,25,27,27/10/2021
8684,2,9,12,25,28,26/10/2021
8683,10,15,16,17,27,26/10/2021
8682,2,3,21,25,28,25/10/2021
8681,11,18,23,27,28,25/10/2021
8680,8,10,16,17,22,24/10/2021
8679,9,13,20,21,27,24/10/2021
8678,6,10,11,12,14,23/10/2021
8677,6,10,14,19,28,23/10/2021
8676,3,9,17,18,20,22/10/2021
8675,16,18,22,23,26,22/10/2021
8674,5,9,17,24,28,21/10/2021
8673,9,14,16,21,28,21/10/2021
8672,8,11,16,19,20,20/10/2021
8671,3,7,10,12,25,20/10/2021
8670,3,6,13,21,25,19/10/2021
8669,2,4,5,16,28,19/10/2021
8668,3,10,12,15,28,18/10/2021
8667,5,12,17,19,22,18/10/2021
8666,2,8,18,21,24,17/10/2021
8665,4,11,15,26,28,17/10/2021
8664,4,16,17,20,26,16/10/2021
8663,4,10,14,18,19,16/10/2021
8662,7,13,21,26,27,15/10/2021
8661,3,10,16,20,26,15/10/2021
8660,1,2,3,5,12,14/10/2021
8659,7,9,21,23,26,14/10/2021
8658,6,17,23,26,28,13/10/2021
8657,14,15,17,19,28,13/10/2021
8656,8,14,15,19,26,12/10/2021
8655,1,11,22,27,28,12/10/2021
8654,2,11,12,13,16,11/10/2021
8653,1,5,13,14,23,11/10/2021
8652,3,9,12,13,20,10/10/2021
8651,3,10,14,25,26,10/10/2021
8650,2,5,14,19,21,09/10/2021
8649,1,8,12,18,22,09/10/2021
8648,2,3,12,21,27,08/10/2021
8647,6,7,14,27,28,08/10/2021
8646,4,8,16,17,25,07/10/2021
8645,2,3,5,6,15,07/10/2021
8644,5,9,12,15,19,06/10/2021
8643,2,5,7,22,24,06/10/2021
8642,1,14,16,20,26,05/10/2021
8641,6,11,16,22,27,05/10/2021
8640,1,6,13,16,23,04/10/2021
8639,3,4,7,14,24,04/10/2021
8638,3,6,12,22,27,03/10/2021
8637,7,8,10,22,26,03/10/2021
8636,7,15,18,20,21,02/10/2021
8635,1,2,7,26,27,02/10/2021
8634,2,5,8,12,23,01/10/2021
8633,1,3,16,20,25,01/10/2021
8632,8,11,12,20,27,30/09/2021
8631,6,16,22,23,25,30/09/2021
8630,11,16,18,19,21,29/09/2021
8629,5,7,12,16,22,29/09/2021
8628,2,3,9,23,26,28/09/2021
8627,6,11,17,26,27,28/09/2021
8626,1,7,15,16,18,27/09/2021
8625,3,7,11,20,22,27/09/2021
8624,1,3,8,12,20,26/09/2021
8623,4,12,15,18,27,26/09/2021
8622,9,14,18,23,24,25/09/2021
8621,5,13,14,27,28,25/09/2021
8620,5,6,8,14,22,24/09/2021
8619,8,9,20,21,26,24/09/2021
8618,3,4,6,7,28,23/09/2021
8617,7,13,20,21,23,23/09/2021
8616,4,6,15,21,27,22/09/2021
8615,1,2,3,16,26,22/09/2021
8614,4,10,16,17,26,21/09/2021
8613,2,15,18,19,23,21/09/2021
8612,2,6,18,24,27,20/09/2021
8611,4,12,15,22,26,20/09/2021
8610,4,5,11,12,26,19/09/2021
8609,3,8,16,18,25,19/09/2021
8608,9,12,21,26,28,18/09/2021
8607,4,13,16,22,28,18/09/2021
8606,2,7,14,17,25,17/09/2021
8605,8,22,24,25,27,17/09/2021
8604,3,5,18,21,27,16/09/2021
8603,7,11,16,22,25,16/09/2021
8602,3,8,17,21,25,15/09/2021
8601,6,12,13,19,26,15/09/2021
8600,3,8,16,17,22,14/09/2021
8599,4,16,18,21,22,14/09/2021
8598,6,9,17,20,21,13/09/2021
8597,1,2,4,14,22,13/09/2021
8596,4,6,10,18,23,12/09/2021
8595,7,11,17,19,28,12/09/2021
8594,5,8,20,24,28,11/09/2021
8593,5,10,14,17,28,11/09/2021
8592,1,2,10,17,28,10/09/2021
8591,1,5,6,7,20,10/09/2021
8590,3,4,6,12,17,09/09/2021
8589,4,7,8,14,17,09/09/2021
8588,8,14,22,26,27,08/09/2021
8587,9,15,18,19,21,08/09/2021
8586,4,12,16,21,23,07/09/2021
8585,3,8,22,24,25,07/09/2021
8584,8,9,13,18,25,06/09/2021
8583,8,10,12,17,24,06/09/2021
8582,12,19,23,25,27,05/09/2021
8581,5,17,21,23,27,05/09/2021
8580,2,5,17,20,26,04/09/2021
8579,13,21,22,27,28,04/09/2021
8578,2,7,10,14,23,03/09/2021
8577,2,8,14,17,28,03/09/2021
8576,1,16,17,20,27,02/09/2021
8575,4,7,10,17,23,02/09/2021
8574,6,8,12,19,22,01/09/2021
8573,1,7,11,19,23,01/09/2021
8572,15,17,22,25,27,31/08/2021
8571,1,11,12,24,26,31/08/2021
8570,1,7,8,14,24,30/08/2021
8569,2,3,5,8,28,30/08/2021
8568,4,10,11,13,25,29/08/2021
8567,4,8,10,16,21,29/08/2021
8566,2,13,19,20,24,28/08/2021
8565,14,18,24,27,28,28/08/2021
8564,11,12,19,23,24,27/08/2021
8563,10,11,16,19,21,27/08/2021
8562,5,6,15,17,18,26/08/2021
8561,7,9,21,26,27,26/08/2021
8560,4,7,10,11,26,25/08/2021
8559,1,3,4,5,27,25/08/2021
8558,1,9,15,16,28,24/08/2021
8557,11,21,24,26,28,24/08/2021
8556,12,14,15,16,28,23/08/2021
8555,5,9,12,18,20,23/08/2021
8554,1,3,4,10,20,22/08/2021
8553,1,15,23,24,28,22/08/2021
8552,9,13,19,26,27,21/08/2021
8551,10,13,17,24,25,21/08/2021
8550,2,7,17,20,22,20/08/2021
8549,1,13,16,18,26,20/08/2021
8548,4,5,15,17,20,19/08/2021
8547,5,6,20,24,25,19/08/2021
8546,3,6,18,21,28,18/08/2021
8545,7,12,16,21,26,18/08/2021
8544,4,14,20,24,25,17/08/2021
8543,3,16,18,27,28,17/08/2021
8542,3,14,19,25,26,16/08/2021
8541,10,13,21,23,26,16/08/2021
8540,1,2,6,16,25,15/08/2021
8539,6,10,13,25,28,15/08/2021
8538,1,15,20,23,25,14/08/2021
8537,1,2,9,12,21,14/08/2021
8536,8,11,16,24,28,13/08/2021
8535,1,12,17,19,27,13/08/2021
8534,2,5,8,11,27,12/08/2021
8533,4,5,19,23,25,12/08/2021
8532,3,8,12,16,19,11/08/2021
8531,3,9,15,17,20,11/08/2021
8530,3,12,17,18,23,10/08/2021
8529,5,13,18,25,27,10/08/2021
8528,6,15,16,18,27,09/08/2021
8527,10,13,14,17,19,09/08/2021
8526,2,8,9,18,24,08/08/2021
8525,3,7,10,18,21,08/08/2021
8524,17,21,22,25,26,07/08/2021
8523,8,17,18,23,25,07/08/2021
8522,1,4,10,13,23,06/08/2021
8521,10,20,21,26,28,06/08/2021
8520,4,7,11,22,25,05/08/2021
8519,8,13,19,20,27,05/08/2021
8518,5,7,10,16,19,04/08/2021
8517,1,7,13,17,28,04/08/2021
8516,2,9,10,17,22,03/08/2021
8515,5,9,12,19,24,03/08/2021
8514,3,12,15,19,27,02/08/2021
8513,1,10,14,16,21,02/08/2021
8512,4,8,13,16,22,01/08/2021
8511,1,2,13,25,26,01/08/2021
8510,6,7,15,16,24,31/07/2021
8509,16,19,20,26,28,31/07/2021
8508,15,20,23,25,26,30/07/2021
8507,12,14,19,22,25,30/07/2021
8506,4,7,10,14,22,29/07/2021
8505,3,6,7,14,28,29/07/2021
8504,11,14,22,25,28,28/07/2021
8503,3,7,8,12,20,28/07/2021
8502,8,18,23,26,27,27/07/2021
8501,9,10,21,22,23,27/07/2021
8500,2,4,13,16,19,26/07/2021
8499,12,16,21,22,24,26/07/2021
8498,6,7,8,9,21,25/07/2021
8497,1,8,9,10,28,25/07/2021
8496,3,7,15,17,26,24/07/2021
8495,3,10,15,18,21,24/07/2021
8494,4,6,13,23,24,23/07/2021
8493,8,10,11,14,24,23/07/2021
8492,2,4,12,20,28,22/07/2021
8491,10,14,18,23,27,22/07/2021
8490,3,7,16,20,23,21/07/2021
8489,1,10,16,20,25,21/07/2021
8488,2,10,16,22,28,20/07/2021
8487,2,6,18,23,24,20/07/2021
8486,1,5,12,16,28,19/07/2021
8485,12,13,16,18,19,19/07/2021
8484,5,7,8,21,22,18/07/2021
8483,7,14,16,21,26,18/07/2021
8482,6,14,16,18,26,17/07/2021
8481,3,12,14,21,26,17/07/2021
8480,5,9,13,18,24,16/07/2021
8479,2,5,11,12,20,16/07/2021
8478,7,12,16,18,25,15/07/2021
8477,5,12,16,19,25,15/07/2021
8476,5,6,8,17,22,14/07/2021
8475,6,9,21,24,26,14/07/2021
8474,2,4,10,12,20,13/07/2021
8473,5,7,9,17,18,13/07/2021
8472,3,13,16,24,27,12/07/2021
8471,5,9,10,20,27,12/07/2021
8470,3,4,17,24,27,11/07/2021
8469,2,3,6,10,11,11/07/2021
8468,4,12,15,20,25,10/07/2021
8467,2,6,7,16,24,10/07/2021
8466,11,21,22,27,28,09/07/2021
8465,7,17,19,23,25,09/07/2021
8464,2,6,8,9,18,08/07/2021
8463,3,8,22,24,26,08/07/2021
8462,15,16,23,25,27,07/07/2021
8461,2,7,11,13,27,07/07/2021
8460,1,2,10,12,13,06/07/2021
8459,4,9,13,18,25,06/07/2021
8458,7,8,10,14,15,05/07/2021
8457,2,12,17,18,27,05/07/2021
8456,5,6,8,10,11,04/07/2021
8455,4,5,7,15,23,04/07/2021
8454,1,7,9,18,20,03/07/2021
8453,1,8,10,20,24,03/07/2021
8452,7,15,19,26,28,02/07/2021
8451,9,14,17,22,25,02/07/2021
8450,2,7,12,19,22,01/07/2021
8449,3,9,10,16,21,01/07/2021
8448,9,11,16,17,27,30/06/2021
8447,9,13,20,22,25,30/06/2021
8446,6,9,10,22,27,29/06/2021
8445,1,2,3,16,18,29/06/2021
8444,8,9,10,16,18,28/06/2021
8443,1,6,15,17,20,28/06/2021
8442,1,4,9,10,24,27/06/2021
8441,1,2,3,11,14,27/06/2021
8440,8,11,16,17,21,26/06/2021
8439,5,11,12,15,20,26/06/2021
8438,5,7,8,17,27,25/06/2021
8437,8,12,18,20,22,25/06/2021
8436,3,15,21,25,28,24/06/2021
8435,7,11,16,20,23,24/06/2021
8434,9,16,23,24,27,23/06/2021
8433,4,10,13,15,25,23/06/2021
8432,1,8,16,23,27,22/06/2021
8431,1,6,9,22,27,22/06/2021
8430,12,15,16,22,27,21/06/2021
8429,1,13,19,21,28,21/06/2021
8428,3,8,9,18,26,20/06/2021
8427,9,14,21,24,28,20/06/2021
8426,7,17,19,24,25,19/06/2021
8425,4,6,7,18,24,19/06/2021
8424,13,14,16,23,24,18/06/2021
8423,5,7,14,19,21,18/06/2021
8422,10,11,13,19,21,17/06/2021
8421,2,6,9,21,28,17/06/2021
8420,8,13,14,21,27,16/06/2021
8419,6,9,11,17,23,16/06/2021
8418,4,6,12,14,26,15/06/2021
8417,9,19,21,25,27,15/06/2021
8416,2,10,12,24,25,14/06/2021
8415,5,8,11,17,26,14/06/2021
8414,6,11,12,15,16,13/06/2021
8413,2,3,9,10,15,13/06/2021
8412,17,20,21,23,26,12/06/2021
8411,1,4,21,22,27,12/06/2021
8410,6,14,18,19,20,11/06/2021
8409,8,9,10,15,24,11/06/2021
8408,3,4,13,14,24,10/06/2021
8407,2,12,19,22,28,10/06/2021
8406,2,4,11,16,23,09/06/2021
8405,3,8,10,15,17,09/06/2021
8404,4,9,23,25,28,08/06/2021
8403,2,10,11,20,21,08/06/2021
8402,5,7,11,12,13,07/06/2021
8401,6,14,15,21,28,07/06/2021
8400,2,7,14,18,27,06/06/2021
8399,8,17,23,24,25,06/06/2021
8398,2,5,6,17,22,05/06/2021
8397,3,16,20,21,26,05/06/2021
8396,2,3,7,14,27,04/06/2021
8395,14,17,19,20,25,04/06/2021
8394,6,8,17,20,25,03/06/2021
8393,4,5,9,11,24,03/06/2021
8392,10,20,23,24,25,02/06/2021
8391,12,13,19,25,26,02/06/2021
8390,11,12,22,25,26,01/06/2021
8389,1,10,12,19,20,01/06/2021
8388,1,9,12,18,25,31/05/2021
8387,1,5,8,13,20,31/05/2021
8386,1,13,14,19,27,30/05/2021
8385,15,20,21,22,26,30/05/2021
8384,9,10,13,14,19,29/05/2021
8383,2,13,14,22,28,29/05/2021
8382,9,16,17,18,23,28/05/2021
8381,1,6,7,17,24,28/05/2021
8380,9,12,14,15,27,27/05/2021
8379,2,7,11,12,23,27/05/2021
8378,1,10,14,17,19,26/05/2021
8377,1,8,20,26,27,26/05/2021
8376,16,20,23,24,27,25/05/2021
8375,7,8,13,20,27,25/05/2021
8374,12,20,24,25,27,24/05/2021
8373,5,14,17,21,24,24/05/2021
8372,12,15,16,17,24,23/05/2021
8371,6,11,13,21,26,23/05/2021
8370,3,10,13,22,26,22/05/2021
8369,6,7,9,18,26,22/05/2021
8368,1,3,7,12,16,21/05/2021
8367,1,3,7,10,18,21/05/2021
8366,8,9,19,24,25,20/05/2021
8365,1,2,3,4,15,20/05/2021
8364,2,8,22,23,25,19/05/2021
8363,5,6,12,20,24,19/05/2021
8362,6,12,13,14,24,18/05/2021
8361,10,12,14,18,26,18/05/2021
8360,2,10,12,22,28,17/05/2021
8359,2,12,13,19,22,17/05/2021
8358,3,5,9,12,17,16/05/2021
8357,8,10,11,22,27,16/05/2021
8356,3,4,8,15,24,15/05/2021
8355,11,17,20,26,28,15/05/2021
8354,4,5,16,23,25,14/05/2021
8353,1,10,13,14,18,14/05/2021
8352,10,11,13,20,28,13/05/2021
8351,2,9,11,15,26,13/05/2021
8350,8,10,15,17,26,12/05/2021
8349,2,9,17,25,26,12/05/2021
8348,8,9,10,13,26,11/05/2021
8347,5,10,13,16,21,11/05/2021
8346,4,11,17,22,27,10/05/2021
8345,7,16,18,23,24,10/05/2021
8344,1,11,12,22,28,09/05/2021
8343,1,11,16,21,27,09/05/2021
8342,14,15,17,21,23,08/05/2021
8341,13,18,22,26,28,08/05/2021
8340,10,14,18,21,26,07/05/2021
8339,11,13,15,20,27,07/05/2021
8338,2,4,5,14,23,06/05/2021
8337,3,10,13,18,25,06/05/2021
8336,1,5,6,10,22,05/05/2021
8335,2,8,11,14,17,05/05/2021
8334,3,21,24,25,28,04/05/2021
8333,3,4,9,16,21,04/05/2021
8332,3,10,11,21,22,03/05/2021
8331,4,5,15,19,23,03/05/2021
8330,7,10,23,27,28,02/05/2021
8329,6,8,15,23,24,02/05/2021
8328,1,6,13,14,21,01/05/2021
8327,1,9,17,21,28,01/05/2021
8326,4,8,11,18,28,30/04/2021
8325,10,12,17,19,23,30/04/2021
8324,12,13,14,17,26,29/04/2021
8323,1,3,12,18,19,29/04/2021
8322,11,15,18,19,21,28/04/2021
8321,2,4,10,12,14,28/04/2021
8320,4,9,10,18,23,27/04/2021
8319,1,9,12,22,28,27/04/2021
8318,2,6,13,15,23,26/04/2021
8317,7,11,12,13,15,26/04/2021
8316,5,6,10,13,24,25/04/2021
8315,6,7,17,25,28,25/04/2021
8314,2,7,12,19,27,24/04/2021
8313,5,12,13,19,24,24/04/2021
8312,3,10,12,20,21,23/04/2021
8311,10,17,18,22,28,23/04/2021
8310,3,6,13,22,27,22/04/2021
8309,5,7,8,18,19,22/04/2021
8308,2,12,15,27,28,21/04/2021
8307,5,15,18,23,28,21/04/2021
8306,5,9,15,19,24,20/04/2021
8305,7,12,14,16,19,20/04/2021
8304,2,5,11,25,27,19/04/2021
8303,11,16,22,25,28,19/04/2021
8302,3,8,17,20,26,18/04/2021
8301,3,4,8,11,28,18/04/2021
8300,2,3,6,12,18,17/04/2021
8299,12,16,24,25,26,17/04/2021
8298,2,4,8,13,15,16/04/2021
8297,4,7,10,23,26,16/04/2021
8296,6,8,13,18,21,15/04/2021
8295,9,16,18,24,27,15/04/2021
8294,5,12,16,20,22,14/04/2021
8293,3,20,21,25,28,14/04/2021
8292,4,11,15,18,24,13/04/2021
8291,3,8,14,18,21,13/04/2021
8290,4,10,15,16,20,12/04/2021
8289,1,2,7,24,27,12/04/2021
8288,2,9,12,17,22,11/04/2021
8287,3,8,11,15,22,11/04/2021
8286,3,15,25,27,28,10/04/2021
8285,1,3,6,7,23,10/04/2021
8284,6,8,13,16,24,09/04/2021
8283,1,2,6,19,25,09/04/2021
8282,2,11,23,27,28,08/04/2021
8281,2,4,9,10,13,08/04/2021
8280,1,2,5,11,22,07/04/2021
8279,4,10,11,24,27,07/04/2021
8278,2,5,7,12,14,06/04/2021
8277,2,7,11,16,25,06/04/2021
8276,1,11,14,16,28,05/04/2021
8275,3,9,14,17,28,05/04/2021
8274,2,21,22,25,26,04/04/2021
8273,2,3,9,12,27,04/04/2021
8272,4,11,14,18,21,03/04/2021
8271,6,11,14,16,23,03/04/2021
8270,2,4,5,20,23,02/04/2021
8269,2,5,9,22,28,02/04/2021
8268,12,13,23,26,27,01/04/2021
8267,13,18,23,24,28,01/04/2021
8266,5,15,19,20,28,31/03/2021
8265,3,7,12,16,21,31/03/2021
8264,7,19,24,26,27,30/03/2021
8263,1,8,13,16,25,30/03/2021
8262,4,8,10,12,23,29/03/2021
8261,5,16,22,23,25,29/03/2021
8260,2,7,10,17,18,28/03/2021
8259,14,16,18,22,26,28/03/2021
8258,1,2,5,21,24,27/03/2021
8257,19,21,22,23,24,27/03/2021
8256,7,10,12,19,21,26/03/2021
8255,2,5,8,15,19,26/03/2021
8254,5,10,17,19,21,25/03/2021
8253,5,8,17,20,26,25/03/2021
8252,10,12,19,21,27,24/03/2021
8251,5,8,10,11,25,24/03/2021
8250,3,5,8,15,26,23/03/2021
8249,12,17,19,22,27,23/03/2021
8248,9,14,21,24,26,22/03/2021
8247,10,17,18,22,27,22/03/2021
8246,5,9,15,22,25,21/03/2021
8245,2,3,4,6,28,21/03/2021
8244,2,8,15,26,27,20/03/2021
8243,3,12,21,24,28,20/03/2021
8242,5,10,14,19,24,19/03/2021
8241,2,3,5,6,14,19/03/2021
8240,12,13,20,25,27,18/03/2021
8239,5,12,19,21,28,18/03/2021
8238,6,7,8,14,28,17/03/2021
8237,14,19,20,22,23,17/03/2021
8236,1,4,8,9,21,16/03/2021
8235,7,11,12,24,28,16/03/2021
8234,3,6,9,11,23,15/03/2021
8233,2,20,23,25,28,15/03/2021
8232,1,4,6,11,28,14/03/2021
8231,5,7,11,20,26,14/03/2021
8230,6,12,20,21,22,13/03/2021
8229,4,12,15,20,23,13/03/2021
8228,10,18,20,23,26,12/03/2021
8227,4,13,18,26,28,12/03/2021
8226,6,9,10,16,20,11/03/2021
8225,2,5,10,12,19,11/03/2021
8224,1,5,9,15,27,10/03/2021
8223,5,10,17,20,23,10/03/2021
8222,4,5,10,11,16,09/03/2021
8221,2,4,9,16,21,09/03/2021
8220,4,10,23,25,26,08/03/2021
8219,6,11,12,23,24,08/03/2021
8218,3,6,17,20,21,07/03/2021
8217,5,7,9,11,17,07/03/2021
8216,6,18,20,24,26,06/03/2021
8215,2,4,18,21,27,06/03/2021
8214,5,6,19,26,27,05/03/2021
8213,1,2,20,23,25,05/03/2021
8212,1,6,12,18,20,04/03/2021
8211,11,18,21,22,28,04/03/2021
8210,2,10,12,16,21,03/03/2021
8209,2,3,7,11,21,03/03/2021
8208,12,17,20,21,23,02/03/2021
8207,4,7,9,19,27,02/03/2021
8206,6,7,20,22,25,01/03/2021
8205,1,4,21,22,27,01/03/2021
8204,10,11,13,24,25,28/02/2021
8203,5,13,23,26,27,28/02/2021
8202,5,8,11,18,19,27/02/2021
8201,5,16,17,20,27,27/02/2021
8200,4,13,14,15,25,26/02/2021
8199,1,2,6,14,24,26/02/2021
8198,6,12,19,20,21,25/02/2021
8197,3,15,16,17,23,25/02/2021
8196,4,8,13,21,24,24/02/2021
8195,2,9,10,21,24,24/02/2021
8194,1,2,9,25,27,23/02/2021
8193,3,5,13,20,24,23/02/2021
8192,3,5,15,17,25,22/02/2021
8191,4,16,17,19,23,22/02/2021
8190,4,11,14,16,23,21/02/2021
8189,10,14,16,21,26,21/02/2021
8188,2,4,10,13,19,20/02/2021
8187,3,7,21,22,23,20/02/2021
8186,9,13,16,17,25,19/02/2021
8185,3,5,6,9,27,19/02/2021
8184,6,7,20,27,28,18/02/2021
8183,10,12,19,21,28,18/02/2021
8182,7,10,24,26,27,17/02/2021
8181,4,6,10,14,15,17/02/2021
8180,1,10,18,21,24,16/02/2021
8179,1,9,11,26,28,16/02/2021
8178,1,5,13,24,27,15/02/2021
8177,9,15,16,19,25,15/02/2021
8176,1,9,12,22,23,14/02/2021
8175,11,12,16,17,20,14/02/2021
8174,6,8,14,18,20,13/02/2021
8173,8,9,20,25,26,13/02/2021
8172,5,9,14,21,22,12/02/2021
8171,9,10,14,20,23,12/02/2021
8170,12,13,18,19,25,11/02/2021
8169,3,11,14,24,25,11/02/2021
8168,5,16,23,24,27,10/02/2021
8167,1,4,6,10,15,10/02/2021
8166,2,3,20,26,27,09/02/2021
8165,5,13,16,25,27,09/02/2021
8164,6,15,17,19,21,08/02/2021
8163,2,4,13,21,22,08/02/2021
8162,4,6,7,25,26,07/02/2021
8161,6,9,11,17,27,07/02/2021
8160,5,12,15,24,27,06/02/2021
8159,5,6,9,19,25,06/02/2021
8158,3,13,14,15,17,05/02/2021
8157,9,20,25,27,28,05/02/2021
8156,1,3,11,22,26,04/02/2021
8155,4,5,7,11,14,04/02/2021
8154,3,17,21,22,26,03/02/2021
8153,1,4,7,10,14,03/02/2021
8152,2,5,6,15,18,02/02/2021
8151,17,18,20,26,27,02/02/2021
8150,4,10,16,19,27,01/02/2021
8149,5,11,15,27,28,01/02/2021
8148,1,4,13,18,25,31/01/2021
8147,8,16,17,21,22,31/01/2021
8146,1,3,12,15,18,30/01/2021
8145,2,16,22,25,27,30/01/2021
8144,4,5,14,22,28,29/01/2021
8143,4,6,11,17,22,29/01/2021
8142,3,4,10,11,20,28/01/2021
8141,12,20,23,25,27,28/01/2021
8140,7,11,15,16,25,27/01/2021
8139,6,9,10,23,28,27/01/2021
8138,1,11,13,19,21,26/01/2021
8137,3,9,19,24,26,26/01/2021
8136,8,12,15,21,26,25/01/2021
8135,6,13,18,22,25,25/01/2021
8134,4,5,13,18,25,24/01/2021
8133,4,8,11,12,15,24/01/2021
8132,2,8,13,14,18,23/01/2021
8131,7,10,11,12,13,23/01/2021
8130,7,9,11,14,21,22/01/2021
8129,4,5,10,21,24,22/01/2021
8128,3,5,11,13,25,21/01/2021
8127,4,6,24,26,27,21/01/2021
8126,11,12,14,19,22,20/01/2021
8125,6,8,22,23,24,20/01/2021
8124,1,5,6,13,21,19/01/2021
8123,6,11,12,23,27,19/01/2021
8122,5,6,14,16,24,18/01/2021
8121,3,5,8,14,17,18/01/2021
8120,2,16,17,18,25,17/01/2021
8119,3,8,18,20,24,17/01/2021
8118,4,9,15,18,23,16/01/2021
8117,5,13,14,15,27,16/01/2021
8116,2,8,17,21,22,15/01/2021
8115,4,5,7,13,16,15/01/2021
8114,1,9,12,21,28,14/01/2021
8113,1,4,12,13,27,14/01/2021
8112,2,13,15,17,25,13/01/2021
8111,3,8,11,23,28,13/01/2021
8110,4,6,8,21,27,12/01/2021
8109,5,7,12,14,25,12/01/2021
8108,4,11,12,21,28,11/01/2021
8107,4,15,18,19,22,11/01/2021
8106,4,11,12,19,21,10/01/2021
8105,1,15,16,18,24,10/01/2021
8104,3,9,10,16,21,09/01/2021
8103,8,14,15,25,26,09/01/2021
8102,5,9,16,21,23,08/01/2021
8101,3,9,14,17,27,08/01/2021
8100,3,9,11,12,14,07/01/2021
8099,6,10,11,25,26,07/01/2021
8098,9,20,22,23,27,06/01/2021
8097,5,7,14,17,19,06/01/2021
8096,2,3,9,14,24,05/01/2021
8095,5,14,15,16,20,05/01/2021
8094,1,12,17,26,28,04/01/2021
8093,4,5,10,11,20,04/01/2021
8092,1,3,17,20,24,03/01/2021
8091,3,4,9,14,22,03/01/2021
8090,2,4,8,13,24,02/01/2021
8089,3,4,6,10,26,02/01/2021
8088,6,12,17,18,22,01/01/2021
8087,1,11,18,19,23,01/01/2021
8086,5,8,12,15,28,31/12/2020
8085,3,11,12,17,24,31/12/2020
8084,9,11,15,21,27,30/12/2020
8083,5,13,21,25,26,30/12/2020
8082,5,8,16,26,27,29/12/2020
8081,1,9,22,26,28,29/12/2020
8080,9,22,25,26,27,28/12/2020
8079,6,10,22,25,28,28/12/2020
8078,4,5,14,20,22,27/12/2020
8077,5,19,22,24,28,27/12/2020
8076,3,5,11,19,22,26/12/2020
8075,1,6,18,20,28,26/12/2020
8074,5,9,10,17,25,25/12/2020
8073,4,6,10,13,22,25/12/2020
8072,1,4,19,20,25,24/12/2020
8071,1,5,16,18,24,24/12/2020
8070,4,11,21,23,27,23/12/2020
8069,3,7,12,20,21,23/12/2020
8068,9,13,19,21,24,22/12/2020
8067,9,18,19,20,28,22/12/2020
8066,3,6,16,21,23,21/12/2020
8065,9,20,21,27,28,21/12/2020
8064,8,9,16,19,27,20/12/2020
8063,1,2,19,24,25,20/12/2020
8062,6,13,18,23,28,19/12/2020
8061,2,15,19,23,25,19/12/2020
8060,1,14,15,24,27,18/12/2020
8059,5,10,12,20,23,18/12/2020
8058,12,14,15,24,25,17/12/2020
8057,3,16,21,24,26,17/12/2020
8056,5,7,13,15,22,16/12/2020
8055,2,6,12,23,25,16/12/2020
8054,4,9,15,17,25,15/12/2020
8053,4,12,13,14,16,15/12/2020
8052,13,16,21,24,25,14/12/2020
8051,3,5,10,12,17,14/12/2020
8050,1,11,12,23,26,13/12/2020
8049,4,5,11,12,26,13/12/2020
8048,5,7,9,13,27,12/12/2020
8047,1,5,6,11,27,12/12/2020
8046,7,9,21,23,24,11/12/2020
8045,2,4,7,9,13,11/12/2020
8044,11,13,19,22,24,10/12/2020
8043,3,7,13,16,21,10/12/2020
8042,5,7,14,21,24,09/12/2020
8041,5,8,12,17,18,09/12/2020
8040,4,8,10,18,27,08/12/2020
8039,14,15,22,24,26,08/12/2020
8038,10,13,19,24,26,07/12/2020
8037,4,13,20,24,28,07/12/2020
8036,8,11,19,24,27,06/12/2020
8035,1,8,10,17,20,06/12/2020
8034,4,5,10,12,13,05/12/2020
8033,2,12,14,25,28,05/12/2020
8032,1,4,22,24,25,04/12/2020
8031,4,11,12,14,16,04/12/2020
8030,3,4,8,9,22,03/12/2020
8029,1,2,11,14,22,03/12/2020
8028,5,7,16,26,27,02/12/2020
8027,4,5,14,16,23,02/12/2020
8026,12,15,19,21,24,01/12/2020
8025,1,2,5,6,28,01/12/2020
8024,2,13,15,22,25,30/11/2020
8023,1,6,9,12,28,30/11/2020
8022,8,12,24,27,28,29/11/2020
8021,4,12,14,17,18,29/11/2020
8020,1,4,5,7,8,28/11/2020
8019,4,5,12,17,24,28/11/2020
8018,6,11,15,25,26,27/11/2020
8017,2,4,10,11,19,27/11/2020
8016,3,9,13,19,25,26/11/2020
8015,1,5,6,21,28,26/11/2020
8014,3,8,12,14,16,25/11/2020
8013,6,12,14,17,19,25/11/2020
8012,3,4,13,16,27,24/11/2020
8011,2,4,16,21,23,24/11/2020
8010,1,5,8,9,25,23/11/2020
8009,4,17,20,24,26,23/11/2020
8008,1,10,14,17,23,22/11/2020
8007,3,6,8,20,22,22/11/2020
8006,8,9,13,22,26,21/11/2020
8005,4,9,10,18,24,21/11/2020
8004,2,9,10,21,26,20/11/2020
8003,1,3,6,21,22,20/11/2020
8002,5,16,17,26,28,19/11/2020
8001,6,11,16,24,26,19/11/2020
8000,1,8,13,18,26,18/11/2020
7999,1,8,11,22,24,18/11/2020
7998,3,4,12,18,21,17/11/2020
7997,1,2,5,12,19,17/11/2020
7996,1,5,9,12,23,16/11/2020
7995,1,2,3,21,22,16/11/2020
7994,1,4,10,17,26,15/11/2020
7993,1,4,10,12,28,15/11/2020
7992,12,13,22,24,27,14/11/2020
7991,1,15,24,26,27,14/11/2020
7990,1,6,12,14,16,13/11/2020
7989,2,11,13,20,21,13/11/2020
7988,3,4,17,19,24,12/11/2020
7987,9,11,22,23,25,12/11/2020
7986,3,10,18,25,28,11/11/2020
7985,4,11,14,15,17,11/11/2020
7984,7,9,18,19,20,10/11/2020
7983,8,14,20,26,28,10/11/2020
7982,3,4,20,21,27,09/11/2020
7981,4,20,23,24,25,09/11/2020
7980,6,12,13,14,18,08/11/2020
7979,11,13,15,23,27,08/11/2020
7978,4,5,15,22,27,07/11/2020
7977,3,9,10,17,21,07/11/2020
7976,4,9,11,12,16,06/11/2020
7975,3,5,7,22,23,06/11/2020
7974,1,3,6,10,12,05/11/2020
7973,3,5,12,15,28,05/11/2020
7972,1,3,10,23,26,04/11/2020
7971,3,10,14,22,24,04/11/2020
7970,1,2,3,8,17,03/11/2020
7969,2,17,19,22,27,03/11/2020
7968,1,3,20,23,24,02/11/2020
7967,1,3,5,7,10,02/11/2020
7966,3,4,14,18,25,01/11/2020
7965,3,5,7,10,26,01/11/2020
7964,2,5,6,20,27,31/10/2020
7963,1,10,15,22,25,31/10/2020
7962,1,3,5,18,23,30/10/2020
7961,4,12,19,23,25,30/10/2020
7960,2,12,14,19,28,29/10/2020
7959,5,10,12,21,26,29/10/2020
7958,1,6,16,24,27,28/10/2020
7957,6,16,18,20,26,28/10/2020
7956,1,10,18,21,24,27/10/2020
7955,2,20,21,23,28,27/10/2020
7954,1,6,19,20,22,26/10/2020
7953,1,7,8,18,28,26/10/2020
7952,10,14,15,20,26,25/10/2020
7951,2,6,13,22,25,25/10/2020
7950,1,6,11,12,19,24/10/2020
7949,2,5,13,21,28,24/10/2020
7948,3,6,17,18,21,23/10/2020
7947,3,10,12,18,19,23/10/2020
7946,7,8,18,22,26,22/10/2020
7945,2,7,10,18,21,22/10/2020
7944,8,9,20,24,27,21/10/2020
7943,8,13,22,23,28,21/10/2020
7942,3,9,11,17,25,20/10/2020
7941,7,12,16,19,25,20/10/2020
7940,6,9,11,18,20,19/10/2020
7939,2,3,5,18,28,19/10/2020
7938,4,7,10,20,21,18/10/2020
7937,2,5,10,23,25,18/10/2020
7936,8,17,19,20,21,17/10/2020
7935,1,8,13,18,21,17/10/2020
7934,1,7,9,13,19,16/10/2020
7933,6,13,21,25,26,16/10/2020
7932,2,9,10,19,20,15/10/2020
7931,3,5,9,13,27,15/10/2020
7930,7,10,11,14,24,14/10/2020
7929,4,9,14,16,28,14/10/2020
7928,3,16,17,24,27,13/10/2020
7927,5,10,12,13,16,13/10/2020
7926,5,7,8,20,27,12/10/2020
7925,6,7,22,23,25,12/10/2020
7924,6,11,16,17,25,11/10/2020
7923,2,9,11,13,18,11/10/2020
7922,1,3,9,11,16,10/10/2020
7921,7,16,18,20,26,10/10/2020
7920,8,13,16,20,24,09/10/2020
7919,7,8,10,14,22,09/10/2020
7918,12,13,14,16,26,08/10/2020
7917,14,17,22,25,28,08/10/2020
7916,3,10,12,15,19,07/10/2020
7915,3,6,13,15,20,07/10/2020
7914,2,6,19,20,24,06/10/2020
7913,9,16,17,18,27,06/10/2020
7912,2,3,5,13,28,05/10/2020
7911,10,11,16,22,23,05/10/2020
7910,3,9,11,13,26,04/10/2020
7909,1,13,15,17,20,04/10/2020
7908,12,14,16,20,22,03/10/2020
7907,2,5,10,14,23,03/10/2020
7906,1,4,15,17,18,02/10/2020
7905,13,14,21,26,28,02/10/2020
7904,1,6,9,25,27,01/10/2020
7903,7,9,16,20,25,01/10/2020
7902,1,9,15,26,28,30/09/2020
7901,5,10,11,13,16,30/09/2020
7900,10,15,16,21,27,29/09/2020
7899,2,3,9,13,26,29/09/2020
7898,8,15,18,23,26,28/09/2020
7897,4,8,10,12,16,28/09/2020
7896,3,7,17,18,24,27/09/2020
7895,13,17,20,21,26,27/09/2020
7894,16,21,22,23,25,26/09/2020
7893,3,7,12,17,28,26/09/2020
7892,1,8,13,18,28,25/09/2020
7891,3,12,14,16,20,25/09/2020
7890,6,8,19,23,25,24/09/2020
7889,2,8,10,25,28,24/09/2020
7888,10,14,17,22,25,23/09/2020
7887,3,7,15,19,21,23/09/2020
7886,8,12,19,23,28,22/09/2020
7885,5,7,13,19,21,22/09/2020
7884,3,6,16,18,20,21/09/2020
7883,2,9,16,23,27,21/09/2020
7882,1,6,15,16,17,20/09/2020
7881,9,17,19,20,24,20/09/2020
7880,1,4,21,24,25,19/09/2020
7879,15,21,24,25,26,19/09/2020
7878,7,8,17,23,25,18/09/2020
7877,1,3,9,13,28,18/09/2020
7876,3,5,19,20,23,17/09/2020
7875,3,4,5,17,25,17/09/2020
7874,2,8,16,17,26,16/09/2020
7873,1,9,10,22,28,16/09/2020
7872,1,7,11,19,26,15/09/2020
7871,2,8,11,13,23,15/09/2020
7870,9,12,13,21,24,14/09/2020
7869,2,3,4,16,22,14/09/2020
7868,10,12,14,15,24,13/09/2020
7867,2,7,9,15,19,13/09/2020
7866,8,9,10,22,26,12/09/2020
7865,9,12,16,27,28,12/09/2020
7864,1,2,4,5,13,11/09/2020
7863,9,11,14,16,22,11/09/2020
7862,11,14,16,17,22,10/09/2020
7861,1,3,15,17,23,10/09/2020
7860,6,11,18,20,25,09/09/2020
7859,4,9,21,22,25,09/09/2020
7858,1,4,12,19,27,08/09/2020
7857,5,7,8,16,23,08/09/2020
7856,9,14,20,22,27,07/09/2020
7855,9,15,16,18,28,07/09/2020
7854,9,12,13,23,26,06/09/2020
7853,2,3,4,7,25,06/09/2020
7852,3,10,14,16,26,05/09/2020
7851,1,12,20,23,28,05/09/2020
7850,2,4,13,21,25,04/09/2020
7849,1,3,4,14,17,04/09/2020
7848,1,5,20,25,28,03/09/2020
7847,3,19,21,22,25,03/09/2020
7846,3,5,16,23,26,02/09/2020
7845,5,7,11,18,26,02/09/2020
7844,8,13,17,18,19,01/09/2020
7843,1,10,13,24,25,01/09/2020
7842,1,4,10,23,25,31/08/2020
7841,1,3,19,20,23,31/08/2020
7840,17,21,23,27,28,30/08/2020
7839,2,5,11,14,22,30/08/2020
7838,11,16,17,19,27,29/08/2020
7837,1,6,8,16,25,29/08/2020
7836,5,6,14,16,28,28/08/2020
7835,3,10,11,25,27,28/08/2020
7834,10,18,19,24,26,27/08/2020
7833,7,8,9,11,14,27/08/2020
7832,4,5,13,24,27,26/08/2020
7831,16,20,25,26,28,26/08/2020
7830,10,13,18,20,23,25/08/2020
7829,13,15,21,22,25,25/08/2020
7828,1,8,16,21,25,24/08/2020
7827,7,8,9,25,27,24/08/2020
7826,4,6,8,18,25,23/08/2020
7825,6,19,20,25,27,23/08/2020
7824,6,7,16,21,22,22/08/2020
7823,4,13,18,25,26,22/08/2020
7822,1,10,16,18,25,21/08/2020
7821,6,12,14,15,16,21/08/2020
7820,10,14,15,23,27,20/08/2020
7819,3,6,18,19,22,20/08/2020
7818,2,6,16,22,28,19/08/2020
7817,2,4,6,15,17,19/08/2020
7816,2,5,6,12,17,18/08/2020
7815,1,6,9,12,26,18/08/2020
7814,11,13,24,25,27,17/08/2020
7813,3,15,18,23,26,17/08/2020
7812,10,18,20,21,25,16/08/2020
7811,1,7,8,17,28,16/08/2020
7810,8,11,14,15,28,15/08/2020
7809,1,3,5,9,26,15/08/2020
7808,16,18,26,27,28,14/08/2020
7807,3,12,15,19,25,14/08/2020
7806,3,5,6,11,28,13/08/2020
7805,1,3,4,12,23,13/08/2020
7804,1,3,13,14,15,12/08/2020
7803,2,4,5,18,27,12/08/2020
7802,3,5,9,13,26,11/08/2020
7801,3,4,7,14,25,11/08/2020
7800,1,2,6,11,20,10/08/2020
7799,14,16,17,18,23,10/08/2020
7798,6,16,17,25,27,09/08/2020
7797,5,10,21,25,28,09/08/2020
7796,9,11,15,16,18,08/08/2020
7795,1,6,13,17,19,08/08/2020
7794,6,11,12,15,24,07/08/2020
7793,3,9,14,16,22,07/08/2020
7792,1,10,16,18,20,06/08/2020
7791,1,3,10,19,28,06/08/2020
7790,2,10,14,25,27,05/08/2020
7789,1,3,19,21,23,05/08/2020
7788,8,13,14,15,16,04/08/2020
7787,9,13,14,17,27,04/08/2020
7786,2,7,19,24,28,03/08/2020
7785,3,8,13,26,27,03/08/2020
7784,9,11,12,22,23,02/08/2020
7783,2,3,7,12,21,02/08/2020
7782,8,17,19,20,26,01/08/2020
7781,1,3,8,16,19,01/08/2020
7780,5,7,11,23,28,31/07/2020
7779,2,4,9,26,28,31/07/2020
7778,3,8,10,15,17,30/07/2020
7777,1,6,8,20,24,30/07/2020
7776,2,8,15,16,19,29/07/2020
7775,5,10,16,18,21,29/07/2020
7774,6,10,11,22,27,28/07/2020
7773,4,7,10,11,20,28/07/2020
7772,6,17,18,24,26,27/07/2020
7771,1,2,5,9,13,27/07/2020
7770,8,13,22,27,28,26/07/2020
7769,16,20,24,25,28,26/07/2020
7768,6,7,10,17,24,25/07/2020
7767,4,7,11,24,26,25/07/2020
7766,4,12,13,23,26,24/07/2020
7765,1,11,15,27,28,24/07/2020
7764,1,2,8,9,13,23/07/2020
7763,4,14,20,24,27,23/07/2020
7762,1,2,10,12,28,01/04/2020
7761,9,15,16,20,27,01/04/2020
7760,3,10,20,27,28,31/03/2020
7759,3,11,21,26,28,31/03/2020
7758,4,10,23,25,28,30/03/2020
7757,4,6,8,15,26,30/03/2020
7756,1,6,9,18,22,29/03/2020
7755,2,3,6,9,11,29/03/2020
7754,4,12,15,19,28,28/03/2020
7753,4,19,21,23,25,28/03/2020
7752,2,12,17,19,24,27/03/2020
7751,4,7,12,24,26,27/03/2020
7750,4,9,20,22,26,26/03/2020
7749,4,17,22,24,28,26/03/2020
7748,5,7,9,13,17,25/03/2020
7747,2,3,6,14,18,25/03/2020
7746,5,7,11,12,16,24/03/2020
7745,1,12,16,21,22,24/03/2020
7744,9,12,13,16,24,23/03/2020
7743,3,5,12,19,23,23/03/2020
7742,5,6,9,11,24,22/03/2020
7741,11,13,21,25,27,22/03/2020
7740,2,19,22,23,28,21/03/2020
7739,1,2,11,19,20,21/03/2020
7738,3,4,8,16,28,20/03/2020
7737,4,16,19,23,24,20/03/2020
7736,15,19,21,24,26,19/03/2020
7735,3,8,14,16,21,19/03/2020
7734,2,4,6,15,22,18/03/2020
7733,1,5,8,10,11,18/03/2020
7732,13,17,18,27,28,17/03/2020
7731,6,11,13,14,23,17/03/2020
7730,9,13,23,26,27,16/03/2020
7729,4,12,16,20,24,16/03/2020
7728,3,13,19,20,24,15/03/2020
7727,9,20,24,26,27,15/03/2020
7726,8,13,14,19,27,14/03/2020
7725,1,7,11,16,27,14/03/2020
7724,5,7,8,12,16,13/03/2020
7723,5,6,13,22,24,13/03/2020
7722,1,4,10,21,27,12/03/2020
7721,6,11,15,17,23,12/03/2020
7720,6,8,12,18,22,11/03/2020
7719,3,10,15,21,22,11/03/2020
7718,3,9,13,23,25,10/03/2020
7717,5,7,10,19,27,10/03/2020
7716,15,19,20,24,26,09/03/2020
7715,2,5,11,12,27,09/03/2020
7714,8,12,16,21,27,08/03/2020
7713,2,3,13,14,19,08/03/2020
7712,9,11,14,16,17,07/03/2020
7711,6,9,19,20,22,07/03/2020
7710,1,8,15,16,27,06/03/2020
7709,7,19,21,27,28,06/03/2020
7708,4,7,19,23,28,05/03/2020
7707,4,12,14,23,25,05/03/2020
7706,11,12,15,18,25,04/03/2020
7705,7,10,15,20,22,04/03/2020
7704,4,10,11,23,25,03/03/2020
7703,1,6,12,17,26,03/03/2020
7702,4,9,10,14,25,02/03/2020
7701,2,5,14,15,21,02/03/2020
7700,1,3,8,15,23,01/03/2020
7699,4,6,12,15,18,01/03/2020
7698,4,14,19,24,28,29/02/2020
7697,4,9,10,15,27,29/02/2020
7696,9,13,20,23,26,28/02/2020
7695,1,2,3,6,12,28/02/2020
7694,3,9,13,17,23,27/02/2020
7693,1,5,10,17,22,27/02/2020
7692,13,19,23,27,28,26/02/2020
7691,6,13,14,17,20,26/02/2020
7690,1,2,5,16,27,25/02/2020
7689,1,6,11,13,25,25/02/2020
7688,6,11,18,19,26,24/02/2020
7687,5,7,8,16,17,24/02/2020
7686,5,12,18,20,25,23/02/2020
7685,6,7,8,14,23,23/02/2020
7684,3,16,17,25,26,22/02/2020
7683,5,6,8,14,20,22/02/2020
7682,11,20,21,22,25,21/02/2020
7681,3,6,7,19,27,21/02/2020
7680,4,8,9,11,27,20/02/2020
7679,2,6,7,9,27,20/02/2020
7678,2,7,13,24,25,19/02/2020
7677,4,6,25,26,28,19/02/2020
7676,7,15,18,21,22,18/02/2020
7675,1,10,19,23,27,18/02/2020
7674,6,16,17,24,25,17/02/2020
7673,2,8,10,13,18,17/02/2020
7672,10,15,18,23,26,16/02/2020
7671,4,11,16,17,21,16/02/2020
7670,3,9,10,21,24,15/02/2020
7669,14,15,21,22,26,15/02/2020
7668,4,9,19,21,26,14/02/2020
7667,8,10,13,18,24,14/02/2020
7666,4,11,12,15,25,13/02/2020
7665,2,5,14,19,28,13/02/2020
7664,1,8,19,22,23,12/02/2020
7663,1,3,14,23,25,12/02/2020
7662,7,15,21,22,25,11/02/2020
7661,11,13,19,21,24,11/02/2020
7660,2,3,13,25,26,10/02/2020
7659,1,11,14,18,22,10/02/2020
7658,7,12,22,26,27,09/02/2020
7657,6,7,18,20,28,09/02/2020
7656,1,5,7,24,28,08/02/2020
7655,4,8,9,14,22,08/02/2020
7654,4,5,6,15,26,07/02/2020
7653,13,14,15,19,27,07/02/2020
7652,8,9,17,18,26,06/02/2020
7651,4,7,18,19,24,06/02/2020
7650,5,8,11,22,24,05/02/2020
7649,1,11,14,23,26,05/02/2020
7648,7,9,13,14,28,04/02/2020
7647,2,12,15,16,24,04/02/2020
7646,3,6,7,14,28,03/02/2020
7645,2,6,14,18,27,03/02/2020
7644,4,10,11,20,24,02/02/2020
7643,7,8,9,23,26,02/02/2020
7642,9,10,14,21,24,01/02/2020
7641,5,6,22,27,28,01/02/2020
7640,2,7,16,22,25,31/01/2020
7639,1,2,3,11,26,31/01/2020
7638,2,5,8,11,20,30/01/2020
7637,5,7,18,22,27,30/01/2020
7636,1,12,13,14,21,29/01/2020
7635,1,5,9,18,28,29/01/2020
7634,7,19,20,24,26,28/01/2020
7633,8,11,21,24,25,28/01/2020
7632,6,11,12,19,27,27/01/2020
7631,6,12,16,20,28,27/01/2020
7630,4,5,15,20,26,26/01/2020
7629,6,8,18,22,27,26/01/2020
7628,2,3,10,22,25,25/01/2020
7627,2,6,10,20,21,25/01/2020
7626,1,7,9,16,18,24/01/2020
7625,4,5,6,15,26,24/01/2020
7624,2,4,22,25,27,23/01/2020
7623,12,17,20,25,28,23/01/2020
7622,4,15,16,18,27,22/01/2020
7621,11,17,20,22,24,22/01/2020
7620,5,21,22,23,25,21/01/2020
7619,5,13,15,16,17,21/01/2020
7618,2,5,18,23,24,20/01/2020
7617,4,12,15,21,24,20/01/2020
7616,4,12,24,26,27,19/01/2020
7615,7,11,23,26,28,19/01/2020
7614,1,8,14,17,21,18/01/2020
7613,5,7,9,14,22,18/01/2020
7612,3,7,24,25,27,17/01/2020
7611,3,4,14,17,25,17/01/2020
7610,4,9,16,17,20,16/01/2020
7609,8,11,12,13,25,16/01/2020
7608,2,4,6,7,16,15/01/2020
7607,3,9,10,12,13,15/01/2020
7606,6,13,18,20,28,14/01/2020
7605,2,21,24,25,28,14/01/2020
7604,10,12,13,20,23,13/01/2020
7603,15,20,22,23,28,13/01/2020
7602,11,17,18,24,25,12/01/2020
7601,5,9,10,14,23,12/01/2020
7600,15,16,20,21,24,11/01/2020
7599,11,12,17,22,23,11/01/2020
7598,5,9,10,17,24,10/01/2020
7597,6,12,13,21,25,10/01/2020
7596,4,5,10,18,21,09/01/2020
7595,2,8,11,27,28,09/01/2020
7594,8,14,16,18,22,08/01/2020
7593,11,12,21,22,25,08/01/2020
7592,11,18,20,23,25,07/01/2020
7591,10,14,17,23,24,07/01/2020
7590,1,2,8,17,27,06/01/2020
7589,12,13,16,19,21,06/01/2020
7588,1,3,4,8,25,05/01/2020
7587,1,5,8,25,27,05/01/2020
7586,3,20,21,22,25,04/01/2020
7585,6,8,19,23,28,04/01/2020
7584,5,8,11,16,28,03/01/2020
7583,7,8,10,11,18,03/01/2020
7582,1,6,8,13,22,02/01/2020
7581,9,16,20,22,28,02/01/2020
7580,3,13,17,22,28,01/01/2020
7579,9,12,17,20,23,01/01/2020
7578,4,8,14,20,23,31/12/2019
7577,14,19,20,23,25,31/12/2019
7576,1,5,9,17,18,30/12/2019
7575,1,2,4,6,14,30/12/2019
7574,4,7,12,20,24,29/12/2019
7573,1,7,12,25,26,29/12/2019
7572,4,11,12,24,25,28/12/2019
7571,3,10,18,24,25,28/12/2019
7570,6,14,15,22,25,27/12/2019
7569,1,4,6,16,17,27/12/2019
7568,1,3,9,11,24,26/12/2019
7567,1,5,11,14,26,26/12/2019
7566,4,6,13,14,28,25/12/2019
7565,6,13,18,22,28,25/12/2019
7564,4,7,9,14,21,24/12/2019
7563,8,10,16,20,21,24/12/2019
7562,7,12,17,23,28,23/12/2019
7561,4,5,10,18,22,23/12/2019
7560,3,6,8,24,25,22/12/2019
7559,6,7,18,21,24,22/12/2019
7558,1,11,16,21,23,21/12/2019
7557,4,11,17,20,24,21/12/2019
7556,1,6,7,10,24,20/12/2019
7555,3,4,12,25,28,20/12/2019
7554,1,2,10,21,24,19/12/2019
7553,1,6,11,22,28,19/12/2019
7552,3,5,8,12,21,18/12/2019
7551,12,13,18,22,23,18/12/2019
7550,1,6,8,11,25,17/12/2019
7549,3,11,17,21,27,17/12/2019
7548,8,9,11,24,27,16/12/2019
7547,7,20,21,23,25,16/12/2019
7546,1,5,9,10,16,15/12/2019
7545,1,10,16,20,28,15/12/2019
7544,3,7,11,15,24,14/12/2019
7543,1,21,22,24,27,14/12/2019
7542,1,7,9,11,15,13/12/2019
7541,7,15,17,19,27,13/12/2019
7540,7,9,19,20,24,12/12/2019
7539,3,8,12,21,22,12/12/2019
7538,11,13,16,23,26,11/12/2019
7537,2,3,18,21,23,11/12/2019
7536,3,10,15,16,18,10/12/2019
7535,3,4,6,8,17,10/12/2019
7534,7,8,18,19,25,09/12/2019
7533,8,10,15,16,20,09/12/2019
7532,8,17,24,25,27,08/12/2019
7531,2,5,6,8,12,08/12/2019
7530,1,5,12,13,23,07/12/2019
7529,16,18,22,25,27,07/12/2019
7528,8,11,23,24,28,06/12/2019
7527,1,2,8,19,28,06/12/2019
7526,2,3,6,13,16,05/12/2019
7525,10,12,20,22,28,05/12/2019
7524,12,14,16,19,27,04/12/2019
7523,5,7,11,22,26,04/12/2019
7522,5,13,16,22,28,03/12/2019
7521,11,15,21,24,25,03/12/2019
7520,5,19,22,23,25,02/12/2019
7519,2,8,11,23,28,02/12/2019
7518,3,4,6,7,28,01/12/2019
7517,2,4,12,21,24,01/12/2019
7516,4,7,18,22,23,30/11/2019
7515,7,9,20,22,23,30/11/2019
7514,10,13,18,19,22,29/11/2019
7513,17,25,26,27,28,29/11/2019
7512,1,4,22,26,28,28/11/2019
7511,15,24,25,27,28,28/11/2019
7510,5,10,11,17,20,27/11/2019
7509,2,3,6,7,12,27/11/2019
7508,9,13,21,26,28,26/11/2019
7507,6,9,12,22,28,26/11/2019
7506,2,9,16,26,27,25/11/2019
7505,5,6,19,20,27,25/11/2019
7504,1,10,14,17,22,24/11/2019
7503,5,8,22,27,28,24/11/2019
7502,6,12,23,24,26,23/11/2019
7501,2,4,17,18,20,23/11/2019
7500,2,12,15,20,21,22/11/2019
7499,5,7,8,13,20,22/11/2019
7498,2,4,8,14,16,21/11/2019
7497,6,11,18,24,28,21/11/2019
7496,9,12,20,22,25,20/11/2019
7495,3,4,21,23,24,20/11/2019
7494,1,10,14,19,23,19/11/2019
7493,3,4,12,17,20,19/11/2019
7492,10,11,21,23,26,18/11/2019
7491,1,5,9,14,15,18/11/2019
7490,8,10,12,16,26,17/11/2019
7489,4,6,7,15,18,17/11/2019
7488,7,14,17,23,24,16/11/2019
7487,6,16,18,24,26,16/11/2019
7486,16,17,18,24,27,15/11/2019
7485,1,12,13,18,21,15/11/2019
7484,2,4,10,19,24,14/11/2019
7483,8,9,13,19,25,14/11/2019
7482,2,19,20,24,27,13/11/2019
7481,18,19,24,27,28,13/11/2019
7480,2,5,8,18,21,12/11/2019
7479,1,3,7,8,27,12/11/2019
7478,10,13,18,21,27,11/11/2019
7477,9,21,22,25,27,11/11/2019
7476,2,5,12,21,25,10/11/2019
7475,3,6,7,8,14,10/11/2019
7474,6,13,21,27,28,09/11/2019
7473,7,9,13,21,23,09/11/2019
7472,1,2,13,24,26,08/11/2019
7471,2,4,6,11,27,08/11/2019
7470,6,11,14,18,25,07/11/2019
7469,1,14,16,22,27,07/11/2019
7468,8,11,13,15,16,06/11/2019
7467,3,8,10,17,23,06/11/2019
7466,11,14,17,22,24,05/11/2019
7465,5,6,15,17,20,05/11/2019
7464,3,9,13,22,24,04/11/2019
7463,5,7,11,12,24,04/11/2019
7462,9,10,17,19,26,03/11/2019
7461,3,18,19,20,24,03/11/2019
7460,11,16,17,19,28,02/11/2019
7459,6,8,10,15,25,02/11/2019
7458,2,7,12,18,22,01/11/2019
7457,9,10,13,14,15,01/11/2019
7456,1,4,15,16,26,31/10/2019
7455,4,6,7,11,17,31/10/2019
7454,4,11,12,13,21,30/10/2019
7453,9,10,14,24,28,30/10/2019
7452,5,7,8,9,14,29/10/2019
7451,1,10,14,19,27,29/10/2019
7450,5,12,15,23,28,28/10/2019
7449,5,10,13,15,28,28/10/2019
7448,2,4,9,10,27,27/10/2019
7447,9,10,11,23,24,27/10/2019
7446,21,23,24,25,28,26/10/2019
7445,6,8,14,16,19,26/10/2019
7444,3,13,19,21,24,25/10/2019
7443,10,11,13,19,24,25/10/2019
7442,2,8,10,16,28,24/10/2019
7441,4,12,19,21,27,24/10/2019
7440,10,11,12,19,24,23/10/2019
7439,5,9,12,15,21,23/10/2019
7438,5,8,9,14,26,22/10/2019
7437,3,9,13,19,25,22/10/2019
7436,3,9,21,27,28,21/10/2019
7435,5,9,15,18,24,21/10/2019
7434,6,9,16,23,27,20/10/2019
7433,10,11,14,25,26,20/10/2019
7432,2,7,8,17,21,19/10/2019
7431,1,21,23,25,27,19/10/2019
7430,4,5,11,22,24,18/10/2019
7429,1,10,11,18,25,18/10/2019
7428,6,7,15,19,23,17/10/2019
7427,11,13,16,19,20,17/10/2019
7426,7,18,23,26,28,16/10/2019
7425,5,8,20,22,24,16/10/2019
7424,5,11,16,17,18,15/10/2019
7423,4,8,18,22,24,15/10/2019
7422,3,10,12,21,27,14/10/2019
7421,2,3,7,16,27,14/10/2019
7420,4,10,12,25,28,13/10/2019
7419,1,4,19,22,26,13/10/2019
7418,5,7,19,21,28,12/10/2019
7417,7,20,23,25,26,12/10/2019
7416,5,7,10,15,27,11/10/2019
7415,4,15,20,22,23,11/10/2019
7414,9,12,14,16,25,10/10/2019
7413,7,15,16,20,22,10/10/2019
7412,2,5,9,11,22,09/10/2019
7411,5,12,14,27,28,09/10/2019
7410,7,15,22,27,28,08/10/2019
7409,7,12,17,23,24,08/10/2019
7408,2,5,14,21,25,07/10/2019
7407,2,9,13,16,28,07/10/2019
7406,4,14,15,26,28,06/10/2019
7405,10,19,22,23,24,06/10/2019
7404,10,17,20,23,24,05/10/2019
7403,2,10,12,22,23,05/10/2019
7402,1,11,16,17,24,04/10/2019
7401,5,10,14,21,23,04/10/2019
7400,5,13,14,15,17,03/10/2019
7399,3,9,11,26,28,03/10/2019
7398,2,3,12,17,26,02/10/2019
7397,1,15,17,24,26,02/10/2019
7396,7,9,14,25,27,01/10/2019
7395,3,6,12,15,21,01/10/2019
7394,12,15,16,20,23,30/09/2019
7393,10,18,20,26,27,30/09/2019
7392,1,5,6,10,21,29/09/2019
7391,12,17,21,22,23,29/09/2019
7390,4,5,6,24,26,28/09/2019
7389,10,14,15,20,23,28/09/2019
7388,8,13,14,20,28,27/09/2019
7387,9,10,12,19,24,27/09/2019
7386,2,13,18,22,26,26/09/2019
7385,2,20,21,24,26,26/09/2019
7384,1,9,17,26,28,25/09/2019
7383,2,12,15,18,22,25/09/2019
7382,11,17,22,23,26,24/09/2019
7381,2,9,11,21,25,24/09/2019
7380,9,22,23,25,26,23/09/2019
7379,3,17,20,25,28,23/09/2019
7378,3,9,11,14,21,22/09/2019
7377,3,6,14,19,26,22/09/2019
7376,8,10,18,20,27,21/09/2019
7375,5,9,10,14,23,21/09/2019
7374,10,15,18,25,28,20/09/2019
7373,14,20,21,22,28,20/09/2019
7372,3,18,20,27,28,19/09/2019
7371,14,16,18,22,27,19/09/2019
7370,1,11,12,22,25,18/09/2019
7369,3,12,13,24,28,18/09/2019
7368,6,8,9,15,25,17/09/2019
7367,1,15,16,17,20,17/09/2019
7366,3,19,22,24,27,16/09/2019
7365,7,13,24,27,28,16/09/2019
7364,2,3,6,23,28,15/09/2019
7363,1,5,8,21,23,15/09/2019
7362,3,7,10,19,24,14/09/2019
7361,1,2,6,12,25,14/09/2019
7360,6,11,26,27,28,13/09/2019
7359,3,9,11,15,26,13/09/2019
7358,14,17,18,23,24,12/09/2019
7357,4,6,7,8,26,12/09/2019
7356,10,12,14,19,23,11/09/2019
7355,9,13,18,21,27,11/09/2019
7354,14,16,18,21,25,10/09/2019
7353,2,11,13,17,23,10/09/2019
7352,1,6,11,15,22,09/09/2019
7351,5,9,10,12,15,09/09/2019
7350,3,13,15,23,24,08/09/2019
7349,8,10,14,23,24,08/09/2019
7348,2,17,19,26,28,07/09/2019
7347,9,11,12,24,26,07/09/2019
7346,5,11,14,26,27,06/09/2019
7345,12,16,18,21,26,06/09/2019
7344,6,9,18,20,23,05/09/2019
7343,7,15,20,21,22,05/09/2019
7342,19,23,24,26,28,04/09/2019
7341,13,17,19,22,28,04/09/2019
7340,14,16,18,21,23,03/09/2019
7339,7,14,18,23,27,03/09/2019
7338,2,7,13,20,28,02/09/2019
7337,6,9,17,22,28,02/09/2019
7336,9,10,11,13,20,01/09/2019
7335,7,8,15,17,25,01/09/2019
7334,11,16,20,24,27,31/08/2019
7333,2,20,23,25,27,31/08/2019
7332,14,15,20,22,27,30/08/2019
7331,2,9,15,24,26,30/08/2019
7330,10,16,18,21,27,29/08/2019
7329,7,12,19,26,27,29/08/2019
7328,5,9,15,16,19,28/08/2019
7327,3,9,10,11,17,28/08/2019
7326,2,4,19,27,28,27/08/2019
7325,10,11,20,23,24,27/08/2019
7324,1,8,14,23,27,26/08/2019
7323,2,13,19,20,25,26/08/2019
7322,2,4,18,23,26,25/08/2019
7321,3,9,10,23,28,25/08/2019
7320,1,7,10,27,28,24/08/2019
7319,2,10,11,12,17,24/08/2019
7318,11,16,17,21,27,23/08/2019
7317,4,11,12,21,24,23/08/2019
7316,2,10,17,18,21,22/08/2019
7315,10,12,23,27,28,22/08/2019
7314,2,6,15,21,24,21/08/2019
7313,11,12,13,15,25,21/08/2019
7312,9,15,18,25,27,20/08/2019
7311,2,3,13,14,15,20/08/2019
7310,1,4,8,16,26,19/08/2019
7309,4,8,10,13,19,19/08/2019
7308,7,8,10,15,24,18/08/2019
7307,3,15,16,21,27,18/08/2019
7306,4,9,13,20,25,17/08/2019
7305,13,14,24,27,28,17/08/2019
7304,1,10,16,18,22,16/08/2019
7303,2,10,19,21,22,16/08/2019
7302,4,9,17,22,25,15/08/2019
7301,4,9,11,12,28,15/08/2019
7300,3,4,6,12,13,14/08/2019
7299,3,5,13,23,26,14/08/2019
7298,1,2,5,6,10,13/08/2019
7297,8,16,17,19,23,13/08/2019
7296,11,16,19,25,27,12/08/2019
7295,8,11,15,17,22,12/08/2019
7294,6,10,16,18,24,11/08/2019
7293,5,12,14,16,18,11/08/2019
7292,14,15,18,22,26,10/08/2019
7291,8,11,16,21,28,10/08/2019
7290,6,8,9,12,27,09/08/2019
7289,12,17,23,26,27,09/08/2019
7288,1,5,17,19,23,08/08/2019
7287,2,5,15,22,25,08/08/2019
7286,1,4,5,17,20,07/08/2019
7285,2,8,12,18,21,07/08/2019
7284,5,9,11,16,22,06/08/2019
7283,9,12,18,20,26,06/08/2019
7282,1,2,12,15,18,05/08/2019
7281,12,13,18,23,28,05/08/2019
7280,5,17,21,23,24,04/08/2019
7279,6,7,16,22,26,04/08/2019
7278,3,6,13,21,24,03/08/2019
7277,5,7,16,19,24,03/08/2019
7276,2,9,13,14,15,02/08/2019
7275,9,10,17,18,21,02/08/2019
7274,6,8,11,22,26,01/08/2019
7273,1,6,10,15,24,01/08/2019
7272,2,3,20,26,27,31/07/2019
7271,1,5,15,16,27,31/07/2019
7270,1,3,6,12,20,30/07/2019
7269,5,8,19,20,25,30/07/2019
7268,14,15,18,22,28,29/07/2019
7267,4,23,26,27,28,29/07/2019
7266,2,9,14,20,28,28/07/2019
7265,6,7,21,26,28,28/07/2019
7264,5,12,20,21,25,27/07/2019
7263,9,23,24,27,28,27/07/2019
7262,7,10,16,27,28,26/07/2019
7261,2,8,17,21,27,26/07/2019
7260,2,8,14,17,23,25/07/2019
7259,3,4,20,25,27,25/07/2019
7258,1,3,7,25,27,24/07/2019
7257,9,11,14,19,24,24/07/2019
7256,4,5,7,13,27,23/07/2019
7255,2,10,12,13,26,23/07/2019
7254,8,11,15,18,27,22/07/2019
7253,5,11,16,21,27,22/07/2019
7252,10,11,17,21,28,21/07/2019
7251,3,6,12,16,17,21/07/2019
7250,11,18,21,24,25,20/07/2019
7249,4,15,16,24,26,20/07/2019
7248,1,2,6,7,27,19/07/2019
7247,1,2,6,11,24,19/07/2019
7246,15,16,19,20,26,18/07/2019
7245,12,14,20,22,25,18/07/2019
7244,2,9,15,24,26,17/07/2019
7243,4,5,18,21,23,17/07/2019
7242,4,8,13,14,25,16/07/2019
7241,5,8,9,19,23,16/07/2019
7240,8,12,16,22,25,15/07/2019
7239,11,17,20,21,22,15/07/2019
7238,1,2,5,16,20,14/07/2019
7237,3,9,10,16,25,14/07/2019
7236,6,7,20,24,26,13/07/2019
7235,6,8,21,26,27,13/07/2019
7234,5,13,16,19,28,12/07/2019
7233,2,5,9,19,25,12/07/2019
7232,7,8,22,25,26,11/07/2019
7231,1,3,7,13,16,11/07/2019
7230,4,8,16,18,25,10/07/2019
7229,5,10,11,12,21,10/07/2019
7228,3,12,18,24,28,09/07/2019
7227,1,8,16,17,25,09/07/2019
7226,2,16,21,22,28,08/07/2019
7225,2,8,10,14,27,08/07/2019
7224,5,8,17,25,26,07/07/2019
7223,5,8,20,22,25,07/07/2019
7222,1,2,6,23,28,06/07/2019
7221,1,9,11,17,22,06/07/2019
7220,1,3,10,12,18,05/07/2019
7219,1,15,19,22,23,05/07/2019
7218,4,7,8,13,25,04/07/2019
7217,5,14,21,25,28,04/07/2019
7216,1,5,9,14,22,03/07/2019
7215,7,11,16,18,19,03/07/2019
7214,6,11,18,26,27,02/07/2019
7213,4,15,24,26,27,02/07/2019
7212,4,5,7,20,26,01/07/2019
7211,3,7,18,22,24,01/07/2019
7210,2,5,6,19,28,30/06/2019
7209,4,7,14,16,23,30/06/2019
7208,3,5,11,17,28,29/06/2019
7207,1,4,10,12,24,29/06/2019
7206,7,9,19,23,26,28/06/2019
7205,1,5,6,10,24,28/06/2019
7204,10,12,15,17,19,27/06/2019
7203,4,20,21,26,27,27/06/2019
7202,2,8,10,11,23,26/06/2019
7201,5,6,20,23,25,26/06/2019
7200,1,8,9,11,28,25/06/2019
7199,4,12,20,23,25,25/06/2019
7198,5,7,15,20,26,24/06/2019
7197,1,6,13,14,24,24/06/2019
7196,1,7,9,11,23,23/06/2019
7195,3,11,14,21,25,23/06/2019
7194,4,5,7,19,21,22/06/2019
7193,6,9,12,19,27,22/06/2019
7192,13,15,17,18,27,21/06/2019
7191,5,6,8,9,28,21/06/2019
7190,5,12,13,19,21,20/06/2019
7189,8,9,10,20,23,20/06/2019
7188,4,7,9,14,22,19/06/2019
7187,4,7,9,20,25,19/06/2019
7186,2,3,5,10,25,18/06/2019
7185,1,4,7,9,26,18/06/2019
7184,10,12,17,18,20,17/06/2019
7183,5,9,17,22,26,17/06/2019
7182,4,5,14,18,26,16/06/2019
7181,2,15,19,24,28,16/06/2019
7180,4,7,15,18,21,15/06/2019
7179,1,13,19,27,28,15/06/2019
7178,3,9,14,23,24,14/06/2019
7177,3,8,10,13,15,14/06/2019
7176,1,20,22,24,26,13/06/2019
7175,5,13,14,25,26,13/06/2019
7174,6,12,24,26,27,12/06/2019
7173,4,6,14,15,22,12/06/2019
7172,3,7,12,21,25,11/06/2019
7171,11,12,19,21,23,11/06/2019
7170,9,16,18,22,28,10/06/2019
7169,5,6,10,17,22,10/06/2019
7168,1,4,9,11,21,09/06/2019
7167,1,12,19,23,27,09/06/2019
7166,2,4,10,16,20,08/06/2019
7165,4,15,20,23,28,08/06/2019
7164,8,9,14,24,25,07/06/2019
7163,2,17,18,24,25,07/06/2019
7162,3,6,23,25,27,06/06/2019
7161,5,11,22,24,25,06/06/2019
7160,4,5,8,19,20,05/06/2019
7159,9,11,12,19,27,05/06/2019
7158,3,10,15,19,20,04/06/2019
7157,7,15,16,18,28,04/06/2019
7156,5,8,10,12,23,03/06/2019
7155,4,6,8,13,24,03/06/2019
7154,7,10,21,25,26,02/06/2019
7153,4,12,16,18,28,02/06/2019
7152,4,14,18,21,25,01/06/2019
7151,1,5,10,17,26,01/06/2019
7150,2,7,16,20,26,31/05/2019
7149,2,3,4,10,22,31/05/2019
7148,14,16,18,24,28,30/05/2019
7147,5,13,14,15,17,30/05/2019
7146,2,9,18,21,23,29/05/2019
7145,17,18,23,24,27,29/05/2019
7144,1,5,16,20,26,28/05/2019
7143,7,12,22,27,28,28/05/2019
7142,5,11,13,19,28,27/05/2019
7141,1,16,17,22,28,27/05/2019
7140,1,6,7,12,16,26/05/2019
7139,1,2,13,21,26,26/05/2019
7138,2,5,13,15,20,25/05/2019
7137,1,13,15,16,22,25/05/2019
7136,3,17,21,26,28,24/05/2019
7135,4,15,17,25,28,24/05/2019
7134,1,6,20,22,25,23/05/2019
7133,4,11,16,25,28,23/05/2019
7132,4,6,13,17,21,22/05/2019
7131,2,10,11,12,18,22/05/2019
7130,3,9,14,21,22,21/05/2019
7129,12,16,22,24,26,21/05/2019
7128,8,14,15,20,28,20/05/2019
7127,5,8,9,11,23,20/05/2019
7126,3,8,13,24,27,19/05/2019
7125,2,9,15,19,20,19/05/2019
7124,8,9,16,23,28,18/05/2019
7123,6,8,12,17,28,18/05/2019
7122,21,22,24,25,26,17/05/2019
7121,7,12,14,26,27,17/05/2019
7120,6,13,14,22,25,16/05/2019
7119,2,3,4,7,8,16/05/2019
7118,8,10,21,26,28,15/05/2019
7117,7,10,25,26,28,15/05/2019
7116,1,3,10,17,18,14/05/2019
7115,6,10,13,22,28,14/05/2019
7114,2,4,7,16,20,13/05/2019
7113,8,10,11,16,28,13/05/2019
7112,4,7,10,19,24,12/05/2019
7111,7,10,18,19,21,12/05/2019
7110,3,4,16,22,27,11/05/2019
7109,2,3,8,13,25,11/05/2019
7108,4,18,19,20,26,10/05/2019
7107,4,5,12,19,27,10/05/2019
7106,4,10,14,17,22,09/05/2019
7105,6,17,22,25,26,09/05/2019
7104,3,4,9,12,17,08/05/2019
7103,3,8,19,26,27,08/05/2019
7102,5,6,17,18,25,07/05/2019
7101,3,7,22,24,27,07/05/2019
7100,1,12,24,27,28,06/05/2019
7099,1,20,21,22,25,06/05/2019
7098,1,8,19,21,24,05/05/2019
7097,12,18,22,24,26,05/05/2019
7096,3,5,10,13,19,04/05/2019
7095,1,2,13,19,24,04/05/2019
7094,10,11,17,19,26,03/05/2019
7093,2,4,19,21,25,03/05/2019
7092,1,2,14,15,26,02/05/2019
7091,10,15,22,25,28,02/05/2019
7090,6,10,13,21,22,01/05/2019
7089,9,16,17,18,20,01/05/2019
7088,2,4,6,19,26,30/04/2019
7087,1,12,18,22,25,30/04/2019
7086,2,3,6,9,24,29/04/2019
7085,1,8,11,19,22,29/04/2019
7084,2,4,8,16,17,28/04/2019
7083,1,11,14,18,24,28/04/2019
7082,5,10,14,26,28,27/04/2019
7081,3,14,19,22,23,27/04/2019
7080,3,9,13,18,26,26/04/2019
7079,2,6,15,19,22,26/04/2019
7078,2,3,7,20,23,25/04/2019
7077,5,9,14,15,17,25/04/2019
7076,3,4,8,10,24,24/04/2019
7075,3,16,23,26,28,24/04/2019
7074,1,2,3,14,15,23/04/2019
7073,1,10,14,18,21,23/04/2019
7072,1,9,24,27,28,22/04/2019
7071,1,4,23,24,26,22/04/2019
7070,6,15,20,26,27,21/04/2019
7069,4,8,12,14,26,21/04/2019
7068,4,11,15,27,28,20/04/2019
7067,3,5,12,21,22,20/04/2019
7066,1,12,16,17,20,19/04/2019
7065,1,10,15,18,26,19/04/2019
7064,6,8,10,15,26,18/04/2019
7063,17,19,21,22,26,18/04/2019
7062,1,14,15,24,25,17/04/2019
7061,1,9,15,17,21,17/04/2019
7060,8,9,20,25,26,16/04/2019
7059,5,12,16,22,27,16/04/2019
7058,2,9,14,20,23,15/04/2019
7057,13,24,26,27,28,15/04/2019
7056,15,17,20,23,26,14/04/2019
7055,7,11,17,20,26,14/04/2019
7054,11,18,20,23,26,13/04/2019
7053,2,8,10,13,22,13/04/2019
7052,4,10,20,24,26,12/04/2019
7051,1,6,12,13,26,12/04/2019
7050,2,5,10,13,24,11/04/2019
7049,1,5,17,20,22,11/04/2019
7048,5,10,12,18,24,10/04/2019
7047,6,12,19,23,25,10/04/2019
7046,3,8,12,13,28,09/04/2019
7045,5,9,11,16,26,09/04/2019
7044,4,14,15,16,27,08/04/2019
7043,1,2,9,19,25,08/04/2019
7042,5,6,23,24,28,07/04/2019
7041,10,14,17,19,21,07/04/2019
7040,7,10,16,17,21,06/04/2019
7039,2,4,15,19,28,06/04/2019
7038,3,4,8,10,27,05/04/2019
7037,7,13,15,22,23,05/04/2019
7036,1,14,20,26,27,04/04/2019
7035,10,11,17,18,27,04/04/2019
7034,3,4,10,13,15,03/04/2019
7033,10,17,18,21,24,03/04/2019
7032,3,11,14,19,20,02/04/2019
7031,2,9,17,18,27,02/04/2019
7030,2,3,7,16,17,01/04/2019
7029,10,13,17,19,26,01/04/2019
7028,10,11,12,21,25,31/03/2019
7027,11,12,18,19,21,31/03/2019
7026,1,7,10,17,25,30/03/2019
7025,2,5,7,11,16,30/03/2019
7024,5,10,12,15,16,29/03/2019
7023,6,11,12,15,20,29/03/2019
7022,2,5,7,9,14,28/03/2019
7021,1,6,12,19,21,28/03/2019
7020,2,7,14,18,24,27/03/2019
7019,2,5,18,22,27,27/03/2019
7018,3,7,24,26,28,26/03/2019
7017,1,7,8,15,21,26/03/2019
7016,2,3,4,8,24,25/03/2019
7015,8,14,21,25,28,25/03/2019
7014,8,9,14,21,22,24/03/2019
7013,1,6,7,11,24,24/03/2019
7012,4,12,18,27,28,23/03/2019
7011,3,18,21,23,26,23/03/2019
7010,5,8,14,16,27,22/03/2019
7009,4,10,16,21,27,22/03/2019
7008,11,12,19,22,24,21/03/2019
7007,1,2,10,13,17,21/03/2019
7006,15,19,21,23,27,20/03/2019
7005,2,9,11,12,14,20/03/2019
7004,6,8,11,14,26,19/03/2019
7003,1,18,19,25,26,19/03/2019
7002,7,9,10,23,28,18/03/2019
7001,13,14,16,21,24,18/03/2019
7000,11,12,19,20,28,17/03/2019
6999,9,11,12,14,18,17/03/2019
6998,7,9,12,23,26,16/03/2019
6997,4,9,17,19,22,16/03/2019
6996,9,14,15,27,28,15/03/2019
6995,2,3,4,16,23,15/03/2019
6994,2,10,12,15,22,14/03/2019
6993,1,18,20,23,28,14/03/2019
6992,1,2,7,11,27,13/03/2019
6991,12,17,21,23,26,13/03/2019
6990,4,11,16,25,28,12/03/2019
6989,6,14,19,20,22,12/03/2019
6988,13,16,19,24,26,11/03/2019
6987,5,8,11,20,27,11/03/2019
6986,7,17,18,19,22,10/03/2019
6985,1,5,18,24,26,10/03/2019
6984,3,4,9,15,26,09/03/2019
6983,1,12,16,20,21,09/03/2019
6982,2,12,18,24,26,08/03/2019
6981,1,2,17,18,22,08/03/2019
6980,5,6,10,22,24,07/03/2019
6979,2,8,16,19,20,07/03/2019
6978,7,8,12,21,26,06/03/2019
6977,6,12,14,19,26,06/03/2019
6976,7,12,21,26,27,05/03/2019
6975,6,11,14,21,26,05/03/2019
6974,1,7,14,15,27,04/03/2019
6973,10,16,17,18,26,04/03/2019
6972,2,12,15,23,24,03/03/2019
6971,13,17,24,26,28,03/03/2019
6970,4,8,14,22,27,02/03/2019
6969,3,10,13,17,24,02/03/2019
6968,2,11,19,23,27,01/03/2019
6967,7,9,11,15,19,01/03/2019
6966,2,3,23,24,26,28/02/2019
6965,1,7,22,23,26,28/02/2019
6964,2,7,9,11,15,27/02/2019
6963,4,7,8,25,28,27/02/2019
6962,6,7,21,23,25,26/02/2019
6961,3,5,7,10,27,26/02/2019
6960,8,11,14,21,24,25/02/2019
6959,6,13,14,26,28,25/02/2019
6958,4,17,18,23,24,24/02/2019
6957,3,10,22,24,25,24/02/2019
6956,10,12,20,25,28,23/02/2019
6955,2,13,17,22,25,23/02/2019
6954,6,8,17,27,28,22/02/2019
6953,10,17,19,21,24,22/02/2019
6952,1,15,21,23,28,21/02/2019
6951,13,15,16,24,27,21/02/2019
6950,2,18,24,27,28,20/02/2019
6949,8,9,19,23,25,20/02/2019
6948,8,9,10,19,27,19/02/2019
6947,5,9,10,19,23,19/02/2019
6946,4,13,16,20,27,18/02/2019
6945,2,9,10,22,26,18/02/2019
6944,2,19,22,24,26,17/02/2019
6943,1,2,3,6,19,17/02/2019
6942,3,8,16,18,26,16/02/2019
6941,3,7,13,14,19,16/02/2019
6940,5,8,9,20,24,15/02/2019
6939,6,8,9,11,27,15/02/2019
6938,1,2,14,19,26,14/02/2019
6937,2,5,12,17,26,14/02/2019
6936,6,7,10,20,26,13/02/2019
6935,9,18,22,23,28,13/02/2019
6934,2,10,14,17,22,12/02/2019
6933,12,13,15,24,28,12/02/2019
6932,8,12,14,21,22,11/02/2019
6931,8,10,14,15,21,11/02/2019
6930,3,5,6,14,19,10/02/2019
6929,5,9,11,13,16,10/02/2019
6928,4,10,14,16,27,09/02/2019
6927,6,9,12,17,18,09/02/2019
6926,4,7,15,18,21,08/02/2019
6925,1,4,5,11,21,08/02/2019
6924,8,16,25,27,28,07/02/2019
6923,3,17,20,24,26,07/02/2019
6922,9,14,18,23,27,06/02/2019
6921,3,5,10,12,13,06/02/2019
6920,6,12,18,19,24,05/02/2019
6919,6,15,23,25,28,05/02/2019
6918,11,24,26,27,28,04/02/2019
6917,1,6,15,16,26,04/02/2019
6916,9,13,14,19,21,03/02/2019
6915,4,15,20,22,28,03/02/2019
6914,3,6,11,15,25,02/02/2019
6913,2,9,14,24,25,02/02/2019
6912,7,8,12,18,20,01/02/2019
6911,11,20,21,23,25,01/02/2019
6910,6,7,16,17,23,31/01/2019
6909,4,5,13,21,25,31/01/2019
6908,4,6,10,26,28,30/01/2019
6907,5,6,15,20,21,30/01/2019
6906,4,9,17,23,28,29/01/2019
6905,13,16,18,21,27,29/01/2019
6904,8,9,13,15,24,28/01/2019
6903,1,2,3,8,28,28/01/2019
6902,3,10,20,24,27,27/01/2019
6901,3,4,5,19,21,27/01/2019
6900,1,4,6,10,18,26/01/2019
6899,5,9,17,18,25,26/01/2019
6898,6,13,20,21,23,25/01/2019
6897,1,3,7,17,20,25/01/2019
6896,3,8,9,17,26,24/01/2019
6895,4,7,10,22,26,24/01/2019
6894,4,6,15,20,27,23/01/2019
6893,1,14,18,22,26,23/01/2019
6892,2,11,12,19,20,22/01/2019
6891,4,6,14,17,24,22/01/2019
6890,4,9,15,25,27,21/01/2019
6889,1,5,10,11,16,21/01/2019
6888,2,6,9,12,28,20/01/2019
6887,1,13,16,24,27,20/01/2019
6886,2,5,12,21,22,19/01/2019
6885,8,9,12,15,16,19/01/2019
6884,17,21,22,25,26,18/01/2019
6883,7,11,12,14,27,18/01/2019
6882,2,10,17,19,25,17/01/2019
6881,5,16,19,23,27,17/01/2019
6880,7,8,12,16,27,16/01/2019
6879,7,14,22,23,25,16/01/2019
6878,11,20,21,22,28,15/01/2019
6877,8,12,19,20,24,15/01/2019
6876,8,9,12,18,21,14/01/2019
6875,1,2,7,17,22,14/01/2019
6874,5,15,19,25,28,13/01/2019
6873,1,2,3,4,10,13/01/2019
6872,3,15,21,23,26,12/01/2019
6871,10,11,13,18,19,12/01/2019
6870,8,20,21,26,27,11/01/2019
6869,3,6,8,17,24,11/01/2019
6868,7,11,19,23,28,10/01/2019
6867,7,11,12,18,28,10/01/2019
6866,7,11,15,19,24,09/01/2019
6865,6,7,10,20,26,09/01/2019
6864,15,17,19,21,23,08/01/2019
6863,2,11,18,21,27,08/01/2019
6862,5,17,19,26,27,07/01/2019
6861,2,13,18,23,27,07/01/2019
6860,2,13,16,18,19,06/01/2019
6859,14,15,20,21,24,06/01/2019
6858,1,17,21,24,26,05/01/2019
6857,2,6,8,21,27,05/01/2019
6856,2,3,12,15,25,04/01/2019
6855,9,10,19,24,26,04/01/2019
6854,4,5,8,9,25,03/01/2019
6853,2,4,20,23,24,03/01/2019
6852,6,14,16,21,27,02/01/2019
6851,2,7,8,9,11,02/01/2019
6850,5,10,15,16,27,01/01/2019
6849,1,5,16,18,25,01/01/2019
6848,4,7,15,17,23,31/12/2018
6847,1,3,19,21,27,31/12/2018
6846,5,7,19,21,27,30/12/2018
6845,7,9,14,22,26,30/12/2018
6844,1,2,9,10,15,29/12/2018
6843,7,9,13,17,28,29/12/2018
6842,2,7,9,22,25,28/12/2018
6841,5,6,8,25,27,28/12/2018
6840,1,12,16,19,23,27/12/2018
6839,1,5,16,20,25,27/12/2018
6838,2,3,5,12,23,26/12/2018
6837,5,9,19,27,28,26/12/2018
6836,2,14,20,25,26,25/12/2018
6835,4,6,11,14,24,25/12/2018
6834,1,2,17,19,22,24/12/2018
6833,9,10,11,18,27,24/12/2018
6832,10,11,12,17,18,23/12/2018
6831,6,9,15,26,27,23/12/2018
6830,3,7,12,18,28,22/12/2018
6829,5,9,13,15,26,22/12/2018
6828,4,8,13,21,27,21/12/2018
6827,3,6,13,23,28,21/12/2018
6826,1,12,25,26,27,20/12/2018
6825,4,23,24,25,28,20/12/2018
6824,4,7,21,23,24,19/12/2018
6823,3,9,10,22,23,19/12/2018
6822,1,6,13,19,22,18/12/2018
6821,1,2,3,6,24,18/12/2018
6820,7,12,17,23,27,17/12/2018
6819,3,14,17,26,27,17/12/2018
6818,4,13,16,20,23,16/12/2018
6817,7,10,11,18,24,16/12/2018
6816,6,13,15,18,24,15/12/2018
6815,3,13,16,20,27,15/12/2018
6814,1,4,10,13,18,14/12/2018
6813,2,9,16,17,28,14/12/2018
6812,9,14,15,23,27,13/12/2018
6811,3,4,7,23,24,13/12/2018
6810,7,11,12,15,26,12/12/2018
6809,3,13,16,25,28,12/12/2018
6808,2,3,10,20,23,11/12/2018
6807,1,6,9,16,19,11/12/2018
6806,1,10,11,14,21,10/12/2018
6805,7,12,16,20,21,10/12/2018
6804,1,13,17,18,21,09/12/2018
6803,6,13,16,19,21,09/12/2018
6802,1,5,6,10,21,08/12/2018
6801,3,11,13,15,16,08/12/2018
6800,2,5,17,20,21,07/12/2018
6799,3,17,20,23,26,07/12/2018
6798,3,12,15,16,25,06/12/2018
6797,3,4,6,19,23,06/12/2018
6796,5,12,21,25,28,05/12/2018
6795,5,6,8,16,20,05/12/2018
6794,6,10,12,15,23,04/12/2018
6793,8,10,13,23,26,04/12/2018
6792,3,6,20,26,28,03/12/2018
6791,7,8,15,19,21,03/12/2018
6790,6,13,14,18,21,02/12/2018
6789,4,11,14,19,21,02/12/2018
6788,3,13,14,22,23,01/12/2018
6787,3,9,14,18,20,01/12/2018
6786,1,14,15,16,18,30/11/2018
6785,9,21,23,27,28,30/11/2018
6784,8,11,12,16,28,29/11/2018
6783,2,12,18,19,23,29/11/2018
6782,2,6,10,16,27,28/11/2018
6781,5,10,15,21,24,28/11/2018
6780,6,14,17,22,28,27/11/2018
6779,13,16,17,23,24,27/11/2018
6778,3,4,9,16,21,26/11/2018
6777,1,2,7,24,26,26/11/2018
6776,1,3,9,20,27,25/11/2018
6775,1,6,9,12,15,25/11/2018
6774,2,17,18,23,27,24/11/2018
6773,13,15,16,18,26,24/11/2018
6772,3,10,20,21,26,23/11/2018
6771,5,7,19,20,24,23/11/2018
6770,6,18,21,26,27,22/11/2018
6769,8,17,23,25,28,22/11/2018
6768,4,5,8,10,14,21/11/2018
6767,7,9,10,20,27,21/11/2018
6766,2,9,12,20,21,20/11/2018
6765,5,7,14,21,27,20/11/2018
6764,2,15,17,21,28,19/11/2018
6763,7,10,15,24,26,19/11/2018
6762,3,7,12,16,17,18/11/2018
6761,2,8,9,20,25,18/11/2018
6760,3,7,9,11,14,17/11/2018
6759,4,6,12,17,22,17/11/2018
6758,6,9,20,21,26,16/11/2018
6757,11,14,16,18,22,16/11/2018
6756,5,10,14,16,17,15/11/2018
6755,4,7,15,18,21,15/11/2018
6754,11,12,18,19,21,14/11/2018
6753,7,9,13,17,24,14/11/2018
6752,7,21,23,25,28,13/11/2018
6751,10,11,14,22,28,13/11/2018
6750,3,4,9,20,21,12/11/2018
6749,8,24,25,26,28,12/11/2018
6748,8,11,12,20,21,11/11/2018
6747,1,3,9,13,28,11/11/2018
6746,1,3,17,20,28,10/11/2018
6745,5,13,15,20,27,10/11/2018
6744,10,12,21,25,26,09/11/2018
6743,4,12,14,15,18,09/11/2018
6742,5,7,8,16,25,08/11/2018
6741,3,6,7,8,9,08/11/2018
6740,2,7,19,23,27,07/11/2018
6739,7,17,18,20,23,07/11/2018
6738,7,14,18,25,28,06/11/2018
6737,5,10,13,15,19,06/11/2018
6736,6,14,18,25,28,05/11/2018
6735,7,8,16,17,28,05/11/2018
6734,16,17,21,26,27,04/11/2018
6733,2,7,8,21,25,04/11/2018
6732,3,5,6,16,28,03/11/2018
6731,5,14,15,19,21,03/11/2018
6730,5,7,9,15,17,02/11/2018
6729,1,7,17,22,27,02/11/2018
6728,6,8,10,14,21,01/11/2018
6727,3,12,19,23,28,01/11/2018
6726,5,15,17,23,27,31/10/2018
6725,4,15,17,22,25,31/10/2018
6724,8,9,10,13,18,30/10/2018
6723,6,15,18,19,21,30/10/2018
6722,5,16,20,26,27,29/10/2018
6721,6,15,19,23,27,29/10/2018
6720,1,2,5,20,23,28/10/2018
6719,6,7,8,20,24,28/10/2018
6718,5,10,19,22,23,27/10/2018
6717,3,12,24,25,26,27/10/2018
6716,4,19,22,23,26,26/10/2018
6715,7,9,11,20,25,26/10/2018
6714,1,2,15,17,25,25/10/2018
6713,4,8,11,18,20,25/10/2018
6712,7,16,17,19,22,24/10/2018
6711,10,12,15,21,24,24/10/2018
6710,11,13,18,24,28,23/10/2018
6709,1,6,13,20,24,23/10/2018
6708,5,9,22,27,28,22/10/2018
6707,1,7,11,12,24,22/10/2018
6706,2,5,19,25,27,21/10/2018
6705,2,3,10,15,23,21/10/2018
6704,6,7,12,18,22,20/10/2018
6703,1,14,23,26,28,20/10/2018
6702,5,10,15,16,18,19/10/2018
6701,6,11,13,19,21,19/10/2018
6700,7,10,16,27,28,18/10/2018
6699,1,15,21,24,27,18/10/2018
6698,3,10,26,27,28,17/10/2018
6697,7,20,25,26,27,17/10/2018
6696,1,2,3,7,11,16/10/2018
6695,6,14,18,21,22,16/10/2018
6694,7,8,13,18,24,15/10/2018
6693,1,6,19,20,25,15/10/2018
6692,2,10,18,21,25,14/10/2018
6691,6,16,19,21,23,14/10/2018
6690,3,15,21,22,24,13/10/2018
6689,1,5,12,14,24,13/10/2018
6688,3,4,7,12,13,12/10/2018
6687,5,7,11,23,27,12/10/2018
6686,2,5,7,12,26,11/10/2018
6685,3,5,16,17,26,11/10/2018
6684,10,12,16,26,28,10/10/2018
6683,10,17,19,23,28,10/10/2018
6682,4,5,14,25,26,09/10/2018
6681,6,13,15,19,26,09/10/2018
6680,1,6,9,10,17,08/10/2018
6679,3,16,19,23,25,08/10/2018
6678,5,10,21,23,24,07/10/2018
6677,6,11,13,17,22,07/10/2018
6676,9,12,19,26,28,06/10/2018
6675,1,2,8,14,15,06/10/2018
6674,8,11,21,27,28,05/10/2018
6673,12,13,16,27,28,05/10/2018
6672,5,7,8,11,27,04/10/2018
6671,3,8,12,18,25,04/10/2018
6670,2,3,8,11,26,03/10/2018
6669,8,9,10,12,20,03/10/2018
6668,14,15,16,17,25,02/10/2018
6667,1,7,10,18,26,02/10/2018
6666,11,13,22,25,27,01/10/2018
6665,3,4,8,10,27,01/10/2018
6664,3,4,5,6,24,30/09/2018
6663,3,9,14,23,28,30/09/2018
6662,7,8,21,22,24,29/09/2018
6661,3,11,13,24,25,29/09/2018
6660,5,12,18,23,27,28/09/2018
6659,6,13,20,24,27,28/09/2018
6658,1,14,15,18,28,27/09/2018
6657,3,10,14,17,23,27/09/2018
6656,1,3,12,17,18,26/09/2018
6655,4,6,7,13,20,26/09/2018
6654,9,11,12,13,18,25/09/2018
6653,5,6,8,19,26,25/09/2018
6652,9,11,24,25,27,24/09/2018
6651,3,4,11,15,26,24/09/2018
6650,7,9,20,21,26,23/09/2018
6649,7,11,12,23,24,23/09/2018
6648,1,3,10,16,28,22/09/2018
6647,3,4,10,17,18,22/09/2018
6646,4,9,12,18,23,21/09/2018
6645,10,11,15,16,18,21/09/2018
6644,1,6,12,15,28,20/09/2018
6643,4,8,14,19,21,20/09/2018
6642,5,6,7,15,21,19/09/2018
6641,5,6,17,18,21,19/09/2018
6640,5,12,15,17,23,18/09/2018
6639,3,7,17,19,25,18/09/2018
6638,3,4,11,19,20,17/09/2018
6637,9,13,20,26,28,17/09/2018
6636,7,12,16,17,26,16/09/2018
6635,5,6,14,20,28,16/09/2018
6634,1,5,21,24,27,15/09/2018
6633,2,13,17,20,26,15/09/2018
6632,5,12,14,15,21,14/09/2018
6631,1,4,6,8,14,14/09/2018
6630,2,3,14,15,24,13/09/2018
6629,1,3,8,26,27,13/09/2018
6628,1,12,16,26,28,12/09/2018
6627,3,7,19,25,27,12/09/2018
6626,13,15,16,18,26,11/09/2018
6625,6,18,24,25,28,11/09/2018
6624,2,6,12,21,26,10/09/2018
6623,4,8,10,16,24,10/09/2018
6622,3,9,18,22,27,09/09/2018
6621,5,6,23,25,28,09/09/2018
6620,4,7,14,20,26,08/09/2018
6619,2,5,10,18,24,08/09/2018
6618,4,6,7,16,26,07/09/2018
6617,5,12,14,18,25,07/09/2018
6616,5,7,12,18,23,06/09/2018
6615,1,6,19,27,28,06/09/2018
6614,14,15,20,23,27,05/09/2018
6613,1,7,11,20,24,05/09/2018
6612,1,9,13,20,23,04/09/2018
6611,3,12,13,17,24,04/09/2018
6610,2,13,15,23,24,03/09/2018
6609,5,6,12,14,21,03/09/2018
6608,13,19,20,21,22,02/09/2018
6607,11,15,19,24,28,02/09/2018
6606,4,12,13,14,25,01/09/2018
6605,3,14,21,22,27,01/09/2018
6604,15,19,21,24,28,31/08/2018
6603,6,9,14,16,23,31/08/2018
6602,1,15,22,23,26,30/08/2018
6601,6,13,20,24,27,30/08/2018
6600,3,6,10,16,22,29/08/2018
6599,5,11,16,18,26,29/08/2018
6598,7,16,17,22,23,28/08/2018
6597,5,11,19,21,28,28/08/2018
6596,6,9,12,17,18,27/08/2018
6595,3,4,5,17,21,27/08/2018
6594,5,7,12,13,20,26/08/2018
6593,3,4,16,17,19,26/08/2018
6592,10,14,21,25,26,25/08/2018
6591,3,11,20,21,22,25/08/2018
6590,4,6,7,8,23,24/08/2018
6589,4,7,8,15,21,24/08/2018
6588,6,10,17,23,27,23/08/2018
6587,6,9,16,27,28,23/08/2018
6586,7,10,16,20,21,22/08/2018
6585,5,9,14,20,21,22/08/2018
6584,2,11,15,16,26,21/08/2018
6583,1,5,8,11,13,21/08/2018
6582,2,5,9,13,28,20/08/2018
6581,9,16,20,23,24,20/08/2018
6580,1,11,24,25,26,19/08/2018
6579,5,8,9,15,23,19/08/2018
6578,6,12,19,23,26,18/08/2018
6577,2,3,12,20,27,18/08/2018
6576,4,11,13,15,27,17/08/2018
6575,4,10,12,22,23,17/08/2018
6574,8,10,17,24,28,16/08/2018
6573,12,16,20,25,26,16/08/2018
6572,9,16,19,23,25,15/08/2018
6571,2,13,15,19,26,15/08/2018
6570,5,10,13,21,25,14/08/2018
6569,15,16,18,20,22,14/08/2018
6568,6,7,14,22,23,13/08/2018
6567,3,6,9,19,26,13/08/2018
6566,2,5,7,17,27,12/08/2018
6565,3,7,8,10,15,12/08/2018
6564,9,10,14,19,20,11/08/2018
6563,14,15,21,22,24,11/08/2018
6562,8,11,12,17,19,10/08/2018
6561,5,13,21,22,23,10/08/2018
6560,2,8,19,20,24,09/08/2018
6559,7,12,20,21,25,09/08/2018
6558,16,18,20,22,27,08/08/2018
6557,3,6,8,19,21,08/08/2018
6556,4,6,8,9,11,07/08/2018
6555,3,7,8,26,28,07/08/2018
6554,1,6,11,20,21,06/08/2018
6553,13,16,22,25,26,06/08/2018
6552,2,7,13,19,28,05/08/2018
6551,2,5,15,22,27,05/08/2018
6550,7,9,11,14,21,04/08/2018
6549,6,14,15,25,28,04/08/2018
6548,3,10,12,13,15,03/08/2018
6547,7,24,25,26,27,03/08/2018
6546,1,4,7,15,28,02/08/2018
6545,2,9,18,19,28,02/08/2018
6544,3,6,18,22,24,01/08/2018
6543,6,14,19,21,26,01/08/2018
6542,2,8,11,16,27,31/07/2018
6541,11,12,14,17,28,31/07/2018
6540,13,16,22,25,28,30/07/2018
6539,1,5,9,18,25,30/07/2018
6538,2,13,15,16,20,29/07/2018
6537,5,7,14,19,25,29/07/2018
6536,2,3,6,8,21,28/07/2018
6535,5,8,14,16,20,28/07/2018
6534,2,17,19,21,26,27/07/2018
6533,2,7,10,12,16,27/07/2018
6532,10,11,20,23,26,26/07/2018
6531,1,4,9,15,19,26/07/2018
6530,5,8,9,14,19,25/07/2018
6529,6,14,23,27,28,25/07/2018
6528,6,14,21,22,24,24/07/2018
6527,8,10,19,21,27,24/07/2018
6526,4,5,14,25,26,23/07/2018
6525,4,12,15,18,24,23/07/2018
6524,8,10,21,22,27,22/07/2018
6523,2,12,19,21,28,22/07/2018
6522,8,16,20,23,24,21/07/2018
6521,2,11,18,23,25,21/07/2018
6520,5,11,14,15,25,20/07/2018
6519,1,3,21,23,26,20/07/2018
6518,16,23,25,26,27,19/07/2018
6517,14,16,19,22,26,19/07/2018
6516,2,12,14,16,20,18/07/2018
6515,5,8,12,14,17,18/07/2018
6514,1,13,16,20,24,17/07/2018
6513,7,10,12,19,27,17/07/2018
6512,7,18,19,26,27,16/07/2018
6511,12,14,19,20,28,16/07/2018
6510,1,13,19,21,27,15/07/2018
6509,1,6,7,8,26,15/07/2018
6508,4,7,13,17,27,14/07/2018
6507,8,20,22,23,24,14/07/2018
6506,7,10,19,21,22,13/07/2018
6505,5,6,9,15,19,13/07/2018
6504,11,14,16,17,20,12/07/2018
6503,2,11,15,23,25,12/07/2018
6502,9,12,17,18,21,11/07/2018
6501,5,22,26,27,28,11/07/2018
6500,3,5,7,11,27,10/07/2018
6499,6,15,17,18,24,10/07/2018
6498,11,12,16,20,28,09/07/2018
6497,1,14,19,20,23,09/07/2018
6496,2,7,16,22,28,08/07/2018
6495,1,8,10,17,28,08/07/2018
6494,2,5,12,17,19,07/07/2018
6493,16,18,20,24,28,07/07/2018
6492,3,15,16,27,28,06/07/2018
6491,2,3,11,17,22,06/07/2018
6490,10,11,15,18,21,05/07/2018
6489,9,11,15,17,23,05/07/2018
6488,6,11,12,16,27,04/07/2018
6487,3,14,15,16,21,04/07/2018
6486,1,3,5,22,26,03/07/2018
6485,3,5,9,23,24,03/07/2018
6484,2,6,9,15,22,02/07/2018
6483,4,7,14,21,25,02/07/2018
6482,9,19,21,27,28,01/07/2018
6481,1,5,8,15,20,01/07/2018
6480,15,19,23,25,27,30/06/2018
6479,6,9,12,20,26,30/06/2018
6478,6,11,12,14,21,29/06/2018
6477,5,6,8,12,16,29/06/2018
6476,7,9,10,17,22,28/06/2018
6475,6,14,17,21,27,28/06/2018
6474,8,9,14,24,25,27/06/2018
6473,4,7,13,25,27,27/06/2018
6472,6,7,24,25,28,26/06/2018
6471,11,12,17,18,24,26/06/2018
6470,1,8,11,19,21,25/06/2018
6469,1,2,6,18,27,25/06/2018
6468,7,11,12,17,20,24/06/2018
6467,1,9,15,18,23,24/06/2018
6466,2,8,9,11,27,23/06/2018
6465,1,4,9,15,26,23/06/2018
6464,4,15,19,25,28,22/06/2018
6463,4,10,17,22,23,22/06/2018
6462,6,10,24,26,27,21/06/2018
6461,2,21,22,23,28,21/06/2018
6460,6,7,9,17,22,20/06/2018
6459,7,11,12,18,27,20/06/2018
6458,1,9,16,21,25,19/06/2018
6457,4,9,16,22,25,19/06/2018
6456,10,11,13,21,28,18/06/2018
6455,2,13,25,26,27,18/06/2018
6454,3,10,13,16,28,17/06/2018
6453,5,6,14,19,25,17/06/2018
6452,11,13,16,19,27,16/06/2018
6451,2,10,13,21,23,16/06/2018
6450,4,13,19,21,28,15/06/2018
6449,6,14,23,24,28,15/06/2018
6448,3,7,12,20,23,14/06/2018
6447,9,12,15,16,24,14/06/2018
6446,3,14,20,21,27,13/06/2018
6445,7,8,20,22,23,13/06/2018
6444,3,13,17,24,28,12/06/2018
6443,5,10,13,19,23,12/06/2018
6442,6,13,15,20,25,11/06/2018
6441,5,15,26,27,28,11/06/2018
6440,5,12,18,19,23,10/06/2018
6439,10,13,21,22,26,10/06/2018
6438,5,9,14,19,22,09/06/2018
6437,4,11,14,16,24,09/06/2018
6436,9,10,24,26,28,08/06/2018
6435,8,10,12,16,27,08/06/2018
6434,15,17,20,25,27,07/06/2018
6433,2,8,14,15,18,07/06/2018
6432,3,11,12,18,23,06/06/2018
6431,4,7,17,27,28,06/06/2018
6430,14,16,19,26,27,05/06/2018
6429,9,10,18,26,27,05/06/2018
6428,3,4,8,16,18,04/06/2018
6427,1,17,20,21,22,04/06/2018
6426,2,7,9,17,27,03/06/2018
6425,6,10,20,21,22,03/06/2018
6424,2,3,9,17,28,02/06/2018
6423,11,14,15,19,28,02/06/2018
6422,5,6,7,23,28,01/06/2018
6421,3,14,15,19,27,01/06/2018
6420,1,12,13,20,21,31/05/2018
6419,1,4,12,17,18,31/05/2018
6418,9,16,19,20,28,30/05/2018
6417,1,2,3,6,23,30/05/2018
6416,5,8,14,20,27,29/05/2018
6415,6,13,17,18,19,29/05/2018
6414,2,11,13,14,20,28/05/2018
6413,1,4,11,12,23,28/05/2018
6412,3,4,7,25,27,27/05/2018
6411,8,11,15,22,28,27/05/2018
6410,1,3,7,8,26,26/05/2018
6409,2,4,21,24,27,26/05/2018
6408,9,17,19,22,28,25/05/2018
6407,3,5,9,12,17,25/05/2018
6406,2,6,11,26,28,24/05/2018
6405,1,4,20,22,28,24/05/2018
6404,1,2,19,22,28,23/05/2018
6403,1,3,8,17,21,23/05/2018
6402,1,3,5,8,23,22/05/2018
6401,5,6,7,8,12,22/05/2018
6400,10,12,19,21,22,21/05/2018
6399,3,10,20,22,26,21/05/2018
6398,4,10,16,25,28,20/05/2018
6397,5,6,9,14,17,20/05/2018
6396,11,12,13,18,28,19/05/2018
6395,4,7,14,24,26,19/05/2018
6394,8,14,22,23,28,18/05/2018
6393,1,11,16,25,26,18/05/2018
6392,8,16,19,20,21,17/05/2018
6391,1,14,15,25,28,17/05/2018
6390,6,13,22,25,26,16/05/2018
6389,2,4,21,26,27,16/05/2018
6388,4,8,11,23,26,15/05/2018
6387,3,4,11,17,27,15/05/2018
6386,1,17,24,26,28,14/05/2018
6385,1,3,4,20,26,14/05/2018
6384,5,12,20,21,26,13/05/2018
6383,7,8,13,20,25,13/05/2018
6382,3,9,13,18,28,12/05/2018
6381,8,18,23,24,26,12/05/2018
6380,13,15,23,24,25,11/05/2018
6379,7,8,13,26,27,11/05/2018
6378,11,16,17,22,25,10/05/2018
6377,7,10,13,23,28,10/05/2018
6376,7,10,13,19,24,09/05/2018
6375,6,16,18,25,28,09/05/2018
6374,6,14,18,21,25,08/05/2018
6373,2,9,10,12,15,08/05/2018
6372,1,2,5,17,22,07/05/2018
6371,14,19,21,25,26,07/05/2018
6370,1,13,23,24,25,06/05/2018
6369,3,4,16,19,25,06/05/2018
6368,2,9,14,20,27,05/05/2018
6367,2,3,13,25,26,05/05/2018
6366,5,6,13,16,18,04/05/2018
6365,2,4,8,10,21,04/05/2018
6364,3,5,7,16,26,03/05/2018
6363,15,17,18,20,28,03/05/2018
6362,7,10,13,16,25,02/05/2018
6361,6,15,20,21,24,02/05/2018
6360,2,13,21,24,27,01/05/2018
6359,3,5,6,9,24,01/05/2018
6358,6,10,23,25,28,30/04/2018
6357,3,7,11,23,27,30/04/2018
6356,14,15,16,25,27,29/04/2018
6355,9,14,15,23,24,29/04/2018
6354,7,14,18,24,28,28/04/2018
6353,1,12,14,17,24,28/04/2018
6352,5,12,21,22,26,27/04/2018
6351,1,10,20,23,26,27/04/2018
6350,7,9,16,17,26,26/04/2018
6349,2,4,9,12,26,26/04/2018
6348,1,5,13,24,28,25/04/2018
6347,6,13,14,15,24,25/04/2018
6346,9,11,22,24,25,24/04/2018
6345,3,17,19,25,26,24/04/2018
6344,5,8,13,22,24,23/04/2018
6343,4,12,18,23,26,23/04/2018
6342,6,13,14,19,21,22/04/2018
6341,6,8,24,25,27,22/04/2018
6340,2,13,16,26,27,21/04/2018
6339,5,8,9,21,26,21/04/2018
6338,4,11,25,26,28,20/04/2018
6337,2,5,13,21,28,20/04/2018
6336,3,7,16,17,26,19/04/2018
6335,3,6,20,24,25,19/04/2018
6334,6,14,21,23,26,18/04/2018
6333,9,13,18,21,23,18/04/2018
6332,1,2,4,16,19,17/04/2018
6331,10,21,22,25,28,17/04/2018
6330,4,7,13,17,25,16/04/2018
6329,5,8,15,17,25,16/04/2018
6328,2,14,17,23,28,15/04/2018
6327,2,7,8,11,24,15/04/2018
6326,5,9,17,18,26,14/04/2018
6325,4,7,14,21,23,14/04/2018
6324,1,6,10,25,26,13/04/2018
6323,6,8,11,24,25,13/04/2018
6322,6,9,13,14,24,12/04/2018
6321,1,11,15,21,28,12/04/2018
6320,3,18,20,25,26,11/04/2018
6319,11,12,13,15,18,11/04/2018
6318,1,17,19,26,28,10/04/2018
6317,9,13,15,23,24,10/04/2018
6316,1,20,21,23,24,09/04/2018
6315,7,8,15,16,17,09/04/2018
6314,14,15,16,17,18,08/04/2018
6313,6,12,15,19,26,08/04/2018
6312,1,7,11,16,22,07/04/2018
6311,1,3,16,27,28,07/04/2018
6310,8,12,15,16,19,06/04/2018
6309,3,6,7,22,24,06/04/2018
6308,6,14,15,19,26,05/04/2018
6307,1,14,19,23,25,05/04/2018
6306,12,16,20,23,24,04/04/2018
6305,7,9,10,18,20,04/04/2018
6304,1,2,11,12,22,03/04/2018
6303,3,4,8,12,19,03/04/2018
6302,7,11,18,22,24,02/04/2018
6301,1,8,14,26,27,02/04/2018
6300,5,7,8,12,24,01/04/2018
6299,4,6,10,17,23,01/04/2018
6298,2,5,10,12,23,31/03/2018
6297,5,9,12,14,15,31/03/2018
6296,6,8,18,21,27,30/03/2018
6295,1,13,19,22,25,30/03/2018
6294,2,6,9,16,22,29/03/2018
6293,8,11,16,19,24,29/03/2018
6292,10,18,20,21,22,28/03/2018
6291,1,6,14,19,26,28/03/2018
6290,1,15,19,24,26,27/03/2018
6289,1,2,16,20,28,27/03/2018
6288,4,6,16,18,23,26/03/2018
6287,5,11,16,25,28,26/03/2018
6286,3,7,9,11,19,25/03/2018
6285,3,8,10,26,27,25/03/2018
6284,10,18,21,23,27,24/03/2018
6283,9,12,17,18,24,24/03/2018
6282,3,4,9,15,23,23/03/2018
6281,3,15,17,24,27,23/03/2018
6280,9,10,17,24,27,22/03/2018
6279,1,10,20,23,25,22/03/2018
6278,2,8,22,23,24,21/03/2018
6277,5,7,17,24,25,21/03/2018
6276,3,5,15,18,21,20/03/2018
6275,3,7,17,20,25,20/03/2018
6274,7,10,11,13,19,19/03/2018
6273,5,6,11,15,16,19/03/2018
6272,1,4,12,14,19,18/03/2018
6271,3,5,12,13,24,18/03/2018
6270,5,10,14,21,22,17/03/2018
6269,5,13,17,18,24,17/03/2018
6268,2,5,11,19,27,16/03/2018
6267,3,4,5,8,28,16/03/2018
6266,1,15,19,21,22,15/03/2018
6265,6,7,19,23,28,15/03/2018
6264,1,2,3,5,14,14/03/2018
6263,2,7,8,15,16,14/03/2018
6262,3,4,7,12,28,13/03/2018
6261,2,4,6,16,21,13/03/2018
6260,4,8,13,23,27,12/03/2018
6259,11,19,22,23,25,12/03/2018
6258,1,10,11,15,17,11/03/2018
6257,5,8,10,15,28,11/03/2018
6256,9,12,15,22,25,10/03/2018
6255,7,12,14,15,25,10/03/2018
6254,4,12,14,21,28,09/03/2018
6253,9,11,15,23,24,09/03/2018
6252,8,22,24,26,28,08/03/2018
6251,8,16,22,23,24,08/03/2018
6250,3,10,14,17,24,07/03/2018
6249,2,7,10,17,27,07/03/2018
6248,5,6,21,22,25,06/03/2018
6247,1,6,18,20,28,06/03/2018
6246,9,10,12,21,26,05/03/2018
6245,11,14,17,27,28,05/03/2018
6244,4,10,13,17,23,04/03/2018
6243,7,12,15,20,23,04/03/2018
6242,8,11,19,23,27,03/03/2018
6241,12,14,19,22,24,03/03/2018
6240,18,19,23,25,26,02/03/2018
6239,3,11,13,22,27,02/03/2018
6238,1,9,16,23,24,01/03/2018
6237,4,15,20,26,28,01/03/2018
6236,7,9,12,25,27,28/02/2018
6235,5,14,24,26,27,28/02/2018
6234,2,5,12,23,27,27/02/2018
6233,4,8,10,11,12,27/02/2018
6232,4,13,17,24,25,26/02/2018
6231,6,11,13,20,26,26/02/2018
6230,7,9,12,15,18,25/02/2018
6229,1,11,16,20,28,25/02/2018
6228,2,7,10,12,28,24/02/2018
6227,8,14,15,17,27,24/02/2018
6226,1,7,17,18,21,23/02/2018
6225,2,4,8,9,26,23/02/2018
6224,2,9,11,23,27,22/02/2018
6223,6,12,18,20,26,22/02/2018
6222,3,11,14,18,23,21/02/2018
6221,3,5,12,13,28,21/02/2018
6220,3,4,5,9,11,20/02/2018
6219,3,6,8,12,19,20/02/2018
6218,2,4,6,13,28,19/02/2018
6217,7,11,15,17,19,19/02/2018
6216,2,6,7,19,21,18/02/2018
6215,8,10,13,19,22,18/02/2018
6214,6,11,13,16,26,17/02/2018
6213,5,7,10,17,21,17/02/2018
6212,8,21,24,25,27,16/02/2018
6211,10,12,13,23,24,16/02/2018
6210,3,7,9,12,20,15/02/2018
6209,2,10,12,23,27,15/02/2018
6208,2,15,22,25,26,14/02/2018
6207,13,18,24,25,28,14/02/2018
6206,4,15,25,26,27,13/02/2018
6205,4,15,17,21,27,13/02/2018
6204,3,7,11,23,26,12/02/2018
6203,11,15,19,24,28,12/02/2018
6202,13,15,22,24,25,11/02/2018
6201,1,8,9,24,25,11/02/2018
6200,3,14,15,18,22,10/02/2018
6199,3,10,12,15,28,10/02/2018
6198,7,18,20,24,27,09/02/2018
6197,1,4,13,14,18,09/02/2018
6196,4,5,7,13,20,08/02/2018
6195,8,12,14,18,23,08/02/2018
6194,4,17,22,25,28,07/02/2018
6193,4,6,8,16,19,07/02/2018
6192,6,11,13,18,25,06/02/2018
6191,9,13,16,26,27,06/02/2018
6190,10,13,14,20,23,05/02/2018
6189,3,7,11,19,23,05/02/2018
6188,6,10,14,21,24,04/02/2018
6187,18,22,23,26,27,04/02/2018
6186,8,10,13,15,17,03/02/2018
6185,3,16,20,24,27,03/02/2018
6184,3,17,21,23,24,02/02/2018
6183,10,14,15,22,27,02/02/2018
6182,2,3,5,8,22,01/02/2018
6181,13,14,17,18,19,01/02/2018
6180,6,8,9,13,24,31/01/2018
6179,10,12,18,19,25,31/01/2018
6178,1,8,14,17,20,30/01/2018
6177,15,19,21,26,27,30/01/2018
6176,18,22,24,26,28,29/01/2018
6175,8,10,12,20,27,29/01/2018
6174,6,9,11,20,27,28/01/2018
6173,2,7,10,19,25,28/01/2018
6172,9,10,15,20,26,27/01/2018
6171,4,5,11,24,27,27/01/2018
6170,5,18,26,27,28,26/01/2018
6169,1,5,13,14,15,26/01/2018
6168,11,15,21,24,26,25/01/2018
6167,7,14,20,22,28,25/01/2018
6166,3,10,22,26,27,24/01/2018
6165,5,15,19,20,27,24/01/2018
6164,2,5,9,15,17,23/01/2018
6163,3,8,9,17,22,23/01/2018
6162,3,5,7,12,21,22/01/2018
6161,12,21,22,24,26,22/01/2018
6160,4,14,16,19,21,21/01/2018
6159,6,7,9,18,27,21/01/2018
6158,1,8,14,21,23,20/01/2018
6157,4,6,14,21,27,20/01/2018
6156,7,9,16,19,28,19/01/2018
6155,10,17,18,20,21,19/01/2018
6154,2,14,18,25,27,18/01/2018
6153,5,11,12,23,25,18/01/2018
6152,3,19,22,26,27,17/01/2018
6151,5,6,12,15,21,17/01/2018
6150,7,10,11,19,27,16/01/2018
6149,4,6,9,12,15,16/01/2018
6148,3,4,7,25,27,15/01/2018
6147,11,14,15,17,21,15/01/2018
6146,9,19,21,25,26,14/01/2018
6145,2,14,16,17,24,14/01/2018
6144,3,10,12,25,27,13/01/2018
6143,8,11,18,21,25,13/01/2018
6142,3,7,12,15,23,12/01/2018
6141,8,19,21,24,25,12/01/2018
6140,6,15,17,22,24,11/01/2018
6139,5,8,14,27,28,11/01/2018
6138,3,7,11,21,27,10/01/2018
6137,13,20,25,26,27,10/01/2018
6136,4,12,13,21,26,09/01/2018
6135,2,5,7,9,28,09/01/2018
6134,3,11,13,18,21,08/01/2018
6133,8,16,17,26,27,08/01/2018
6132,1,3,14,18,21,07/01/2018
6131,5,9,20,24,26,07/01/2018
6130,6,8,9,26,28,06/01/2018
6129,1,6,7,13,17,06/01/2018
6128,3,11,20,24,28,05/01/2018
6127,1,20,22,23,27,05/01/2018
6126,2,5,17,24,26,04/01/2018
6125,1,4,12,14,15,04/01/2018
6124,4,11,16,25,27,03/01/2018
6123,5,10,18,20,28,03/01/2018
6122,9,17,20,27,28,02/01/2018
6121,2,4,10,16,24,02/01/2018
6120,7,12,15,19,25,01/01/2018
6119,2,9,14,15,19,01/01/2018
6118,6,9,23,24,26,31/12/2017
6117,4,9,12,16,23,31/12/2017
6116,5,12,13,23,26,30/12/2017
6115,6,10,16,17,25,30/12/2017
6114,2,20,21,26,28,29/12/2017
6113,2,3,7,10,19,29/12/2017
6112,1,6,8,13,26,28/12/2017
6111,11,12,13,19,27,28/12/2017
6110,1,3,4,17,27,27/12/2017
6109,2,13,17,21,22,27/12/2017
6108,1,4,13,15,28,26/12/2017
6107,3,6,20,25,28,26/12/2017
6106,11,12,15,24,26,25/12/2017
6105,6,13,24,25,28,25/12/2017
6104,4,5,7,14,25,24/12/2017
6103,10,13,15,16,24,24/12/2017
6102,2,5,9,24,27,23/12/2017
6101,3,12,18,21,25,23/12/2017
6100,3,5,6,7,14,22/12/2017
6099,2,22,25,26,28,22/12/2017
6098,2,13,14,17,28,21/12/2017
6097,5,6,9,21,23,21/12/2017
6096,12,14,19,23,27,20/12/2017
6095,2,6,11,27,28,20/12/2017
6094,2,6,10,18,28,19/12/2017
6093,1,5,17,19,22,19/12/2017
6092,8,11,13,18,28,18/12/2017
6091,1,10,12,18,27,18/12/2017
6090,4,10,13,15,22,17/12/2017
6089,9,10,15,23,26,17/12/2017
6088,14,15,22,23,28,16/12/2017
6087,2,16,24,27,28,16/12/2017
6086,2,3,6,15,27,15/12/2017
6085,2,7,13,17,18,15/12/2017
6084,2,7,8,9,27,14/12/2017
6083,6,11,21,22,28,14/12/2017
6082,4,8,12,15,20,13/12/2017
6081,3,9,14,17,26,13/12/2017
6080,2,4,6,19,21,12/12/2017
6079,6,10,24,25,28,12/12/2017
6078,2,5,8,14,16,11/12/2017
6077,16,20,22,25,28,11/12/2017
6076,7,12,13,27,28,10/12/2017
6075,6,11,14,19,28,10/12/2017
6074,5,10,12,15,16,09/12/2017
6073,9,17,18,22,26,09/12/2017
6072,1,3,6,23,26,08/12/2017
6071,4,11,22,24,25,08/12/2017
6070,8,14,16,25,26,07/12/2017
6069,1,5,19,20,24,07/12/2017
6068,3,8,13,17,19,06/12/2017
6067,1,6,11,17,19,06/12/2017
6066,1,2,7,18,22,05/12/2017
6065,3,4,12,20,23,05/12/2017
6064,1,7,12,13,17,04/12/2017
6063,3,6,7,20,28,04/12/2017
6062,2,7,10,13,20,03/12/2017
6061,8,10,11,14,16,03/12/2017
6060,11,15,19,22,27,02/12/2017
6059,4,14,18,24,25,02/12/2017
6058,4,9,10,18,19,01/12/2017
6057,6,14,18,20,25,01/12/2017
6056,4,10,11,20,27,30/11/2017
6055,6,10,13,19,20,30/11/2017
6054,4,12,13,14,20,29/11/2017
6053,1,3,6,8,23,29/11/2017
6052,1,4,14,21,23,28/11/2017
6051,1,10,21,22,28,28/11/2017
6050,2,3,4,15,27,27/11/2017
6049,4,8,10,12,27,27/11/2017
6048,2,3,13,19,24,26/11/2017
6047,7,10,13,14,18,26/11/2017
6046,4,8,9,16,26,25/11/2017
6045,1,13,17,18,26,25/11/2017
6044,6,10,11,22,25,24/11/2017
6043,1,20,21,22,25,24/11/2017
6042,5,7,14,18,24,23/11/2017
6041,13,20,22,26,27,23/11/2017
6040,3,6,14,17,21,22/11/2017
6039,16,19,21,23,27,22/11/2017
6038,8,10,15,20,23,21/11/2017
6037,5,12,13,14,28,21/11/2017
6036,6,7,14,15,18,20/11/2017
6035,9,13,16,17,22,20/11/2017
6034,17,18,24,26,28,19/11/2017
6033,1,5,13,23,25,19/11/2017
6032,5,15,16,24,28,18/11/2017
6031,6,20,23,25,27,18/11/2017
6030,5,10,11,13,27,17/11/2017
6029,6,8,10,11,24,17/11/2017
6028,3,5,11,12,19,16/11/2017
6027,11,12,26,27,28,16/11/2017
6026,5,7,17,21,25,15/11/2017
6025,13,18,21,24,27,15/11/2017
6024,2,7,8,11,20,14/11/2017
6023,2,11,13,19,22,14/11/2017
6022,4,11,15,21,27,13/11/2017
6021,12,15,16,25,28,13/11/2017
6020,12,14,19,21,27,12/11/2017
6019,1,8,13,20,23,12/11/2017
6018,4,5,8,12,18,11/11/2017
6017,2,13,14,24,28,11/11/2017
6016,1,12,21,23,25,10/11/2017
6015,4,7,8,18,27,10/11/2017
6014,15,21,23,24,28,09/11/2017
6013,7,18,22,26,27,09/11/2017
6012,5,7,9,21,27,08/11/2017
6011,8,13,18,19,21,08/11/2017
6010,3,4,7,9,18,07/11/2017
6009,7,8,12,24,27,07/11/2017
6008,6,11,18,26,27,06/11/2017
6007,9,12,13,26,27,06/11/2017
6006,5,18,21,23,24,05/11/2017
6005,6,9,14,15,28,05/11/2017
6004,5,11,13,23,25,04/11/2017
6003,3,13,25,26,28,04/11/2017
6002,4,5,13,27,28,03/11/2017
6001,2,8,13,20,22,03/11/2017
6000,1,3,20,24,26,02/11/2017
5999,2,3,4,6,27,02/11/2017
5998,1,3,11,14,18,01/11/2017
5997,2,3,10,15,26,01/11/2017
5996,5,13,18,23,26,31/10/2017
5995,9,11,15,22,24,31/10/2017
5994,9,14,17,21,24,30/10/2017
5993,3,9,10,12,27,30/10/2017
5992,6,9,19,21,28,29/10/2017
5991,5,8,12,14,25,29/10/2017
5990,8,13,17,19,26,28/10/2017
5989,9,16,21,24,28,28/10/2017
5988,2,8,18,19,25,27/10/2017
5987,10,20,22,23,27,27/10/2017
5986,9,13,14,18,23,26/10/2017
5985,3,5,20,25,27,26/10/2017
5984,6,8,19,22,24,25/10/2017
5983,3,11,12,21,23,25/10/2017
5982,2,8,10,11,15,24/10/2017
5981,2,13,15,22,23,24/10/2017
5980,7,12,13,14,28,23/10/2017
5979,3,4,11,15,24,23/10/2017
5978,7,12,18,22,28,22/10/2017
5977,3,8,10,19,21,22/10/2017
5976,8,10,11,18,28,21/10/2017
5975,4,10,11,12,25,21/10/2017
5974,11,14,18,21,25,20/10/2017
5973,2,6,10,17,19,20/10/2017
5972,9,16,20,21,25,19/10/2017
5971,1,16,19,21,26,19/10/2017
5970,8,15,16,27,28,18/10/2017
5969,1,7,12,13,27,18/10/2017
5968,1,4,17,23,24,17/10/2017
5967,10,14,15,25,28,17/10/2017
5966,1,14,17,18,19,16/10/2017
5965,1,9,15,16,20,16/10/2017
5964,4,12,15,22,23,15/10/2017
5963,2,14,19,23,25,15/10/2017
5962,1,3,4,19,28,14/10/2017
5961,2,10,13,14,17,14/10/2017
5960,8,12,17,19,25,13/10/2017
5959,1,5,13,21,24,13/10/2017
5958,2,8,12,23,24,12/10/2017
5957,14,17,19,24,27,12/10/2017
5956,9,11,15,17,27,11/10/2017
5955,9,10,14,16,25,11/10/2017
5954,2,6,21,22,27,10/10/2017
5953,3,20,21,23,27,10/10/2017
5952,4,6,8,13,25,09/10/2017
5951,7,11,15,27,28,09/10/2017
5950,7,13,15,17,20,08/10/2017
5949,1,11,13,16,25,08/10/2017
5948,2,4,20,23,26,07/10/2017
5947,7,8,10,22,23,07/10/2017
5946,10,13,17,21,25,06/10/2017
5945,8,10,12,16,26,06/10/2017
5944,3,4,20,22,25,05/10/2017
5943,1,14,22,24,27,05/10/2017
5942,12,14,18,23,26,04/10/2017
5941,2,5,8,11,28,04/10/2017
5940,4,8,15,17,20,03/10/2017
5939,5,10,12,14,17,03/10/2017
5938,1,15,16,17,28,02/10/2017
5937,2,5,6,16,19,02/10/2017
5936,3,5,9,15,26,01/10/2017
5935,5,8,9,13,20,01/10/2017
5934,4,8,12,13,21,30/09/2017
5933,8,9,17,23,27,30/09/2017
5932,4,17,19,20,24,29/09/2017
5931,5,15,16,24,28,29/09/2017
5930,5,13,16,20,24,28/09/2017
5929,1,4,6,8,12,28/09/2017
5928,7,10,11,18,27,27/09/2017
5927,2,4,11,17,19,27/09/2017
5926,1,3,4,11,18,26/09/2017
5925,14,18,24,26,28,26/09/2017
5924,2,7,20,22,25,25/09/2017
5923,17,19,25,27,28,25/09/2017
5922,3,5,8,21,23,24/09/2017
5921,4,7,21,25,27,23/09/2017
5920,2,6,15,21,27,22/09/2017
5919,1,5,14,18,28,21/09/2017
5918,4,6,7,15,25,20/09/2017
5917,3,17,23,25,27,19/09/2017
5916,1,5,21,22,28,18/09/2017
5915,7,13,17,19,27,17/09/2017
5914,10,14,16,17,18,16/09/2017
5913,5,9,10,22,27,15/09/2017
5912,5,8,13,15,25,14/09/2017
5911,3,5,13,16,26,13/09/2017
5910,5,9,19,22,23,12/09/2017
5909,3,10,17,20,22,11/09/2017
5908,5,11,14,25,28,10/09/2017
5907,1,3,6,23,26,09/09/2017
5906,6,15,17,25,27,08/09/2017
5905,2,17,24,25,27,07/09/2017
5904,4,13,14,19,21,06/09/2017
5903,6,8,10,20,27,05/09/2017
5902,9,17,18,19,20,04/09/2017
5901,1,12,13,19,22,03/09/2017
5900,1,8,10,20,25,02/09/2017
5899,4,9,18,19,22,01/09/2017
5898,3,5,8,15,24,31/08/2017
5897,6,10,16,18,22,30/08/2017
5896,5,11,13,20,27,29/08/2017
5895,3,13,23,26,28,28/08/2017
5894,4,8,10,23,27,27/08/2017
5893,3,8,16,23,24,26/08/2017
5892,2,5,8,10,28,25/08/2017
5891,10,15,19,21,24,24/08/2017
5890,3,5,13,18,20,23/08/2017
5889,3,6,12,21,26,22/08/2017
5888,4,5,10,16,28,21/08/2017
5887,5,9,10,26,27,20/08/2017
5886,3,9,15,19,21,19/08/2017
5885,2,4,7,14,26,18/08/2017
5884,5,8,14,16,22,17/08/2017
5883,3,10,12,15,22,16/08/2017
5882,7,14,16,18,24,15/08/2017
5881,3,11,17,19,23,14/08/2017
5880,5,11,12,21,24,13/08/2017
5879,2,6,7,12,24,12/08/2017
5878,3,5,14,20,23,11/08/2017
5877,3,6,12,21,28,10/08/2017
5876,3,9,21,27,28,09/08/2017
5875,5,8,23,26,28,08/08/2017
5874,4,5,15,16,20,07/08/2017
5873,5,12,13,15,18,06/08/2017
5872,2,8,10,14,28,05/08/2017
5871,5,7,8,23,27,04/08/2017
5870,2,9,18,22,25,03/08/2017
5869,11,12,13,16,18,02/08/2017
5868,10,18,19,22,26,01/08/2017
5867,2,4,7,15,17,31/07/2017
5866,4,7,12,16,27,30/07/2017
5865,2,3,6,18,19,29/07/2017
5864,6,8,15,23,26,28/07/2017
5863,9,13,14,20,23,27/07/2017
5862,6,18,22,23,27,26/07/2017
5861,3,10,23,26,27,25/07/2017
5860,3,8,9,17,25,24/07/2017
5859,9,10,16,23,27,23/07/2017
5858,10,12,15,17,28,22/07/2017
5857,1,10,17,24,28,21/07/2017
5856,1,2,10,20,24,20/07/2017
5855,2,8,16,18,25,19/07/2017
5854,2,9,16,17,19,18/07/2017
5853,13,17,22,26,28,17/07/2017
5852,1,3,15,20,24,16/07/2017
5851,3,5,14,16,24,15/07/2017
5850,4,5,12,24,28,14/07/2017
5849,7,9,11,27,28,13/07/2017
5848,5,6,7,21,27,12/07/2017
5847,2,10,12,14,22,11/07/2017
5846,8,19,21,24,26,10/07/2017
5845,8,9,15,19,23,09/07/2017
5844,4,10,11,20,21,08/07/2017
5843,2,6,8,10,26,07/07/2017
5842,4,10,17,25,26,06/07/2017
5841,5,8,14,16,23,05/07/2017
5840,4,5,7,14,27,04/07/2017
5839,8,9,10,20,22,03/07/2017
5838,3,8,10,18,23,02/07/2017
5837,9,12,14,19,26,01/07/2017
5836,3,6,8,16,20,30/06/2017
5835,2,16,21,23,26,29/06/2017
5834,1,8,19,22,27,28/06/2017
5833,9,13,18,20,28,27/06/2017
5832,6,10,16,19,21,26/06/2017
5831,5,16,17,18,22,25/06/2017
5830,3,9,15,18,19,24/06/2017
5829,2,4,5,14,22,23/06/2017
5828,5,8,17,21,27,22/06/2017
5827,2,9,13,23,25,21/06/2017
5826,4,19,20,26,28,20/06/2017
5825,2,5,6,8,21,19/06/2017
5824,6,8,11,13,19,18/06/2017
5823,3,9,13,18,20,17/06/2017
5822,5,6,9,11,24,16/06/2017
5821,2,7,11,23,28,15/06/2017
5820,5,9,12,17,25,14/06/2017
5819,3,8,9,17,20,13/06/2017
5818,1,4,19,23,24,12/06/2017
5817,1,6,7,15,17,11/06/2017
5816,5,6,11,17,18,10/06/2017
5815,9,10,14,15,17,09/06/2017
5814,5,10,14,17,22,08/06/2017
5813,1,6,7,12,28,07/06/2017
5812,12,17,18,19,21,06/06/2017
5811,2,11,18,22,26,05/06/2017
5810,1,7,10,14,22,04/06/2017
5809,1,6,19,21,27,03/06/2017
5808,2,11,16,19,23,02/06/2017
5807,5,12,16,17,20,01/06/2017
5806,4,10,19,23,26,31/05/2017
5805,8,13,14,17,18,30/05/2017
5804,10,11,20,21,23,29/05/2017
5803,2,6,13,15,26,28/05/2017
5802,3,6,7,16,21,27/05/2017
5801,10,16,19,24,26,26/05/2017
5800,1,7,16,26,27,25/05/2017
5799,4,8,10,17,21,24/05/2017
5798,10,18,19,20,22,23/05/2017
5797,2,5,19,22,28,22/05/2017
5796,2,17,21,23,25,21/05/2017
5795,2,7,10,13,16,20/05/2017
5794,2,7,14,17,26,19/05/2017
5793,1,4,9,14,21,18/05/2017
5792,3,5,8,9,21,17/05/2017
5791,4,7,16,18,25,16/05/2017
5790,12,20,21,24,26,15/05/2017
5789,10,13,17,18,24,14/05/2017
5788,2,6,16,25,27,13/05/2017
5787,4,9,11,19,24,12/05/2017
5786,9,11,19,20,28,11/05/2017
5785,3,5,22,24,25,10/05/2017
5784,7,8,19,24,26,09/05/2017
5783,1,7,9,25,26,08/05/2017
5782,6,9,20,21,25,07/05/2017
5781,7,16,20,22,27,06/05/2017
5780,5,10,11,13,25,05/05/2017
5779,6,17,22,23,26,04/05/2017
5778,2,4,12,16,22,03/05/2017
5777,3,4,9,14,26,02/05/2017
5776,2,4,10,19,24,01/05/2017
5775,7,11,12,16,17,30/04/2017
5774,1,16,20,22,23,29/04/2017
5773,1,6,10,12,26,28/04/2017
5772,2,7,10,20,28,27/04/2017
5771,5,9,15,25,27,26/04/2017
5770,15,16,21,25,28,25/04/2017
5769,8,16,22,26,27,24/04/2017
5768,6,7,15,17,20,23/04/2017
5767,10,18,23,25,28,22/04/2017
5766,8,9,16,20,25,21/04/2017
5765,5,10,12,13,17,20/04/2017
5764,6,9,12,20,26,19/04/2017
5763,1,14,21,24,25,18/04/2017
5762,8,12,23,26,28,17/04/2017
5761,6,16,18,20,28,16/04/2017
5760,1,8,18,23,28,15/04/2017
5759,8,14,19,20,24,14/04/2017
5758,2,7,17,21,27,13/04/2017
5757,2,15,17,18,20,12/04/2017
5756,5,9,11,12,14,11/04/2017
5755,1,4,11,17,20,10/04/2017
5754,6,16,21,22,23,09/04/2017
5753,7,12,16,20,26,08/04/2017
5752,2,8,12,22,28,07/04/2017
5751,3,6,7,22,28,06/04/2017
5750,5,8,12,21,27,05/04/2017
5749,1,2,12,13,15,04/04/2017
5748,2,8,11,22,28,03/04/2017
5747,5,8,17,22,28,02/04/2017
5746,4,15,16,23,26,01/04/2017
5745,2,5,13,15,23,31/03/2017
5744,1,5,10,12,23,30/03/2017
5743,5,10,15,17,26,29/03/2017
5742,3,6,15,22,23,28/03/2017
5741,10,16,17,21,25,27/03/2017
5740,6,16,21,22,28,26/03/2017
5739,7,14,17,21,27,25/03/2017
5738,5,7,15,19,27,24/03/2017
5737,5,21,22,25,27,23/03/2017
5736,8,14,26,27,28,22/03/2017
5735,3,4,20,21,27,21/03/2017
5734,2,4,9,20,27,20/03/2017
5733,3,12,14,15,28,19/03/2017
5732,6,15,19,21,25,18/03/2017
5731,10,16,18,19,26,17/03/2017
5730,7,11,15,22,23,16/03/2017
5729,7,9,16,22,23,15/03/2017
5728,2,4,7,9,12,14/03/2017
5727,5,6,7,21,26,13/03/2017
5726,5,8,9,20,26,12/03/2017
5725,1,3,12,19,24,11/03/2017
5724,5,7,13,17,20,10/03/2017
5723,5,8,12,24,27,09/03/2017
5722,3,4,9,16,28,08/03/2017
5721,7,10,13,26,27,07/03/2017
5720,3,6,14,24,28,06/03/2017
5719,1,7,10,19,28,05/03/2017
5718,2,10,20,25,27,04/03/2017
5717,10,19,24,25,28,03/03/2017
5716,11,14,16,18,22,02/03/2017
5715,1,2,16,21,24,01/03/2017
5714,5,12,13,19,27,28/02/2017
5713,1,7,14,17,28,27/02/2017
5712,14,19,20,22,24,26/02/2017
5711,5,8,13,19,20,25/02/2017
5710,1,17,18,23,28,24/02/2017
5709,5,10,15,23,28,23/02/2017
5708,4,7,14,19,22,22/02/2017
5707,2,15,16,20,25,21/02/2017
5706,1,9,18,19,28,20/02/2017
5705,8,9,15,17,24,19/02/2017
5704,10,11,20,23,27,18/02/2017
5703,2,4,6,11,13,17/02/2017
5702,4,6,7,18,20,16/02/2017
5701,1,7,9,21,27,15/02/2017
5700,3,4,13,18,21,14/02/2017
5699,5,10,22,24,26,13/02/2017
5698,3,9,18,24,27,12/02/2017
5697,4,7,10,20,24,11/02/2017
5696,3,8,11,14,23,10/02/2017
5695,1,10,18,22,25,09/02/2017
5694,6,14,17,22,23,08/02/2017
5693,3,4,8,16,27,07/02/2017
5692,3,11,15,20,27,06/02/2017
5691,5,10,14,16,18,05/02/2017
5690,9,10,12,16,20,04/02/2017
5689,3,4,16,19,25,03/02/2017
5688,13,17,18,20,23,02/02/2017
5687,10,14,17,18,21,01/02/2017
5686,2,8,11,15,16,31/01/2017
5685,11,14,25,26,28,30/01/2017
5684,5,21,23,24,25,29/01/2017
5683,2,13,15,25,27,28/01/2017
5682,3,4,16,22,25,27/01/2017
5681,2,14,21,22,24,26/01/2017
5680,5,6,9,18,28,25/01/2017
5679,5,6,10,16,19,24/01/2017
5678,2,13,23,24,28,23/01/2017
5677,2,4,7,17,25,22/01/2017
5676,9,14,15,18,20,21/01/2017
5675,2,7,14,16,19,20/01/2017
5674,1,3,4,5,7,19/01/2017
5673,12,17,21,25,26,18/01/2017
5672,2,18,20,21,22,17/01/2017
5671,8,17,19,22,24,16/01/2017
5670,9,15,16,17,28,15/01/2017
5669,20,22,24,27,28,14/01/2017
5668,2,6,9,17,21,13/01/2017
5667,2,3,14,18,20,12/01/2017
5666,5,6,22,23,25,11/01/2017
5665,1,10,20,25,27,10/01/2017
5664,8,12,20,22,27,09/01/2017
5663,12,13,15,21,26,08/01/2017
5662,1,14,18,22,26,07/01/2017
5661,6,12,20,24,27,06/01/2017
5660,4,8,10,14,21,05/01/2017
5659,4,5,14,25,28,04/01/2017
5658,8,17,21,27,28,03/01/2017
5657,6,11,19,20,21,02/01/2017
5656,1,7,16,22,28,01/01/2017
5655,4,23,25,27,28,31/12/2016
5654,1,8,16,25,27,30/12/2016
5653,2,3,6,7,26,29/12/2016
5652,3,9,10,12,17,28/12/2016
5651,11,13,17,18,20,27/12/2016
5650,2,11,19,23,28,26/12/2016
5649,1,3,6,7,11,25/12/2016
5648,1,5,13,15,28,24/12/2016
5647,1,7,8,11,14,23/12/2016
5646,2,7,15,24,27,22/12/2016
5645,5,6,8,12,25,21/12/2016
5644,8,11,16,17,25,20/12/2016
5643,15,17,22,23,25,19/12/2016
5642,1,8,14,22,26,18/12/2016
5641,4,9,10,12,21,17/12/2016
5640,6,13,19,23,26,16/12/2016
5639,5,12,16,17,20,15/12/2016
5638,10,12,19,23,25,14/12/2016
5637,1,4,14,25,26,13/12/2016
5636,8,10,24,27,28,12/12/2016
5635,3,4,7,24,26,11/12/2016
5634,2,7,16,21,25,10/12/2016
5633,1,10,21,22,24,09/12/2016
5632,17,19,21,22,23,08/12/2016
5631,1,6,13,23,27,07/12/2016
5630,6,14,21,24,28,06/12/2016
5629,13,14,18,19,20,05/12/2016
5628,8,9,19,23,25,04/12/2016
5627,2,3,10,14,20,03/12/2016
5626,5,6,10,15,16,02/12/2016
5625,1,6,12,16,28,01/12/2016
5624,7,8,15,18,24,30/11/2016
5623,8,11,13,19,22,29/11/2016
5622,7,15,17,21,27,28/11/2016
5621,8,20,21,23,26,27/11/2016
5620,12,15,16,18,22,26/11/2016
5619,7,10,18,22,23,25/11/2016
5618,8,12,15,21,28,24/11/2016
5617,3,17,23,24,27,23/11/2016
5616,4,7,13,21,25,22/11/2016
5615,6,9,16,24,28,21/11/2016
5614,2,9,16,26,28,20/11/2016
5613,3,7,13,19,25,19/11/2016
5612,1,5,8,18,23,18/11/2016
5611,3,5,13,19,28,17/11/2016
5610,11,22,23,24,26,16/11/2016
5609,10,13,17,19,27,15/11/2016
5608,1,8,15,17,21,14/11/2016
5607,9,11,12,19,25,13/11/2016
5606,3,12,19,22,28,12/11/2016
5605,12,20,21,22,27,11/11/2016
5604,8,9,10,14,26,10/11/2016
5603,2,8,12,15,27,09/11/2016
5602,3,4,5,10,26,08/11/2016
5601,2,8,12,23,24,07/11/2016
5600,9,14,16,26,27,06/11/2016
5599,5,8,9,21,22,05/11/2016
5598,8,9,18,19,20,04/11/2016
5597,2,7,8,11,19,03/11/2016
5596,4,5,8,22,24,02/11/2016
5595,11,13,15,27,28,01/11/2016
5594,1,8,10,11,17,31/10/2016
5593,4,6,7,8,9,30/10/2016
5592,10,11,15,16,17,29/10/2016
5591,2,10,22,23,24,28/10/2016
5590,5,8,11,22,25,27/10/2016
5589,3,5,15,16,24,26/10/2016
5588,4,5,11,15,26,25/10/2016
5587,10,15,17,25,28,24/10/2016
5586,7,11,13,15,25,23/10/2016
5585,2,20,22,27,28,22/10/2016
5584,1,3,6,7,10,21/10/2016
5583,1,8,10,15,24,20/10/2016
5582,2,5,10,25,28,19/10/2016
5581,2,5,9,17,25,18/10/2016
5580,5,10,19,21,26,17/10/2016
5579,6,15,17,22,23,16/10/2016
5578,11,17,21,22,28,15/10/2016
5577,2,3,8,13,16,14/10/2016
5576,3,10,13,16,18,13/10/2016
5575,11,14,15,19,20,12/10/2016
5574,1,2,10,19,27,11/10/2016
5573,2,4,9,23,27,10/10/2016
5572,4,9,11,18,22,09/10/2016
5571,2,4,5,11,27,08/10/2016
5570,1,16,19,23,26,07/10/2016
5569,6,10,12,21,24,06/10/2016
5568,7,9,15,18,19,05/10/2016
5567,11,16,17,22,24,04/10/2016
5566,2,11,19,21,23,03/10/2016
5565,10,11,14,24,25,02/10/2016
5564,5,10,19,23,25,01/10/2016
5563,5,10,15,21,24,30/09/2016
5562,1,9,23,27,28,29/09/2016
5561,5,17,20,21,27,28/09/2016
5560,9,14,24,26,27,27/09/2016
5559,1,3,10,18,23,26/09/2016
5558,11,14,16,19,21,25/09/2016
5557,1,2,4,16,19,24/09/2016
5556,2,8,13,17,25,23/09/2016
5555,11,14,19,23,24,22/09/2016
5554,3,5,8,11,23,21/09/2016
5553,10,15,16,19,22,20/09/2016
5552,4,13,14,18,28,19/09/2016
5551,4,11,13,22,24,18/09/2016
5550,5,15,16,20,26,17/09/2016
5549,5,9,12,16,22,16/09/2016
5548,12,20,21,22,25,15/09/2016
5547,6,12,13,16,26,14/09/2016
5546,4,10,20,22,24,13/09/2016
5545,4,6,11,17,20,12/09/2016
5544,5,7,12,22,28,11/09/2016
5543,5,9,11,16,27,10/09/2016
5542,7,9,11,16,22,09/09/2016
5541,2,3,21,26,27,08/09/2016
5540,10,11,14,16,28,07/09/2016
5539,11,18,20,23,26,06/09/2016
5538,2,3,16,18,27,05/09/2016
5537,9,10,14,20,27,04/09/2016
5536,1,8,14,15,21,03/09/2016
5535,1,3,8,23,28,02/09/2016
5534,4,5,8,19,25,01/09/2016
5533,8,11,13,18,19,31/08/2016
5532,7,10,11,13,26,30/08/2016
5531,3,4,17,18,19,29/08/2016
5530,4,6,17,21,22,28/08/2016
5529,6,8,10,20,21,27/08/2016
5528,3,14,17,24,25,26/08/2016
5527,1,4,14,16,18,25/08/2016
5526,11,20,22,23,28,24/08/2016
5525,3,5,17,20,23,23/08/2016
5524,3,7,10,11,23,22/08/2016
5523,5,14,16,20,22,21/08/2016
5522,4,9,15,23,27,20/08/2016
5521,13,17,22,23,28,19/08/2016
5520,1,8,9,14,22,18/08/2016
5519,1,3,6,9,21,17/08/2016
5518,1,9,24,25,26,16/08/2016
5517,1,8,10,13,19,15/08/2016
5516,1,5,9,11,21,14/08/2016
5515,8,12,19,24,28,13/08/2016
5514,13,15,20,22,24,12/08/2016
5513,1,16,19,23,25,11/08/2016
5512,3,5,11,18,22,10/08/2016
5511,5,23,24,27,28,09/08/2016
5510,7,13,20,25,28,08/08/2016
5509,7,10,18,22,26,07/08/2016
5508,6,12,14,23,28,06/08/2016
5507,11,15,19,20,23,05/08/2016
5506,9,12,14,26,28,04/08/2016
5505,8,11,18,20,21,03/08/2016
5504,2,6,7,10,15,02/08/2016
5503,2,7,8,14,15,01/08/2016
5502,20,21,22,24,25,31/07/2016
5501,2,3,5,7,23,30/07/2016
5500,1,8,17,25,27,29/07/2016
5499,9,10,17,22,26,28/07/2016
5498,3,5,8,14,25,27/07/2016
5497,6,7,10,17,18,26/07/2016
5496,3,4,8,22,26,25/07/2016
5495,1,12,17,18,19,24/07/2016
5494,6,11,13,16,20,23/07/2016
5493,1,2,15,27,28,22/07/2016
5492,6,17,21,25,27,21/07/2016
5491,1,3,4,10,23,20/07/2016
5490,2,6,7,13,25,19/07/2016
5489,6,12,13,17,19,18/07/2016
5488,4,6,8,9,20,17/07/2016
5487,3,11,19,20,23,16/07/2016
5486,12,13,21,22,26,15/07/2016
5485,10,14,18,20,27,14/07/2016
5484,1,11,17,21,24,13/07/2016
5483,6,12,16,21,25,12/07/2016
5482,2,8,24,26,27,11/07/2016
5481,3,5,12,19,21,10/07/2016
5480,3,6,19,20,26,09/07/2016
5479,7,17,22,23,24,08/07/2016
5478,1,4,11,23,27,07/07/2016
5477,8,17,19,22,24,06/07/2016
5476,10,12,15,19,26,05/07/2016
5475,4,11,19,23,28,04/07/2016
5474,1,2,6,12,18,03/07/2016
5473,1,4,6,16,19,02/07/2016
5472,2,11,19,20,23,01/07/2016
5471,1,14,15,18,26,30/06/2016
5470,4,11,12,23,26,29/06/2016
5469,14,15,22,23,25,28/06/2016
5468,4,8,11,20,27,27/06/2016
5467,1,6,21,23,27,26/06/2016
5466,18,22,23,26,27,25/06/2016
5465,11,14,22,24,26,24/06/2016
5464,7,14,16,18,28,23/06/2016
5463,5,12,20,23,28,22/06/2016
5462,2,8,20,22,26,21/06/2016
5461,1,4,5,13,25,20/06/2016
5460,2,9,16,25,28,19/06/2016
5459,1,3,13,14,26,18/06/2016
5458,10,13,14,16,21,17/06/2016
5457,3,10,11,19,25,16/06/2016
5456,4,8,9,10,17,15/06/2016
5455,1,2,11,14,18,14/06/2016
5454,5,12,14,17,28,13/06/2016
5453,6,9,13,17,23,12/06/2016
5452,2,11,17,21,26,11/06/2016
5451,1,4,6,12,18,10/06/2016
5450,3,9,19,23,28,09/06/2016
5449,1,6,7,12,26,08/06/2016
5448,7,8,12,15,26,07/06/2016
5447,8,16,19,24,28,06/06/2016
5446,8,21,23,24,26,05/06/2016
5445,4,6,7,15,18,04/06/2016
5444,1,3,7,9,15,03/06/2016
5443,1,8,10,14,28,02/06/2016
5442,1,11,16,20,26,01/06/2016
5441,10,11,14,17,20,31/05/2016
5440,4,14,21,23,26,30/05/2016
5439,7,8,10,15,21,29/05/2016
5438,1,4,5,6,24,28/05/2016
5437,2,5,9,17,23,27/05/2016
5436,13,18,24,25,26,26/05/2016
5435,1,5,6,17,21,25/05/2016
5434,14,16,21,27,28,24/05/2016
5433,11,13,16,18,26,23/05/2016
5432,4,9,11,13,23,22/05/2016
5431,1,13,16,20,26,21/05/2016
5430,2,5,17,18,21,20/05/2016
5429,5,7,12,13,21,19/05/2016
5428,4,9,18,21,27,18/05/2016
5427,6,10,11,19,27,17/05/2016
5426,2,14,15,17,26,16/05/2016
5425,3,10,17,19,22,15/05/2016
5424,3,10,19,23,27,14/05/2016
5423,2,12,14,19,23,13/05/2016
5422,3,17,19,20,25,12/05/2016
5421,2,14,19,27,28,11/05/2016
5420,6,8,11,13,26,10/05/2016
5419,3,7,8,16,19,09/05/2016
5418,5,6,16,21,22,08/05/2016
5417,3,11,22,26,27,07/05/2016
5416,6,9,12,15,19,06/05/2016
5415,4,16,20,23,28,05/05/2016
5414,3,10,16,20,27,04/05/2016
5413,6,10,13,19,25,03/05/2016
5412,5,8,24,25,26,02/05/2016
5411,1,8,9,15,20,01/05/2016
5410,1,4,13,17,19,30/04/2016
5409,9,10,21,25,28,29/04/2016
5408,3,14,16,22,25,28/04/2016
5407,7,11,14,17,27,27/04/2016
5406,10,13,16,25,28,26/04/2016
5405,1,2,9,16,25,25/04/2016
5404,9,11,13,16,27,24/04/2016
5403,6,10,11,12,24,23/04/2016
5402,5,7,15,16,28,22/04/2016
5401,4,14,16,18,21,21/04/2016
5400,1,3,8,11,16,20/04/2016
5399,7,12,13,15,16,19/04/2016
5398,6,12,15,21,22,18/04/2016
5397,1,9,12,13,18,17/04/2016
5396,2,3,12,18,21,16/04/2016
5395,13,14,16,18,25,15/04/2016
5394,7,11,12,19,28,14/04/2016
5393,7,21,23,25,26,13/04/2016
5392,3,7,19,21,27,12/04/2016
5391,3,6,13,26,28,11/04/2016
5390,9,17,20,24,26,10/04/2016
5389,1,2,8,24,27,09/04/2016
5388,2,3,4,22,24,08/04/2016
5387,12,13,16,22,24,07/04/2016
5386,7,12,13,19,28,06/04/2016
5385,2,4,9,14,24,05/04/2016
5384,2,10,11,17,20,04/04/2016
5383,4,22,23,25,26,03/04/2016
5382,3,19,24,25,27,02/04/2016
5381,1,14,16,21,26,01/04/2016
5380,6,9,10,26,28,31/03/2016
5379,1,5,6,9,24,30/03/2016
5378,2,10,11,19,25,29/03/2016
5377,3,7,15,16,26,28/03/2016
5376,10,11,20,24,28,27/03/2016
5375,4,11,12,17,23,26/03/2016
5374,9,13,17,21,25,25/03/2016
5373,3,4,12,13,14,24/03/2016
5372,1,7,21,26,27,23/03/2016
5371,1,2,9,13,15,22/03/2016
5370,2,5,10,19,23,21/03/2016
5369,9,10,14,21,28,20/03/2016
5368,4,6,7,10,13,19/03/2016
5367,7,17,21,23,28,18/03/2016
5366,7,8,12,20,25,17/03/2016
5365,1,11,12,15,24,16/03/2016
5364,7,8,13,18,22,15/03/2016
5363,5,9,15,16,17,14/03/2016
5362,3,5,9,16,23,13/03/2016
5361,4,5,19,26,27,12/03/2016
5360,2,3,13,15,28,11/03/2016
5359,3,5,11,21,25,10/03/2016
5358,2,10,20,21,24,09/03/2016
5357,7,8,9,12,20,08/03/2016
5356,3,8,10,17,23,07/03/2016
5355,8,14,18,20,25,06/03/2016
5354,7,16,23,26,27,05/03/2016
5353,1,2,12,13,21,04/03/2016
5352,3,10,15,19,21,03/03/2016
5351,5,8,19,22,25,02/03/2016
5350,5,10,14,23,25,01/03/2016
5349,4,16,20,23,28,29/02/2016
5348,1,7,8,9,19,28/02/2016
5347,2,4,17,22,28,27/02/2016
5346,1,2,9,16,22,26/02/2016
5345,13,15,16,20,24,25/02/2016
5344,1,6,9,22,25,24/02/2016
5343,5,9,10,17,23,23/02/2016
5342,2,5,11,21,23,22/02/2016
5341,4,13,21,23,25,21/02/2016
5340,5,20,25,26,27,20/02/2016
5339,4,16,18,25,28,19/02/2016
5338,9,12,14,21,24,18/02/2016
5337,3,7,9,16,23,17/02/2016
5336,3,9,11,16,19,16/02/2016
5335,10,14,17,18,27,15/02/2016
5334,2,3,13,16,26,14/02/2016
5333,6,8,18,24,28,13/02/2016
5332,3,12,16,17,18,12/02/2016
5331,1,9,19,21,22,11/02/2016
5330,4,10,11,14,17,10/02/2016
5329,13,21,24,27,28,09/02/2016
5328,4,6,7,16,22,08/02/2016
5327,5,8,17,18,25,07/02/2016
5326,2,11,16,19,23,06/02/2016
5325,8,9,10,13,21,05/02/2016
5324,1,6,8,20,21,04/02/2016
5323,9,16,17,21,23,03/02/2016
5322,8,11,16,24,26,02/02/2016
5321,8,12,19,22,25,01/02/2016
5320,4,5,8,15,17,31/01/2016
5319,4,8,17,25,27,30/01/2016
5318,2,8,9,13,20,29/01/2016
5317,2,6,9,20,25,28/01/2016
5316,2,4,12,18,20,27/01/2016
5315,10,11,12,14,21,26/01/2016
5314,5,6,10,12,19,25/01/2016
5313,4,13,14,15,28,24/01/2016
5312,5,8,17,18,24,23/01/2016
5311,5,8,11,21,25,22/01/2016
5310,4,14,18,21,27,21/01/2016
5309,1,4,5,12,28,20/01/2016
5308,17,18,24,25,26,19/01/2016
5307,15,16,19,21,24,18/01/2016
5306,6,7,8,9,25,17/01/2016
5305,8,9,11,23,28,16/01/2016
5304,9,13,21,23,27,15/01/2016
5303,1,3,6,10,24,14/01/2016
5302,1,4,6,14,15,13/01/2016
5301,4,17,21,24,27,12/01/2016
5300,4,10,11,15,23,11/01/2016
5299,3,6,14,18,22,10/01/2016
5298,3,12,13,26,27,09/01/2016
5297,2,6,8,12,25,08/01/2016
5296,2,15,16,17,22,07/01/2016
5295,2,11,13,17,26,06/01/2016
5294,1,9,17,24,26,05/01/2016
5293,12,19,23,24,25,04/01/2016
5292,5,9,15,25,28,03/01/2016
5291,4,5,9,10,20,02/01/2016
5290,8,13,15,22,24,01/01/2016
5289,2,11,14,18,22,31/12/2015
5288,2,7,13,24,26,30/12/2015
5287,2,5,9,13,22,29/12/2015
5286,2,18,23,26,28,28/12/2015
5285,15,16,20,21,23,27/12/2015
5284,7,12,14,19,28,26/12/2015
5283,12,24,25,26,27,25/12/2015
5282,6,12,17,23,24,24/12/2015
5281,12,13,14,25,28,23/12/2015
5280,9,11,17,20,24,22/12/2015
5279,1,4,7,9,20,21/12/2015
5278,8,15,19,20,23,20/12/2015
5277,1,5,14,16,20,19/12/2015
5276,1,6,11,15,19,18/12/2015
5275,7,8,12,14,28,17/12/2015
5274,10,20,25,27,28,16/12/2015
5273,2,4,8,9,15,15/12/2015
5272,4,11,12,17,25,14/12/2015
5271,6,12,23,26,28,13/12/2015
5270,5,12,15,20,27,12/12/2015
5269,6,8,11,20,21,11/12/2015
5268,3,5,24,25,28,10/12/2015
5267,1,2,11,19,27,09/12/2015
5266,3,8,17,25,26,08/12/2015
5265,1,2,3,5,22,07/12/2015
5264,1,13,14,23,26,06/12/2015
5263,11,12,23,25,26,05/12/2015
5262,13,21,22,23,28,04/12/2015
5261,3,4,10,13,17,03/12/2015
5260,4,8,11,19,25,02/12/2015
5259,1,7,10,13,27,01/12/2015
5258,8,12,15,23,25,30/11/2015
5257,2,13,18,23,25,29/11/2015
5256,7,14,20,24,28,28/11/2015
5255,5,7,13,20,27,27/11/2015
5254,6,16,19,22,23,26/11/2015
5253,1,2,3,4,17,25/11/2015
5252,4,6,11,24,27,24/11/2015
5251,1,6,10,15,28,23/11/2015
5250,5,6,15,16,19,22/11/2015
5249,4,6,7,20,27,21/11/2015
5248,7,8,14,20,21,20/11/2015
5247,6,10,11,21,23,19/11/2015
5246,5,12,16,18,24,18/11/2015
5245,6,13,16,18,19,17/11/2015
5244,1,10,13,14,17,16/11/2015
5243,5,13,18,20,23,15/11/2015
5242,9,14,18,19,22,14/11/2015
5241,6,16,20,21,24,13/11/2015
5240,6,8,10,14,19,12/11/2015
5239,1,12,17,20,27,11/11/2015
5238,1,5,21,23,25,10/11/2015
5237,5,20,21,26,27,09/11/2015
5236,4,11,17,21,24,08/11/2015
5235,2,11,20,24,28,07/11/2015
5234,1,11,12,22,24,06/11/2015
5233,9,15,20,22,28,05/11/2015
5232,1,3,4,17,28,04/11/2015
5231,3,11,12,15,23,03/11/2015
5230,2,13,19,24,28,02/11/2015
5229,1,9,18,24,25,01/11/2015
5228,1,5,8,17,20,31/10/2015
5227,5,8,9,10,20,30/10/2015
5226,19,22,24,25,28,29/10/2015
5225,9,12,13,14,25,28/10/2015
5224,5,6,19,21,28,27/10/2015
5223,7,8,14,16,28,26/10/2015
5222,4,5,13,18,20,25/10/2015
5221,14,20,25,26,27,24/10/2015
5220,2,6,7,9,17,23/10/2015
5219,5,11,17,21,26,22/10/2015
5218,6,7,13,14,24,21/10/2015
5217,7,8,20,21,27,20/10/2015
5216,16,17,24,26,27,19/10/2015
5215,1,5,8,14,15,18/10/2015
5214,1,7,10,12,23,17/10/2015
5213,2,4,10,18,27,16/10/2015
5212,2,8,16,19,21,15/10/2015
5211,2,4,8,13,20,14/10/2015
5210,8,11,20,21,26,13/10/2015
5209,1,6,11,27,28,12/10/2015
5208,3,9,12,20,21,11/10/2015
5207,1,2,6,21,28,10/10/2015
5206,11,12,17,20,23,09/10/2015
5205,2,10,11,13,15,08/10/2015
5204,5,8,12,16,19,07/10/2015
5203,5,9,17,23,27,06/10/2015
5202,8,12,17,21,26,05/10/2015
5201,4,16,22,23,26,04/10/2015
5200,11,12,13,22,28,03/10/2015
5199,2,7,13,21,27,02/10/2015
5198,1,8,14,21,25,01/10/2015
5197,4,7,11,17,27,30/09/2015
5196,6,8,9,10,22,29/09/2015
5195,9,12,13,18,23,28/09/2015
5194,5,10,14,20,24,27/09/2015
5193,3,10,15,17,27,26/09/2015
5192,4,5,10,23,27,25/09/2015
5191,1,4,19,21,27,24/09/2015
5190,7,9,10,15,25,23/09/2015
5189,9,10,11,14,18,22/09/2015
5188,9,13,16,17,25,21/09/2015
5187,4,8,10,16,17,20/09/2015
5186,3,4,11,22,28,19/09/2015
5185,1,2,16,20,24,18/09/2015
5184,3,10,21,25,28,17/09/2015
5183,2,6,23,26,28,16/09/2015
5182,10,12,17,19,23,15/09/2015
5181,4,7,8,16,26,14/09/2015
5180,1,2,6,7,26,13/09/2015
5179,3,4,5,8,17,12/09/2015
5178,4,12,18,20,26,11/09/2015
5177,1,4,10,15,20,10/09/2015
5176,6,8,9,27,28,09/09/2015
5175,2,8,16,18,22,08/09/2015
5174,14,16,17,24,27,07/09/2015
5173,11,18,19,22,23,06/09/2015
5172,6,10,14,19,22,05/09/2015
5171,4,7,14,21,25,04/09/2015
5170,1,4,9,11,24,03/09/2015
5169,12,16,18,21,25,02/09/2015
5168,4,6,11,15,18,01/09/2015
5167,5,13,14,21,28,31/08/2015
5166,4,7,16,24,25,30/08/2015
5165,5,10,13,23,26,29/08/2015
5164,7,14,18,26,27,28/08/2015
5163,1,10,13,16,25,27/08/2015
5162,7,8,14,16,18,26/08/2015
5161,3,4,11,20,28,25/08/2015
5160,7,12,22,25,28,24/08/2015
5159,1,7,22,23,25,23/08/2015
5158,2,10,11,20,22,22/08/2015
5157,7,12,18,19,23,21/08/2015
5156,3,6,16,17,27,20/08/2015
5155,1,4,7,12,21,19/08/2015
5154,1,14,17,24,28,18/08/2015
5153,2,8,17,21,28,17/08/2015
5152,1,3,11,21,23,16/08/2015
5151,8,14,15,18,21,15/08/2015
5150,3,6,16,21,26,14/08/2015
5149,3,15,19,24,26,13/08/2015
5148,5,8,13,19,21,12/08/2015
5147,3,19,21,25,28,11/08/2015
5146,10,12,15,22,28,10/08/2015
5145,8,14,18,22,27,09/08/2015
5144,4,5,15,25,26,08/08/2015
5143,11,16,19,20,23,07/08/2015
5142,1,6,12,21,25,06/08/2015
5141,7,17,19,20,26,05/08/2015
5140,2,4,7,15,19,04/08/2015
5139,5,9,11,15,18,03/08/2015
5138,3,9,12,20,24,02/08/2015
5137,18,19,20,23,27,01/08/2015
5136,3,15,19,23,26,31/07/2015
5135,5,10,13,18,20,30/07/2015
5134,1,9,10,21,27,29/07/2015
5133,11,12,16,24,27,28/07/2015
5132,5,13,16,19,21,27/07/2015
5131,2,4,6,24,27,26/07/2015
5130,5,12,16,19,22,25/07/2015
5129,2,6,16,19,20,24/07/2015
5128,13,14,15,19,28,23/07/2015
5127,6,8,9,23,26,22/07/2015
5126,11,17,18,22,23,21/07/2015
5125,2,10,13,16,18,20/07/2015
5124,11,12,20,24,26,19/07/2015
5123,3,5,7,14,15,18/07/2015
5122,8,9,18,19,27,17/07/2015
5121,11,15,21,22,26,16/07/2015
5120,2,4,5,6,21,15/07/2015
5119,10,12,21,22,26,14/07/2015
5118,2,11,12,20,21,13/07/2015
5117,1,5,10,22,28,12/07/2015
5116,1,8,21,26,27,11/07/2015
5115,11,15,20,21,23,10/07/2015
5114,1,4,10,12,18,09/07/2015
5113,8,17,22,23,25,08/07/2015
5112,3,5,15,18,19,07/07/2015
5111,1,9,16,24,26,06/07/2015
5110,3,5,7,11,27,05/07/2015
5109,7,15,24,25,26,04/07/2015
5108,1,8,9,13,20,03/07/2015
5107,7,11,15,16,24,02/07/2015
5106,7,14,24,26,27,01/07/2015
5105,7,9,11,16,28,30/06/2015
5104,4,11,14,26,28,29/06/2015
5103,10,18,20,25,27,28/06/2015
5102,8,10,17,19,21,27/06/2015
5101,8,9,17,21,25,26/06/2015
5100,2,7,15,17,25,25/06/2015
5099,2,10,14,18,23,24/06/2015
5098,4,12,15,18,25,23/06/2015
5097,7,15,19,20,27,22/06/2015
5096,7,8,12,23,25,21/06/2015
5095,5,12,14,26,28,20/06/2015
5094,1,6,8,19,24,19/06/2015
5093,8,11,16,20,27,18/06/2015
5092,4,5,8,12,21,17/06/2015
5091,4,16,20,23,27,16/06/2015
5090,5,14,16,24,27,15/06/2015
5089,15,17,18,26,27,14/06/2015
5088,1,10,14,19,23,13/06/2015
5087,6,11,14,16,24,12/06/2015
5086,8,11,22,23,28,11/06/2015
5085,2,14,21,26,27,10/06/2015
5084,12,14,17,21,23,09/06/2015
5083,6,8,9,21,27,08/06/2015
5082,5,9,15,18,22,07/06/2015
5081,1,7,18,22,24,06/06/2015
5080,3,12,14,20,28,05/06/2015
5079,1,13,18,21,24,04/06/2015
5078,1,10,15,17,26,03/06/2015
5077,12,18,19,23,26,02/06/2015
5076,10,15,16,18,26,01/06/2015
5075,1,11,22,25,27,31/05/2015
5074,1,16,17,23,27,30/05/2015
5073,1,5,11,20,26,29/05/2015
5072,11,14,16,24,26,28/05/2015
5071,4,8,10,12,18,27/05/2015
5070,1,3,8,25,27,26/05/2015
5069,7,12,17,26,28,25/05/2015
5068,7,9,10,21,27,24/05/2015
5067,7,8,12,15,22,23/05/2015
5066,5,14,20,22,28,22/05/2015
5065,7,11,18,25,26,21/05/2015
5064,3,7,11,13,27,20/05/2015
5063,12,14,18,19,24,19/05/2015
5062,11,12,16,24,25,18/05/2015
5061,10,14,22,25,28,17/05/2015
5060,10,13,14,18,23,16/05/2015
5059,6,17,21,24,27,15/05/2015
5058,4,9,11,21,26,14/05/2015
5057,4,6,12,16,22,13/05/2015
5056,8,9,19,22,26,12/05/2015
5055,1,5,14,15,17,11/05/2015
5054,11,13,18,21,23,10/05/2015
5053,8,14,18,19,28,09/05/2015
5052,4,7,11,22,27,08/05/2015
5051,6,17,19,22,23,07/05/2015
5050,1,4,21,23,25,06/05/2015
5049,5,6,19,24,26,05/05/2015
5048,3,11,15,20,21,04/05/2015
5047,2,12,15,17,22,03/05/2015
5046,3,6,12,16,27,02/05/2015
5045,5,6,7,12,24,01/05/2015
5044,2,7,8,10,14,30/04/2015
5043,9,18,22,24,27,29/04/2015
5042,4,5,7,11,13,28/04/2015
5041,2,3,5,10,23,27/04/2015
5040,2,7,9,24,25,26/04/2015
5039,4,9,11,13,19,25/04/2015
5038,5,6,11,23,26,24/04/2015
5037,1,9,12,20,21,23/04/2015
5036,2,3,4,11,24,22/04/2015
5035,3,16,19,21,24,21/04/2015
5034,4,5,8,10,13,20/04/2015
5033,2,3,11,16,27,19/04/2015
5032,5,6,14,27,28,18/04/2015
5031,4,5,7,21,26,17/04/2015
5030,6,13,16,19,22,16/04/2015
5029,7,12,13,21,24,15/04/2015
5028,1,6,10,13,28,14/04/2015
5027,5,14,19,21,22,13/04/2015
5026,19,21,24,25,27,12/04/2015
5025,1,2,7,24,26,11/04/2015
5024,3,6,8,11,23,10/04/2015
5023,5,12,15,22,27,09/04/2015
5022,2,8,10,11,15,08/04/2015
5021,3,12,18,24,28,07/04/2015
5020,4,9,10,17,20,06/04/2015
5019,1,2,9,17,20,05/04/2015
5018,9,11,14,20,27,04/04/2015
5017,8,15,17,22,23,03/04/2015
5016,6,10,12,15,19,02/04/2015
5015,8,15,18,24,28,01/04/2015
5014,7,8,15,23,24,31/03/2015
5013,8,21,25,26,28,30/03/2015
5012,9,11,15,16,18,29/03/2015
5011,1,4,10,19,28,28/03/2015
5010,6,15,20,25,28,27/03/2015
5009,4,5,6,11,20,26/03/2015
5008,2,3,13,14,24,25/03/2015
5007,14,15,17,21,23,24/03/2015
5006,12,13,14,23,26,23/03/2015
5005,3,17,19,20,22,22/03/2015
5004,10,14,18,19,24,21/03/2015
5003,4,7,10,19,20,20/03/2015
5002,2,3,14,17,27,19/03/2015
5001,4,6,14,18,23,18/03/2015
5000,2,3,5,8,17,17/03/2015
4999,2,16,20,26,28,16/03/2015
4998,6,13,20,21,22,15/03/2015
4997,11,17,20,21,25,14/03/2015
4996,1,10,14,20,26,13/03/2015
4995,1,20,22,26,28,12/03/2015
4994,8,11,19,24,28,11/03/2015
4993,1,14,16,22,28,10/03/2015
4992,9,12,14,22,26,09/03/2015
4991,4,5,9,10,24,08/03/2015
4990,2,4,16,25,28,07/03/2015
4989,4,10,15,16,17,06/03/2015
4988,2,13,17,21,22,05/03/2015
4987,2,6,9,10,14,04/03/2015
4986,3,9,12,14,18,03/03/2015
4985,4,5,17,24,27,02/03/2015
4984,11,15,17,21,25,01/03/2015
4983,1,9,15,17,22,28/02/2015
4982,3,4,6,15,23,27/02/2015
4981,5,14,23,25,28,26/02/2015
4980,15,20,23,25,26,25/02/2015
4979,4,5,11,20,25,24/02/2015
4978,4,16,18,22,27,23/02/2015
4977,5,10,19,21,23,22/02/2015
4976,1,2,10,24,25,21/02/2015
4975,2,8,17,20,27,20/02/2015
4974,5,6,14,17,24,19/02/2015
4973,10,12,24,27,28,18/02/2015
4972,1,7,13,14,27,17/02/2015
4971,2,8,15,22,24,16/02/2015
4970,1,8,22,23,24,15/02/2015
4969,2,6,13,21,24,14/02/2015
4968,2,4,10,24,27,13/02/2015
4967,1,7,9,18,27,12/02/2015
4966,1,2,4,10,28,11/02/2015
4965,5,12,13,15,20,10/02/2015
4964,2,14,15,25,26,09/02/2015
4963,7,16,18,19,25,08/02/2015
4962,1,4,9,15,28,07/02/2015
4961,4,9,19,23,27,06/02/2015
4960,1,8,13,24,26,05/02/2015
4959,1,2,8,9,26,04/02/2015
4958,4,5,8,21,23,03/02/2015
4957,2,3,13,16,24,02/02/2015
4956,1,6,18,24,28,01/02/2015
4955,14,15,16,19,28,31/01/2015
4954,4,12,18,19,23,30/01/2015
4953,1,2,11,15,25,29/01/2015
4952,3,6,10,17,26,28/01/2015
4951,2,18,24,27,28,27/01/2015
4950,4,7,18,24,25,26/01/2015
4949,5,8,19,27,28,25/01/2015
4948,3,4,7,13,25,24/01/2015
4947,9,13,15,21,23,23/01/2015
4946,3,13,15,16,19,22/01/2015
4945,1,8,11,17,28,21/01/2015
4944,5,6,13,23,28,20/01/2015
4943,2,5,6,21,27,19/01/2015
4942,10,15,22,23,25,18/01/2015
4941,2,8,9,11,27,17/01/2015
4940,1,12,16,20,21,16/01/2015
4939,1,4,5,19,21,15/01/2015
4938,10,12,13,16,23,14/01/2015
4937,6,14,22,25,28,13/01/2015
4936,4,13,14,27,28,12/01/2015
4935,1,5,8,10,19,11/01/2015
4934,18,19,23,27,28,10/01/2015
4933,6,19,21,23,27,09/01/2015
4932,12,15,17,24,25,08/01/2015
4931,2,8,15,17,24,07/01/2015
4930,3,24,25,26,27,06/01/2015
4929,9,10,15,16,21,05/01/2015
4928,2,4,8,11,18,04/01/2015
4927,5,14,25,27,28,03/01/2015
4926,1,3,4,17,19,02/01/2015
4925,5,6,10,11,16,01/01/2015
4924,2,7,16,25,27,31/12/2014
4923,1,2,11,25,26,30/12/2014
4922,5,17,18,24,28,29/12/2014
4921,4,13,14,16,21,28/12/2014
4920,2,9,15,16,26,27/12/2014
4919,7,9,11,25,26,26/12/2014
4918,1,2,11,16,25,25/12/2014
4917,2,11,13,20,28,24/12/2014
4916,2,11,14,26,28,23/12/2014
4915,8,9,17,21,23,22/12/2014
4914,9,13,17,18,23,21/12/2014
4913,1,11,13,20,22,20/12/2014
4912,3,4,5,7,9,19/12/2014
4911,14,16,19,20,22,18/12/2014
4910,4,6,11,23,25,17/12/2014
4909,2,3,10,23,27,16/12/2014
4908,1,3,8,20,26,15/12/2014
4907,3,6,8,19,21,14/12/2014
4906,2,3,13,20,27,13/12/2014
4905,1,6,13,14,18,12/12/2014
4904,9,18,19,20,25,11/12/2014
4903,2,7,9,16,27,10/12/2014
4902,5,7,10,15,16,09/12/2014
4901,4,6,15,20,22,08/12/2014
4900,1,11,15,24,27,07/12/2014
4899,2,4,6,11,19,06/12/2014
4898,1,5,6,13,21,05/12/2014
4897,5,7,15,19,25,04/12/2014
4896,4,6,7,12,20,03/12/2014
4895,7,14,15,17,23,02/12/2014
4894,1,9,15,22,24,01/12/2014
4893,5,15,18,21,25,30/11/2014
4892,7,11,19,20,24,29/11/2014
4891,7,9,11,13,14,28/11/2014
4890,4,7,16,19,25,27/11/2014
4889,4,6,9,17,28,26/11/2014
4888,3,12,20,23,26,25/11/2014
4887,3,5,6,7,15,24/11/2014
4886,4,5,7,22,27,23/11/2014
4885,8,10,14,15,22,22/11/2014
4884,8,10,14,23,25,21/11/2014
4883,1,5,11,15,16,20/11/2014
4882,2,16,20,21,23,19/11/2014
4881,2,3,12,17,21,18/11/2014
4880,2,10,11,15,23,17/11/2014
4879,6,7,14,15,22,16/11/2014
4878,5,10,11,13,17,15/11/2014
4877,2,3,12,19,28,14/11/2014
4876,7,9,18,22,24,13/11/2014
4875,8,14,16,22,25,12/11/2014
4874,6,7,10,12,21,11/11/2014
4873,11,12,15,22,25,10/11/2014
4872,3,19,24,25,26,09/11/2014
4871,8,9,13,14,24,08/11/2014
4870,1,6,9,10,26,07/11/2014
4869,3,4,7,8,27,06/11/2014
4868,8,10,19,20,21,05/11/2014
4867,8,14,16,20,22,04/11/2014
4866,3,8,17,20,25,03/11/2014
4865,1,2,13,18,23,02/11/2014
4864,4,6,9,10,14,01/11/2014
4863,9,12,13,15,23,31/10/2014
4862,2,4,7,10,19,30/10/2014
4861,7,9,11,15,23,29/10/2014
4860,4,5,7,17,25,28/10/2014
4859,2,11,13,17,20,27/10/2014
4858,12,14,19,21,25,26/10/2014
4857,6,11,17,24,26,25/10/2014
4856,7,14,22,26,28,24/10/2014
4855,4,8,11,25,27,23/10/2014
4854,2,4,5,10,27,22/10/2014
4853,1,12,15,17,26,21/10/2014
4852,5,6,10,13,14,20/10/2014
4851,2,12,15,16,25,19/10/2014
4850,7,8,13,18,28,18/10/2014
4849,1,2,3,7,25,17/10/2014
4848,4,5,20,23,25,16/10/2014
4847,13,16,19,20,28,15/10/2014
4846,2,11,12,20,25,14/10/2014
4845,1,2,17,20,28,13/10/2014
4844,6,11,15,17,24,12/10/2014
4843,4,11,12,15,22,11/10/2014
4842,2,14,19,21,28,10/10/2014
4841,14,16,17,18,22,09/10/2014
4840,10,17,19,21,28,08/10/2014
4839,13,16,21,22,23,07/10/2014
4838,1,2,4,12,19,06/10/2014
4837,5,10,14,17,26,05/10/2014
4836,2,8,9,20,28,04/10/2014
4835,10,23,25,26,27,03/10/2014
4834,11,12,17,23,26,02/10/2014
4833,5,9,12,22,24,01/10/2014
4832,10,12,21,22,24,30/09/2014
4831,4,6,13,19,22,29/09/2014
4830,3,9,10,16,20,28/09/2014
4829,2,10,13,17,25,27/09/2014
4828,5,10,11,12,16,26/09/2014
4827,7,12,18,20,27,25/09/2014
4826,13,18,24,25,28,24/09/2014
4825,2,6,11,15,21,23/09/2014
4824,1,4,10,21,22,22/09/2014
4823,7,15,16,17,22,21/09/2014
4822,3,7,18,22,26,20/09/2014
4821,1,11,13,24,25,19/09/2014
4820,4,7,24,27,28,18/09/2014
4819,5,9,12,26,27,17/09/2014
4818,1,3,8,13,14,16/09/2014
4817,10,11,12,14,16,15/09/2014
4816,1,7,11,16,21,14/09/2014
4815,11,13,14,23,28,13/09/2014
4814,4,5,9,20,24,12/09/2014
4813,10,12,20,21,27,11/09/2014
4812,9,14,20,23,25,10/09/2014
4811,2,5,6,15,22,09/09/2014
4810,1,7,9,11,24,08/09/2014
4809,3,9,11,20,27,07/09/2014
4808,4,19,20,26,27,06/09/2014
4807,9,11,16,22,25,05/09/2014
4806,1,8,12,23,28,04/09/2014
4805,9,10,11,20,21,03/09/2014
4804,2,8,13,19,22,02/09/2014
4803,1,4,8,12,27,01/09/2014
4802,12,15,17,20,27,31/08/2014
4801,2,5,8,13,27,30/08/2014
4800,7,13,14,15,28,29/08/2014
4799,9,13,21,24,25,28/08/2014
4798,1,5,8,22,25,27/08/2014
4797,6,11,20,24,25,26/08/2014
4796,8,9,13,16,22,25/08/2014
4795,2,6,13,20,23,24/08/2014
4794,3,11,14,15,19,23/08/2014
4793,8,9,13,18,23,22/08/2014
4792,10,12,13,17,27,21/08/2014
4791,2,14,16,18,19,20/08/2014
4790,2,8,9,12,26,19/08/2014
4789,4,11,17,21,25,18/08/2014
4788,5,12,15,17,21,17/08/2014
4787,8,10,11,13,18,16/08/2014
4786,6,7,13,16,22,15/08/2014
4785,10,13,20,26,28,14/08/2014
4784,2,3,12,14,20,13/08/2014
4783,3,4,21,27,28,12/08/2014
4782,1,5,12,14,18,11/08/2014
4781,5,7,13,16,20,10/08/2014
4780,6,12,14,16,22,09/08/2014
4779,4,8,17,18,25,08/08/2014
4778,5,7,13,15,28,07/08/2014
4777,7,11,17,18,21,06/08/2014
4776,1,4,12,22,23,05/08/2014
4775,7,9,17,20,26,04/08/2014
4774,7,17,20,21,27,03/08/2014
4773,1,6,9,18,20,02/08/2014
4772,3,4,8,11,14,01/08/2014
4771,7,9,23,27,28,31/07/2014
4770,5,9,14,16,23,30/07/2014
4769,1,8,16,17,26,29/07/2014
4768,5,7,14,20,25,28/07/2014
4767,1,11,15,21,27,27/07/2014
4766,3,12,13,18,20,26/07/2014
4765,7,15,16,24,28,25/07/2014
4764,8,9,17,22,27,24/07/2014
4763,2,5,19,26,28,23/07/2014
4762,3,4,6,23,24,22/07/2014
4761,19,22,23,26,28,21/07/2014
4760,5,14,17,18,19,20/07/2014
4759,10,20,23,24,26,19/07/2014
4758,2,9,14,17,26,18/07/2014
4757,1,11,16,19,27,17/07/2014
4756,10,12,19,20,25,16/07/2014
4755,1,4,9,20,24,15/07/2014
4754,6,15,16,17,27,14/07/2014
4753,6,7,16,21,25,13/07/2014
4752,5,14,17,22,26,12/07/2014
4751,2,11,12,16,27,11/07/2014
4750,3,8,9,10,19,10/07/2014
4749,2,5,22,26,28,09/07/2014
4748,1,8,11,14,23,08/07/2014
4747,3,11,14,15,24,07/07/2014
4746,2,14,18,20,24,06/07/2014
4745,1,9,16,17,23,05/07/2014
4744,4,7,13,21,27,04/07/2014
4743,4,5,6,8,12,03/07/2014
4742,5,9,10,25,28,02/07/2014
4741,11,15,17,24,26,01/07/2014
4740,2,7,19,24,25,30/06/2014
4739,3,7,11,17,27,29/06/2014
4738,11,15,20,22,28,28/06/2014
4737,1,16,20,24,26,27/06/2014
4736,3,12,16,17,19,26/06/2014
4735,1,7,9,24,25,25/06/2014
4734,2,7,20,21,23,24/06/2014
4733,3,13,19,26,27,23/06/2014
4732,2,3,15,17,20,22/06/2014
4731,17,22,25,27,28,21/06/2014
4730,4,13,22,23,25,20/06/2014
4729,4,5,7,9,11,19/06/2014
4728,7,8,15,26,27,18/06/2014
4727,10,13,22,24,27,17/06/2014
4726,1,10,14,20,28,16/06/2014
4725,13,18,23,25,27,15/06/2014
4724,3,14,18,21,28,14/06/2014
4723,5,7,13,15,20,13/06/2014
4722,2,4,6,19,26,12/06/2014
4721,3,12,19,21,28,11/06/2014
4720,10,13,14,16,27,10/06/2014
4719,3,9,15,20,28,09/06/2014
4718,5,18,21,23,24,08/06/2014
4717,6,12,16,23,25,07/06/2014
4716,1,5,9,17,25,06/06/2014
4715,1,3,7,19,22,05/06/2014
4714,6,12,24,26,27,04/06/2014
4713,9,13,14,18,27,03/06/2014
4712,3,4,5,14,21,02/06/2014
4711,1,2,5,15,25,01/06/2014
4710,11,17,18,20,21,31/05/2014
4709,2,4,18,19,22,30/05/2014
4708,7,8,10,23,25,29/05/2014
4707,6,7,11,24,28,28/05/2014
4706,1,5,17,24,28,27/05/2014
4705,2,4,18,23,24,26/05/2014
4704,9,12,18,19,24,25/05/2014
4703,1,5,6,15,16,24/05/2014
4702,9,19,20,21,28,23/05/2014
4701,3,10,11,12,27,22/05/2014
4700,5,7,9,11,17,21/05/2014
4699,4,14,15,25,27,20/05/2014
4698,15,16,22,23,27,19/05/2014
4697,3,15,17,21,23,18/05/2014
4696,5,7,20,26,27,17/05/2014
4695,9,13,14,20,21,16/05/2014
4694,3,5,6,11,22,15/05/2014
4693,4,11,14,24,28,14/05/2014
4692,7,8,15,18,26,13/05/2014
4691,1,16,22,26,28,12/05/2014
4690,7,11,17,18,21,11/05/2014
4689,3,13,17,21,25,10/05/2014
4688,2,4,6,13,27,09/05/2014
4687,4,14,18,19,27,08/05/2014
4686,11,17,23,26,28,07/05/2014
4685,5,22,23,24,25,06/05/2014
4684,1,9,15,21,25,05/05/2014
4683,1,13,18,19,20,04/05/2014
4682,10,11,17,25,26,03/05/2014
4681,2,3,8,9,15,02/05/2014
4680,9,15,16,20,23,01/05/2014
4679,3,4,12,23,24,30/04/2014
4678,8,13,18,26,27,29/04/2014
4677,3,14,17,19,20,28/04/2014
4676,2,3,4,13,14,27/04/2014
4675,9,13,16,26,27,26/04/2014
4674,5,6,12,14,16,25/04/2014
4673,10,11,19,22,24,24/04/2014
4672,1,10,17,20,21,23/04/2014
4671,8,17,19,27,28,22/04/2014
4670,13,18,20,21,25,21/04/2014
4669,4,8,19,20,21,20/04/2014
4668,7,9,12,17,27,19/04/2014
4667,4,10,17,22,28,18/04/2014
4666,19,20,21,23,27,17/04/2014
4665,9,16,18,19,28,16/04/2014
4664,4,9,14,19,27,15/04/2014
4663,1,3,9,12,22,14/04/2014
4662,3,4,8,23,28,13/04/2014
4661,10,11,21,24,26,12/04/2014
4660,4,15,21,22,23,11/04/2014
4659,4,5,14,19,21,10/04/2014
4658,5,6,18,22,26,09/04/2014
4657,7,12,24,25,26,08/04/2014
4656,3,8,19,24,26,07/04/2014
4655,1,11,12,24,25,06/04/2014
4654,9,10,15,16,26,05/04/2014
4653,6,7,10,14,27,04/04/2014
4652,3,9,10,11,27,03/04/2014
4651,8,12,15,18,21,02/04/2014
4650,7,17,20,24,25,01/04/2014
4649,15,16,19,21,25,31/03/2014
4648,17,21,24,25,28,30/03/2014
4647,4,7,22,23,27,29/03/2014
4646,7,9,11,12,19,28/03/2014
4645,13,14,15,20,21,27/03/2014
4644,7,16,17,18,22,26/03/2014
4643,7,14,15,16,22,25/03/2014
4642,1,2,7,10,17,24/03/2014
4641,8,17,19,21,27,23/03/2014
4640,1,6,24,27,28,22/03/2014
4639,1,3,11,22,28,21/03/2014
4638,1,7,11,25,27,20/03/2014
4637,10,12,14,21,25,19/03/2014
4636,3,4,14,20,24,18/03/2014
4635,5,8,16,19,22,17/03/2014
4634,9,14,16,17,21,16/03/2014
4633,3,5,7,18,28,15/03/2014
4632,8,13,21,22,24,14/03/2014
4631,4,7,13,16,20,13/03/2014
4630,1,3,20,24,27,12/03/2014
4629,6,8,20,21,24,11/03/2014
4628,1,3,13,15,26,10/03/2014
4627,1,4,5,12,13,09/03/2014
4626,9,11,18,20,28,08/03/2014
4625,15,16,18,27,28,07/03/2014
4624,1,2,6,19,24,06/03/2014
4623,9,14,15,20,22,05/03/2014
4622,5,11,17,23,26,04/03/2014
4621,1,14,17,18,21,03/03/2014
4620,12,14,16,19,28,02/03/2014
4619,11,14,16,17,18,01/03/2014
4618,2,10,14,17,25,28/02/2014
4617,2,4,13,21,26,27/02/2014
4616,4,12,15,21,23,26/02/2014
4615,1,2,9,16,17,25/02/2014
4614,1,10,22,25,28,24/02/2014
4613,9,10,11,16,28,23/02/2014
4612,9,10,12,25,26,22/02/2014
4611,4,5,7,16,26,21/02/2014
4610,1,16,19,26,28,20/02/2014
4609,4,6,10,15,21,19/02/2014
4608,2,11,12,18,19,18/02/2014
4607,3,5,10,16,25,17/02/2014
4606,6,11,13,19,22,16/02/2014
4605,3,10,13,16,21,15/02/2014
4604,5,6,11,20,24,14/02/2014
4603,9,12,20,22,25,13/02/2014
4602,1,4,21,26,27,12/02/2014
4601,6,9,10,14,22,11/02/2014
4600,1,5,9,22,27,10/02/2014
4599,1,2,8,9,15,09/02/2014
4598,2,6,9,10,22,08/02/2014
4597,4,6,11,15,25,07/02/2014
4596,13,15,16,22,24,06/02/2014
4595,3,9,16,18,24,05/02/2014
4594,8,9,13,14,22,04/02/2014
4593,3,5,8,14,15,03/02/2014
4592,2,7,16,19,23,02/02/2014
4591,11,17,22,26,28,01/02/2014
4590,2,3,5,24,25,31/01/2014
4589,4,8,10,16,19,30/01/2014
4588,4,11,13,16,24,29/01/2014
4587,13,17,18,20,28,28/01/2014
4586,2,17,20,21,26,27/01/2014
4585,15,16,19,20,22,26/01/2014
4584,3,5,7,23,25,25/01/2014
4583,3,8,17,21,24,24/01/2014
4582,1,4,7,21,28,23/01/2014
4581,7,11,19,23,26,22/01/2014
4580,5,9,19,23,27,21/01/2014
4579,7,9,11,22,27,20/01/2014
4578,2,8,9,14,16,19/01/2014
4577,6,10,20,26,27,18/01/2014
4576,2,11,13,20,23,17/01/2014
4575,5,7,9,11,17,16/01/2014
4574,2,9,17,18,21,15/01/2014
4573,4,21,24,26,27,14/01/2014
4572,7,10,11,16,28,13/01/2014
4571,4,8,9,14,25,12/01/2014
4570,2,4,18,20,22,11/01/2014
4569,2,20,21,23,26,10/01/2014
4568,3,14,21,25,28,09/01/2014
4567,2,4,10,11,23,08/01/2014
4566,7,8,12,15,21,07/01/2014
4565,3,5,9,18,24,06/01/2014
4564,5,10,18,19,21,05/01/2014
4563,7,9,13,21,22,04/01/2014
4562,3,8,16,21,23,03/01/2014
4561,2,5,7,20,23,02/01/2014
4560,2,4,5,6,7,01/01/2014
4559,12,13,21,24,26,31/12/2013
4558,3,7,15,23,25,30/12/2013
4557,6,8,13,20,22,29/12/2013
4556,7,9,11,17,23,28/12/2013
4555,4,5,17,26,28,27/12/2013
4554,8,12,18,27,28,26/12/2013
4553,4,8,13,22,23,25/12/2013
4552,16,17,19,22,28,24/12/2013
4551,3,8,11,14,20,23/12/2013
4550,3,15,16,19,20,22/12/2013
4549,4,9,14,26,28,21/12/2013
4548,7,11,14,17,22,20/12/2013
4547,2,5,9,15,17,19/12/2013
4546,4,7,16,24,27,18/12/2013
4545,6,10,12,24,27,17/12/2013
4544,1,3,9,22,23,16/12/2013
4543,5,12,18,21,23,15/12/2013
4542,11,14,18,20,26,14/12/2013
4541,3,8,10,17,26,13/12/2013
4540,3,6,18,21,25,12/12/2013
4539,7,8,12,16,25,11/12/2013
4538,1,3,6,11,13,10/12/2013
4537,1,12,14,20,22,09/12/2013
4536,5,11,12,16,26,08/12/2013
4535,5,6,20,24,26,07/12/2013
4534,2,16,21,22,23,06/12/2013
4533,4,7,13,23,26,05/12/2013
4532,10,14,22,26,28,04/12/2013
4531,5,6,8,10,21,03/12/2013
4530,1,3,11,22,28,02/12/2013
4529,7,15,16,20,21,01/12/2013
4528,5,8,21,24,25,30/11/2013
4527,6,17,19,20,21,29/11/2013
4526,9,11,20,21,26,28/11/2013
4525,5,9,15,22,24,27/11/2013
4524,1,16,18,19,24,26/11/2013
4523,6,12,14,15,18,25/11/2013
4522,5,7,18,19,25,24/11/2013
4521,3,4,8,11,18,23/11/2013
4520,11,19,22,26,27,22/11/2013
4519,8,12,16,23,27,21/11/2013
4518,6,10,14,24,27,20/11/2013
4517,1,2,10,12,16,19/11/2013
4516,12,19,22,23,24,18/11/2013
4515,1,10,14,16,26,17/11/2013
4514,7,12,18,23,25,16/11/2013
4513,11,12,13,15,23,15/11/2013
4512,5,7,17,20,24,14/11/2013
4511,5,6,9,16,20,13/11/2013
4510,3,5,13,15,20,12/11/2013
4509,2,4,7,17,28,11/11/2013
4508,13,18,19,20,28,10/11/2013
4507,6,16,23,26,27,09/11/2013
4506,4,5,13,14,28,08/11/2013
4505,1,4,6,20,26,07/11/2013
4504,4,11,23,26,27,06/11/2013
4503,1,6,9,12,25,05/11/2013
4502,1,8,14,25,26,04/11/2013
4501,8,9,19,23,27,03/11/2013
4500,7,8,15,16,20,02/11/2013
4499,3,4,6,27,28,01/11/2013
4498,14,15,18,22,28,31/10/2013
4497,5,7,8,10,12,30/10/2013
4496,10,14,21,24,26,29/10/2013
4495,15,18,20,21,25,28/10/2013
4494,1,8,12,13,22,27/10/2013
4493,6,7,11,20,28,26/10/2013
4492,3,6,7,12,19,25/10/2013
4491,1,3,4,11,18,24/10/2013
4490,1,18,19,24,26,23/10/2013
4489,7,17,18,23,25,22/10/2013
4488,2,4,9,10,18,21/10/2013
4487,4,12,20,25,26,20/10/2013
4486,3,10,13,16,24,19/10/2013
4485,2,10,11,24,25,18/10/2013
4484,14,15,17,23,27,17/10/2013
4483,5,6,7,10,12,16/10/2013
4482,2,9,14,23,27,15/10/2013
4481,1,3,10,20,24,14/10/2013
4480,4,6,8,13,16,13/10/2013
4479,2,7,9,12,25,12/10/2013
4478,1,11,18,26,27,11/10/2013
4477,11,15,21,23,24,10/10/2013
4476,10,12,20,26,27,09/10/2013
4475,2,13,17,18,23,08/10/2013
4474,3,8,11,21,23,07/10/2013
4473,7,9,16,25,28,06/10/2013
4472,1,2,5,7,21,05/10/2013
4471,12,13,18,20,22,04/10/2013
4470,4,12,14,19,23,03/10/2013
4469,1,6,7,8,27,02/10/2013
4468,10,18,22,26,28,01/10/2013
4467,3,8,10,17,27,30/09/2013
4466,1,3,7,17,27,29/09/2013
4465,1,3,12,18,21,28/09/2013
4464,1,10,14,21,23,27/09/2013
4463,4,17,24,25,27,26/09/2013
4462,5,13,14,26,28,25/09/2013
4461,3,7,13,16,18,24/09/2013
4460,1,3,6,7,28,23/09/2013
4459,1,9,14,18,24,22/09/2013
4458,1,13,17,19,28,21/09/2013
4457,1,4,7,13,26,20/09/2013
4456,9,17,19,24,27,19/09/2013
4455,1,2,7,16,26,18/09/2013
4454,1,8,18,19,23,17/09/2013
4453,9,14,21,27,28,16/09/2013
4452,6,9,18,21,26,15/09/2013
4451,17,19,21,24,27,14/09/2013
4450,8,12,13,17,25,13/09/2013
4449,1,8,9,16,17,12/09/2013
4448,3,5,10,11,19,11/09/2013
4447,2,3,17,23,26,10/09/2013
4446,8,10,18,23,28,09/09/2013
4445,3,8,14,15,21,08/09/2013
4444,2,6,9,17,18,07/09/2013
4443,2,11,15,22,23,06/09/2013
4442,2,7,9,18,26,05/09/2013
4441,1,4,10,15,28,04/09/2013
4440,9,13,16,24,27,03/09/2013
4439,8,10,16,22,26,02/09/2013
4438,5,9,15,21,24,01/09/2013
4437,1,5,18,19,20,31/08/2013
4436,3,7,19,20,25,30/08/2013
4435,10,14,20,21,23,29/08/2013
4434,8,13,16,24,25,28/08/2013
4433,1,2,7,21,27,27/08/2013
4432,5,7,9,13,14,26/08/2013
4431,3,4,9,10,11,25/08/2013
4430,3,4,14,20,21,24/08/2013
4429,6,7,12,24,25,23/08/2013
4428,14,20,21,22,25,22/08/2013
4427,1,6,7,10,25,21/08/2013
4426,2,20,25,27,28,20/08/2013
4425,2,11,26,27,28,19/08/2013
4424,2,6,7,13,22,18/08/2013
4423,1,22,24,26,28,17/08/2013
4422,2,5,9,12,15,16/08/2013
4421,4,8,24,25,26,15/08/2013
4420,2,7,11,12,15,14/08/2013
4419,4,11,12,18,28,13/08/2013
4418,1,11,17,23,26,12/08/2013
4417,4,10,14,23,27,11/08/2013
4416,6,12,18,23,25,10/08/2013
4415,6,12,16,20,21,09/08/2013
4414,4,16,18,19,25,08/08/2013
4413,5,12,13,17,26,07/08/2013
4412,3,8,14,15,28,06/08/2013
4411,4,5,9,16,19,05/08/2013
4410,5,8,10,12,21,04/08/2013
4409,12,15,21,25,27,03/08/2013
4408,1,10,15,18,20,02/08/2013
4407,9,14,20,21,22,01/08/2013
4406,3,14,20,27,28,31/07/2013
4405,1,9,15,25,28,30/07/2013
4404,8,10,11,20,27,29/07/2013
4403,1,3,9,21,22,28/07/2013
4402,1,8,21,25,27,27/07/2013
4401,5,21,22,23,28,26/07/2013
4400,2,15,22,25,28,25/07/2013
4399,6,10,13,17,26,24/07/2013
4398,4,9,15,25,28,23/07/2013
4397,2,3,8,18,19,22/07/2013
4396,2,7,16,19,27,21/07/2013
4395,4,5,8,16,24,20/07/2013
4394,3,6,7,20,23,19/07/2013
4393,2,5,11,18,21,18/07/2013
4392,6,12,14,25,27,17/07/2013
4391,7,10,13,24,27,16/07/2013
4390,4,13,15,21,26,15/07/2013
4389,2,6,7,16,18,14/07/2013
4388,7,8,15,26,27,13/07/2013
4387,5,9,19,22,25,12/07/2013
4386,2,3,7,9,19,11/07/2013
4385,3,20,21,23,27,10/07/2013
4384,10,14,20,23,24,09/07/2013
4383,9,17,19,22,27,08/07/2013
4382,4,6,14,24,25,07/07/2013
4381,1,2,3,5,28,06/07/2013
4380,1,12,13,18,28,05/07/2013
4379,5,6,7,15,20,04/07/2013
4378,6,9,11,12,15,03/07/2013
4377,4,8,9,20,27,02/07/2013
4376,5,8,11,16,21,01/07/2013
4375,11,13,17,19,21,30/06/2013
4374,2,4,8,12,13,29/06/2013
4373,6,11,16,24,27,28/06/2013
4372,8,10,12,20,27,27/06/2013
4371,20,21,22,23,24,26/06/2013
4370,2,5,22,24,26,25/06/2013
4369,3,9,21,22,26,24/06/2013
4368,4,8,13,15,28,23/06/2013
4367,1,2,16,20,25,22/06/2013
4366,2,4,14,15,23,21/06/2013
4365,5,7,18,25,27,20/06/2013
4364,1,5,23,24,25,19/06/2013
4363,7,8,15,22,26,18/06/2013
4362,4,10,11,22,28,17/06/2013
4361,8,13,14,18,20,16/06/2013
4360,1,3,18,19,28,15/06/2013
4359,2,7,8,12,18,14/06/2013
4358,6,14,17,18,21,13/06/2013
4357,10,14,17,19,27,12/06/2013
4356,1,7,14,21,25,11/06/2013
4355,2,3,7,15,21,10/06/2013
4354,15,20,26,27,28,09/06/2013
4353,1,3,14,15,25,08/06/2013
4352,1,3,11,12,17,07/06/2013
4351,2,5,7,15,22,06/06/2013
4350,2,8,15,23,25,05/06/2013
4349,3,4,6,8,13,04/06/2013
4348,1,8,12,20,25,03/06/2013
4347,12,14,19,21,24,02/06/2013
4346,5,6,13,23,25,01/06/2013
4345,8,12,15,16,24,31/05/2013
4344,4,5,15,16,23,30/05/2013
4343,11,15,20,26,27,29/05/2013
4342,4,6,20,23,26,28/05/2013
4341,5,6,11,13,25,27/05/2013
4340,4,8,16,18,19,26/05/2013
4339,4,7,14,25,26,25/05/2013
4338,10,15,17,23,26,24/05/2013
4337,3,13,19,20,21,23/05/2013
4336,4,14,19,21,28,22/05/2013
4335,4,5,20,23,25,21/05/2013
4334,2,14,16,23,28,20/05/2013
4333,1,6,12,26,27,19/05/2013
4332,1,12,15,18,25,18/05/2013
4331,2,6,7,17,19,17/05/2013
4330,1,3,14,25,26,16/05/2013
4329,2,11,13,19,24,15/05/2013
4328,2,19,22,24,25,14/05/2013
4327,1,5,17,18,23,13/05/2013
4326,6,13,14,25,27,12/05/2013
4325,5,6,9,25,26,11/05/2013
4324,3,4,7,9,10,10/05/2013
4323,3,12,20,21,28,09/05/2013
4322,13,14,16,25,27,08/05/2013
4321,3,7,10,12,18,07/05/2013
4320,12,14,15,22,24,06/05/2013
4319,13,16,20,26,28,05/05/2013
4318,2,7,9,14,21,04/05/2013
4317,1,6,13,17,21,03/05/2013
4316,6,14,20,22,27,02/05/2013
4315,4,6,11,18,21,01/05/2013
4314,4,7,16,17,20,30/04/2013
4313,1,3,9,16,20,29/04/2013
4312,13,15,16,20,22,28/04/2013
4311,11,14,20,27,28,27/04/2013
4310,8,14,22,23,24,26/04/2013
4309,1,13,18,20,28,25/04/2013
4308,6,11,13,14,28,24/04/2013
4307,3,7,17,22,28,23/04/2013
4306,4,8,11,15,17,22/04/2013
4305,1,8,18,25,28,21/04/2013
4304,2,4,8,11,23,20/04/2013
4303,1,2,9,14,15,19/04/2013
4302,3,4,8,9,13,18/04/2013
4301,15,20,21,25,26,17/04/2013
4300,2,11,15,18,27,16/04/2013
4299,7,19,21,25,28,15/04/2013
4298,5,6,13,16,24,14/04/2013
4297,6,9,10,21,25,13/04/2013
4296,7,8,10,11,23,12/04/2013
4295,3,12,13,14,25,11/04/2013
4294,4,8,21,26,28,10/04/2013
4293,2,3,12,20,24,09/04/2013
4292,9,14,16,20,26,08/04/2013
4291,5,9,11,20,21,07/04/2013
4290,9,10,12,19,20,06/04/2013
4289,8,9,13,19,26,05/04/2013
4288,6,7,19,24,25,04/04/2013
4287,13,16,18,20,26,03/04/2013
4286,13,20,24,25,26,02/04/2013
4285,1,8,9,21,27,01/04/2013
4284,11,20,24,26,27,31/03/2013
4283,2,6,10,17,27,30/03/2013
4282,1,2,20,25,26,29/03/2013
4281,2,3,7,18,19,28/03/2013
4280,2,8,10,14,26,27/03/2013
4279,5,8,14,19,21,26/03/2013
4278,2,10,17,18,25,25/03/2013
4277,4,5,6,19,23,24/03/2013
4276,8,11,13,14,28,23/03/2013
4275,1,14,16,19,21,22/03/2013
4274,2,5,16,18,22,21/03/2013
4273,4,12,16,20,21,20/03/2013
4272,2,12,15,18,28,19/03/2013
4271,5,11,12,25,27,18/03/2013
4270,2,5,12,23,24,17/03/2013
4269,4,14,18,19,22,16/03/2013
4268,1,4,11,23,28,15/03/2013
4267,1,2,5,20,28,14/03/2013
4266,7,11,15,22,28,13/03/2013
4265,2,7,18,20,22,12/03/2013
4264,4,9,15,16,23,11/03/2013
4263,3,12,21,24,27,10/03/2013
4262,4,11,13,20,28,09/03/2013
4261,5,6,10,11,17,08/03/2013
4260,7,9,10,15,26,07/03/2013
4259,2,14,15,18,27,06/03/2013
4258,3,6,9,16,21,05/03/2013
4257,1,4,11,16,18,04/03/2013
4256,5,9,21,23,24,03/03/2013
4255,2,6,11,16,17,02/03/2013
4254,1,4,12,19,28,01/03/2013
4253,2,8,13,19,26,28/02/2013
4252,6,7,17,18,20,27/02/2013
4251,4,9,14,18,25,26/02/2013
4250,1,3,5,12,14,25/02/2013
4249,1,3,9,10,17,24/02/2013
4248,5,11,17,21,22,23/02/2013
4247,4,7,8,10,16,22/02/2013
4246,8,9,18,23,24,21/02/2013
4245,9,14,20,21,22,20/02/2013
4244,7,12,21,26,27,19/02/2013
4243,3,6,13,15,25,18/02/2013
4242,2,4,7,19,24,17/02/2013
4241,2,3,17,22,26,16/02/2013
4240,5,9,16,18,23,15/02/2013
4239,2,8,12,14,23,14/02/2013
4238,5,8,21,22,23,13/02/2013
4237,3,4,13,14,22,12/02/2013
4236,4,14,15,17,26,11/02/2013
4235,4,6,7,27,28,10/02/2013
4234,11,13,19,24,25,09/02/2013
4233,1,2,4,7,18,08/02/2013
4232,10,14,22,26,27,07/02/2013
4231,2,3,10,12,28,06/02/2013
4230,4,11,20,26,28,05/02/2013
4229,5,11,17,18,19,04/02/2013
4228,2,7,13,21,22,03/02/2013
4227,6,10,17,23,25,02/02/2013
4226,3,6,7,14,22,01/02/2013
4225,9,16,18,23,27,31/01/2013
4224,3,9,11,18,25,30/01/2013
4223,5,7,9,13,27,29/01/2013
4222,2,13,14,17,19,28/01/2013
4221,4,12,15,17,28,27/01/2013
4220,12,13,16,18,27,26/01/2013
4219,3,5,18,22,27,25/01/2013
4218,1,14,25,26,28,24/01/2013
4217,2,5,6,12,21,23/01/2013
4216,4,12,13,20,25,22/01/2013
4215,2,11,14,25,27,21/01/2013
4214,2,7,8,18,21,20/01/2013
4213,5,8,10,11,12,19/01/2013
4212,5,9,10,20,25,18/01/2013
4211,2,4,11,17,20,17/01/2013
4210,4,7,15,21,26,16/01/2013
4209,3,4,6,17,26,15/01/2013
4208,6,10,16,17,19,14/01/2013
4207,3,5,7,10,13,13/01/2013
4206,3,6,14,17,22,12/01/2013
4205,4,10,12,14,22,11/01/2013
4204,3,4,9,14,27,10/01/2013
4203,5,11,14,16,25,09/01/2013
4202,3,4,5,16,19,08/01/2013
4201,4,10,11,17,18,07/01/2013
4200,6,20,24,25,28,06/01/2013
4199,2,5,9,10,20,05/01/2013
4198,1,11,16,19,20,04/01/2013
4197,10,14,18,22,27,03/01/2013
4196,5,7,10,22,27,02/01/2013
4195,2,14,19,23,27,01/01/2013
4194,4,8,10,16,23,31/12/2012
4193,9,11,12,24,28,30/12/2012
4192,8,10,13,15,25,29/12/2012
4191,1,3,11,14,23,28/12/2012
4190,2,3,4,13,24,27/12/2012
4189,9,10,17,24,26,26/12/2012
4188,13,16,19,21,26,25/12/2012
4187,6,10,13,20,21,24/12/2012
4186,1,2,7,14,17,23/12/2012
4185,14,16,21,22,25,22/12/2012
4184,5,12,16,20,25,21/12/2012
4183,1,10,13,15,25,20/12/2012
4182,7,18,24,25,28,19/12/2012
4181,1,15,21,23,28,18/12/2012
4180,5,9,16,24,28,17/12/2012
4179,5,14,25,27,28,16/12/2012
4178,1,10,11,17,22,15/12/2012
4177,3,16,17,21,26,14/12/2012
4176,4,7,12,22,23,13/12/2012
4175,3,4,11,24,25,12/12/2012
4174,4,7,14,16,26,11/12/2012
4173,1,7,10,11,25,10/12/2012
4172,8,15,17,25,27,09/12/2012
4171,7,13,15,19,27,08/12/2012
4170,2,9,17,21,28,07/12/2012
4169,5,22,24,27,28,06/12/2012
4168,3,5,8,23,26,05/12/2012
4167,3,4,20,22,25,04/12/2012
4166,12,16,17,18,24,03/12/2012
4165,1,3,12,14,20,02/12/2012
4164,10,11,12,20,27,01/12/2012
4163,7,18,19,21,25,30/11/2012
4162,8,14,16,20,21,29/11/2012
4161,2,5,6,10,26,28/11/2012
4160,1,2,10,22,26,27/11/2012
4159,3,4,10,24,28,26/11/2012
4158,4,9,14,16,21,25/11/2012
4157,10,18,20,23,26,24/11/2012
4156,8,9,21,23,27,23/11/2012
4155,1,2,8,13,28,22/11/2012
4154,7,10,19,24,27,21/11/2012
4153,2,5,7,25,26,20/11/2012
4152,1,2,18,23,26,19/11/2012
4151,3,10,15,18,19,18/11/2012
4150,7,10,17,22,25,17/11/2012
4149,4,8,14,20,24,16/11/2012
4148,5,9,12,20,27,15/11/2012
4147,2,3,19,22,28,14/11/2012
4146,10,11,13,23,28,13/11/2012
4145,2,9,21,26,28,12/11/2012
4144,1,10,22,25,26,11/11/2012
4143,2,3,9,18,19,10/11/2012
4142,4,7,11,22,24,09/11/2012
4141,5,15,18,22,25,08/11/2012
4140,4,18,19,23,24,07/11/2012
4139,2,18,19,26,28,06/11/2012
4138,2,5,7,8,21,05/11/2012
4137,6,8,13,20,23,04/11/2012
4136,1,9,13,14,17,03/11/2012
4135,3,11,14,15,17,02/11/2012
4134,5,6,7,11,13,01/11/2012
4133,9,14,22,27,28,31/10/2012
4132,4,5,10,13,20,30/10/2012
4131,2,14,15,24,28,29/10/2012
4130,6,16,19,24,27,28/10/2012
4129,3,4,8,18,26,27/10/2012
4128,14,15,17,23,27,26/10/2012
4127,4,6,13,24,28,25/10/2012
4126,6,16,23,24,28,24/10/2012
4125,1,6,18,19,21,23/10/2012
4124,1,9,10,23,25,22/10/2012
4123,2,3,16,22,27,21/10/2012
4122,3,11,12,19,20,20/10/2012
4121,2,20,22,23,25,19/10/2012
4120,2,4,17,18,20,18/10/2012
4119,3,5,6,14,26,17/10/2012
4118,6,8,11,16,21,16/10/2012
4117,2,9,11,24,27,15/10/2012
4116,2,7,10,20,25,14/10/2012
4115,2,4,9,14,26,13/10/2012
4114,3,4,14,16,17,12/10/2012
4113,4,10,12,20,22,11/10/2012
4112,10,11,13,19,23,10/10/2012
4111,9,10,13,15,20,09/10/2012
4110,1,4,5,7,13,08/10/2012
4109,3,7,14,24,26,07/10/2012
4108,12,16,17,21,24,06/10/2012
4107,1,8,15,20,23,05/10/2012
4106,5,7,11,16,17,04/10/2012
4105,18,21,22,26,27,03/10/2012
4104,2,3,10,27,28,02/10/2012
4103,7,19,21,22,26,01/10/2012
4102,1,13,14,16,21,30/09/2012
4101,2,7,11,13,24,29/09/2012
4100,5,7,8,15,28,28/09/2012
4099,9,10,22,23,25,27/09/2012
4098,5,6,9,16,23,26/09/2012
4097,8,10,19,21,26,25/09/2012
4096,7,9,13,15,18,24/09/2012
4095,4,6,10,16,25,23/09/2012
4094,4,5,11,18,19,22/09/2012
4093,1,8,12,22,28,21/09/2012
4092,1,7,12,18,19,20/09/2012
4091,1,7,20,26,28,19/09/2012
4090,1,5,13,19,26,18/09/2012
4089,7,10,13,14,28,17/09/2012
4088,4,14,17,25,27,16/09/2012
4087,2,8,10,20,21,15/09/2012
4086,13,14,22,24,27,14/09/2012
4085,10,12,20,21,28,13/09/2012
4084,2,9,26,27,28,12/09/2012
4083,1,3,11,17,20,11/09/2012
4082,6,7,8,21,26,10/09/2012
4081,1,8,15,17,23,09/09/2012
4080,2,12,21,25,26,08/09/2012
4079,6,10,14,16,20,07/09/2012
4078,2,3,10,14,21,06/09/2012
4077,2,5,17,19,28,05/09/2012
4076,2,19,20,25,27,04/09/2012
4075,3,4,15,16,23,03/09/2012
4074,1,15,24,27,28,02/09/2012
4073,9,15,22,24,26,01/09/2012
4072,2,4,13,24,25,31/08/2012
4071,1,10,15,18,26,30/08/2012
4070,4,7,11,14,20,29/08/2012
4069,1,6,10,13,16,28/08/2012
4068,1,2,3,8,18,27/08/2012
4067,2,5,7,15,22,26/08/2012
4066,6,9,10,24,25,25/08/2012
4065,6,9,11,23,25,24/08/2012
4064,4,14,15,16,19,23/08/2012
4063,2,9,11,25,27,22/08/2012
4062,1,6,14,15,16,21/08/2012
4061,9,19,20,27,28,20/08/2012
4060,11,13,22,27,28,19/08/2012
4059,3,4,7,14,20,18/08/2012
4058,6,7,15,17,19,17/08/2012
4057,7,10,12,18,20,16/08/2012
4056,6,8,13,15,23,15/08/2012
4055,5,10,11,12,27,14/08/2012
4054,9,10,18,19,21,13/08/2012
4053,6,7,12,13,16,12/08/2012
4052,2,7,13,15,23,11/08/2012
4051,2,4,8,10,19,10/08/2012
4050,1,10,11,21,27,09/08/2012
4049,10,12,13,19,24,08/08/2012
4048,3,4,5,14,24,07/08/2012
4047,1,2,6,10,24,06/08/2012
4046,5,8,12,20,25,05/08/2012
4045,7,10,13,26,27,04/08/2012
4044,1,2,13,14,15,03/08/2012
4043,3,4,5,8,23,02/08/2012
4042,1,5,20,24,25,01/08/2012
4041,2,21,23,26,27,31/07/2012
4040,3,8,9,16,23,30/07/2012
4039,1,8,12,15,19,29/07/2012
4038,1,6,9,13,16,28/07/2012
4037,3,14,18,24,28,27/07/2012
4036,8,13,16,17,27,26/07/2012
4035,2,4,14,19,23,25/07/2012
4034,2,3,7,18,21,24/07/2012
4033,1,2,3,21,27,23/07/2012
4032,1,4,7,14,24,22/07/2012
4031,13,16,19,25,28,21/07/2012
4030,1,14,17,18,22,20/07/2012
4029,7,10,20,26,27,19/07/2012
4028,3,6,7,17,27,18/07/2012
4027,2,6,12,15,18,17/07/2012
4026,3,6,10,19,21,16/07/2012
4025,3,4,11,15,18,15/07/2012
4024,8,17,18,21,23,14/07/2012
4023,18,22,23,24,28,13/07/2012
4022,3,4,17,24,28,12/07/2012
4021,7,9,10,13,28,11/07/2012
4020,3,17,18,19,26,10/07/2012
4019,2,4,18,27,28,09/07/2012
4018,1,3,15,24,27,08/07/2012
4017,2,11,13,14,21,07/07/2012
4016,2,3,9,10,17,06/07/2012
4015,3,7,8,12,25,05/07/2012
4014,9,14,17,20,24,04/07/2012
4013,12,13,14,19,20,03/07/2012
4012,1,4,16,17,25,02/07/2012
4011,3,6,10,16,27,01/07/2012
4010,3,9,10,14,16,30/06/2012
4009,2,18,25,26,27,29/06/2012
4008,5,9,15,16,17,28/06/2012
4007,7,14,16,18,26,27/06/2012
4006,4,18,21,23,26,26/06/2012
4005,6,8,18,20,28,25/06/2012
4004,3,7,12,15,24,24/06/2012
4003,14,19,22,23,27,23/06/2012
4002,7,16,18,25,27,22/06/2012
4001,4,8,11,20,24,21/06/2012
4000,1,2,24,27,28,20/06/2012
3999,4,7,8,10,17,19/06/2012
3998,3,4,8,18,25,18/06/2012
3997,2,7,10,14,15,17/06/2012
3996,3,4,6,19,20,16/06/2012
3995,2,4,7,19,21,15/06/2012
3994,1,9,14,15,16,14/06/2012
3993,11,12,14,25,28,13/06/2012
3992,5,6,8,17,25,12/06/2012
3991,1,3,6,24,27,11/06/2012
3990,4,9,10,21,23,10/06/2012
3989,3,4,10,12,14,09/06/2012
3988,2,7,14,23,24,08/06/2012
3987,3,9,12,23,25,07/06/2012
3986,1,9,20,21,24,06/06/2012
3985,1,6,11,13,28,05/06/2012
3984,3,6,15,20,22,04/06/2012
3983,1,6,7,23,26,03/06/2012
3982,7,12,19,20,21,02/06/2012
3981,3,10,16,18,20,01/06/2012
3980,8,10,12,22,26,31/05/2012
3979,8,16,20,22,27,30/05/2012
3978,3,5,6,8,27,29/05/2012
3977,11,13,19,22,23,28/05/2012
3976,13,14,17,20,24,27/05/2012
3975,2,9,11,13,25,26/05/2012
3974,17,19,20,24,25,25/05/2012
3973,14,16,18,22,24,24/05/2012
3972,4,14,23,26,27,23/05/2012
3971,7,15,17,22,26,22/05/2012
3970,1,13,14,23,27,21/05/2012
3969,7,8,16,23,25,20/05/2012
3968,4,5,7,10,18,19/05/2012
3967,21,22,24,25,26,18/05/2012
3966,6,8,17,24,25,17/05/2012
3965,2,6,11,16,17,16/05/2012
3964,1,11,17,23,27,15/05/2012
3963,4,8,9,17,23,14/05/2012
3962,1,10,15,20,22,13/05/2012
3961,10,15,18,19,23,12/05/2012
3960,6,10,19,21,22,11/05/2012
3959,1,6,11,14,22,10/05/2012
3958,9,16,18,27,28,09/05/2012
3957,3,5,13,25,27,08/05/2012
3956,5,11,13,17,24,07/05/2012
3955,7,10,20,24,27,06/05/2012
3954,2,5,12,14,28,05/05/2012
3953,13,18,22,27,28,04/05/2012
3952,16,19,20,21,27,03/05/2012
3951,1,17,18,19,26,02/05/2012
3950,2,10,19,22,25,01/05/2012
3949,13,15,20,25,26,30/04/2012
3948,3,12,22,25,27,29/04/2012
3947,14,15,17,22,23,28/04/2012
3946,3,4,12,19,21,27/04/2012
3945,7,8,18,19,22,26/04/2012
3944,9,14,21,22,27,25/04/2012
3943,1,2,9,10,22,24/04/2012
3942,7,9,18,23,28,23/04/2012
3941,3,4,7,18,24,22/04/2012
3940,2,16,18,23,28,21/04/2012
3939,1,4,9,18,27,20/04/2012
3938,8,10,15,25,26,19/04/2012
3937,5,11,25,26,28,18/04/2012
3936,3,12,14,16,27,17/04/2012
3935,14,19,20,23,27,16/04/2012
3934,3,10,18,19,22,15/04/2012
3933,7,10,12,13,15,14/04/2012
3932,2,4,6,7,21,13/04/2012
3931,1,7,18,19,24,12/04/2012
3930,1,5,6,8,23,11/04/2012
3929,1,4,6,13,14,10/04/2012
3928,3,8,15,19,24,09/04/2012
3927,12,19,22,24,25,08/04/2012
3926,2,10,17,19,27,07/04/2012
3925,10,11,13,22,26,06/04/2012
3924,3,15,18,19,23,05/04/2012
3923,1,3,16,21,26,04/04/2012
3922,2,3,7,21,24,03/04/2012
3921,11,12,19,23,25,02/04/2012
3920,1,2,3,19,20,01/04/2012
3919,2,17,19,20,25,31/03/2012
3918,3,11,18,20,24,30/03/2012
3917,6,7,8,13,28,29/03/2012
3916,9,10,20,24,25,28/03/2012
3915,7,15,18,20,23,27/03/2012
3914,2,3,8,13,18,26/03/2012
3913,1,2,11,14,23,25/03/2012
3912,17,20,21,24,25,24/03/2012
3911,2,13,22,24,26,23/03/2012
3910,10,11,12,17,23,22/03/2012
3909,13,18,21,23,25,21/03/2012
3908,5,10,11,15,22,20/03/2012
3907,2,4,16,24,28,19/03/2012
3906,4,8,10,25,28,18/03/2012
3905,4,5,13,14,19,17/03/2012
3904,4,6,11,16,27,16/03/2012
3903,3,11,12,21,27,15/03/2012
3902,15,16,17,20,25,14/03/2012
3901,2,9,12,22,26,13/03/2012
3900,7,11,12,15,16,12/03/2012
3899,2,3,11,21,25,11/03/2012
3898,5,10,11,13,27,10/03/2012
3897,5,9,18,21,23,09/03/2012
3896,6,8,11,19,27,08/03/2012
3895,1,17,18,19,21,07/03/2012
3894,6,15,18,19,21,06/03/2012
3893,2,4,7,14,27,05/03/2012
3892,3,5,12,13,28,04/03/2012
3891,1,2,11,15,22,03/03/2012
3890,10,20,23,27,28,02/03/2012
3889,7,14,21,26,27,01/03/2012
3888,2,3,9,14,26,29/02/2012
3887,15,22,26,27,28,28/02/2012
3886,2,5,10,12,25,27/02/2012
3885,9,17,23,27,28,26/02/2012
3884,8,10,12,14,20,25/02/2012
3883,8,18,20,21,27,24/02/2012
3882,4,8,9,16,27,23/02/2012
3881,7,10,19,24,26,22/02/2012
3880,5,8,15,24,27,21/02/2012
3879,3,11,15,24,27,20/02/2012
3878,7,10,13,16,21,19/02/2012
3877,2,6,7,10,17,18/02/2012
3876,3,7,8,19,23,17/02/2012
3875,6,19,20,27,28,16/02/2012
3874,6,7,8,20,21,15/02/2012
3873,5,9,17,18,27,14/02/2012
3872,1,7,9,14,25,13/02/2012
3871,3,5,13,25,26,12/02/2012
3870,15,18,20,21,26,11/02/2012
3869,5,8,11,23,25,10/02/2012
3868,9,11,20,22,25,09/02/2012
3867,5,9,21,22,23,08/02/2012
3866,6,9,18,20,27,07/02/2012
3865,1,5,20,21,25,06/02/2012
3864,6,18,20,25,27,05/02/2012
3863,8,15,17,18,23,04/02/2012
3862,3,5,6,10,20,03/02/2012
3861,3,4,11,12,18,02/02/2012
3860,4,5,14,20,26,01/02/2012
3859,2,8,9,10,28,31/01/2012
3858,10,11,12,13,28,30/01/2012
3857,4,5,10,21,27,29/01/2012
3856,4,7,9,15,16,28/01/2012
3855,15,16,18,20,23,27/01/2012
3854,6,14,15,17,18,26/01/2012
3853,1,3,9,17,18,25/01/2012
3852,3,12,15,23,27,24/01/2012
3851,10,16,21,22,28,23/01/2012
3850,8,11,17,19,22,22/01/2012
3849,4,8,12,18,22,21/01/2012
3848,2,8,9,24,28,20/01/2012
3847,2,3,8,13,22,19/01/2012
3846,6,8,13,21,25,18/01/2012
3845,7,10,17,20,28,17/01/2012
3844,6,14,17,20,23,16/01/2012
3843,9,15,16,24,26,15/01/2012
3842,6,8,9,19,22,14/01/2012
3841,8,21,22,25,28,13/01/2012
3840,1,5,6,13,20,12/01/2012
3839,1,5,7,8,25,11/01/2012
3838,4,6,10,19,22,10/01/2012
3837,7,9,14,22,27,09/01/2012
3836,8,12,17,24,28,08/01/2012
3835,3,10,13,16,25,07/01/2012
3834,7,11,19,21,28,06/01/2012
3833,4,7,9,17,21,05/01/2012
3832,4,6,9,12,18,04/01/2012
3831,4,6,17,22,23,03/01/2012
3830,6,14,26,27,28,02/01/2012
3829,4,16,17,23,26,01/01/2012
3828,6,7,21,22,27,31/12/2011
3827,2,3,5,7,23,30/12/2011
3826,1,10,13,20,24,29/12/2011
3825,6,10,17,23,27,28/12/2011
3824,5,6,11,23,26,27/12/2011
3823,6,8,11,25,26,26/12/2011
3822,5,8,15,22,23,25/12/2011
3821,4,14,16,18,27,24/12/2011
3820,3,14,19,21,23,23/12/2011
3819,9,13,21,24,27,22/12/2011
3818,2,11,17,20,25,21/12/2011
3817,2,7,23,24,28,20/12/2011
3816,3,12,14,16,22,19/12/2011
3815,3,5,16,17,28,18/12/2011
3814,6,7,11,14,22,17/12/2011
3813,6,9,13,18,22,16/12/2011
3812,9,14,17,19,23,15/12/2011
3811,3,9,11,16,19,14/12/2011
3810,8,11,14,23,25,13/12/2011
3809,4,10,12,25,27,12/12/2011
3808,3,16,17,18,23,11/12/2011
3807,5,8,9,12,17,10/12/2011
3806,5,13,18,21,22,09/12/2011
3805,2,5,12,23,26,08/12/2011
3804,2,5,10,22,25,07/12/2011
3803,5,8,10,18,28,06/12/2011
3802,8,14,15,20,22,05/12/2011
3801,4,7,18,24,27,04/12/2011
3800,7,14,15,16,21,03/12/2011
3799,3,6,11,13,16,02/12/2011
3798,6,12,22,23,28,01/12/2011
3797,1,3,5,6,25,30/11/2011
3796,2,10,11,24,27,29/11/2011
3795,1,9,16,17,22,28/11/2011
3794,3,13,20,21,23,27/11/2011
3793,5,9,13,15,18,26/11/2011
3792,12,13,17,19,26,25/11/2011
3791,10,19,21,26,28,24/11/2011
3790,2,6,12,16,18,23/11/2011
3789,3,9,13,20,24,22/11/2011
3788,4,5,6,17,19,21/11/2011
3787,10,17,19,24,28,20/11/2011
3786,3,4,5,19,21,19/11/2011
3785,6,9,10,11,13,18/11/2011
3784,4,10,17,22,26,17/11/2011
3783,7,13,19,25,27,16/11/2011
3782,5,13,19,23,26,15/11/2011
3781,1,6,8,10,13,14/11/2011
3780,3,10,12,16,23,13/11/2011
3779,5,8,12,18,23,12/11/2011
3778,1,4,9,12,20,11/11/2011
3777,1,2,6,10,13,10/11/2011
3776,8,9,10,19,25,09/11/2011
3775,6,19,20,24,27,08/11/2011
3774,3,8,13,21,24,07/11/2011
3773,14,15,23,24,25,06/11/2011
3772,3,5,7,12,24,05/11/2011
3771,9,16,18,19,24,04/11/2011
3770,8,10,15,16,28,03/11/2011
3769,1,10,19,20,23,02/11/2011
3768,6,10,22,25,28,01/11/2011
3767,10,17,18,22,27,31/10/2011
3766,5,16,20,23,27,30/10/2011
3765,1,8,13,14,22,29/10/2011
3764,3,11,21,25,28,28/10/2011
3763,10,13,15,20,25,27/10/2011
3762,4,6,9,19,24,26/10/2011
3761,7,12,17,25,26,25/10/2011
3760,11,20,23,25,26,24/10/2011
3759,8,12,21,25,26,23/10/2011
3758,11,12,15,21,24,22/10/2011
3757,7,11,16,18,28,21/10/2011
3756,13,18,20,26,28,20/10/2011
3755,6,7,15,23,27,19/10/2011
3754,2,3,11,26,27,18/10/2011
3753,1,6,10,23,26,17/10/2011
3752,3,6,11,15,17,16/10/2011
3751,6,7,15,17,27,15/10/2011
3750,1,2,13,21,24,14/10/2011
3749,5,6,14,21,23,13/10/2011
3748,3,8,9,18,27,12/10/2011
3747,4,6,7,9,16,11/10/2011
3746,2,7,16,26,27,10/10/2011
3745,2,4,8,14,23,09/10/2011
3744,4,6,14,16,23,08/10/2011
3743,8,12,24,25,27,07/10/2011
3742,2,7,12,14,21,06/10/2011
3741,7,14,17,25,28,05/10/2011
3740,1,8,14,15,20,04/10/2011
3739,8,15,18,21,27,03/10/2011
3738,5,9,14,16,20,02/10/2011
3737,9,17,23,24,25,01/10/2011
3736,1,5,17,18,28,30/09/2011
3735,6,7,13,19,23,29/09/2011
3734,11,16,22,25,26,28/09/2011
3733,2,13,15,18,27,27/09/2011
3732,7,12,19,24,25,26/09/2011
3731,6,9,18,20,26,25/09/2011
3730,2,8,12,16,27,24/09/2011
3729,1,7,15,23,28,23/09/2011
3728,5,14,18,25,28,22/09/2011
3727,2,10,18,24,28,21/09/2011
3726,3,6,8,21,24,20/09/2011
3725,7,9,16,20,27,19/09/2011
3724,3,11,14,16,26,18/09/2011
3723,7,11,14,23,24,17/09/2011
3722,6,11,23,25,26,16/09/2011
3721,4,10,13,14,19,15/09/2011
3720,9,10,13,14,27,14/09/2011
3719,2,4,13,14,20,13/09/2011
3718,1,5,8,11,21,12/09/2011
3717,9,10,16,20,26,11/09/2011
3716,1,13,22,24,27,10/09/2011
3715,1,6,8,9,14,09/09/2011
3714,6,9,14,15,21,08/09/2011
3713,5,13,19,21,24,07/09/2011
3712,5,6,8,12,17,06/09/2011
3711,1,7,10,21,27,05/09/2011
3710,16,18,19,23,28,04/09/2011
3709,9,17,20,27,28,03/09/2011
3708,1,5,8,12,24,02/09/2011
3707,13,18,22,24,26,01/09/2011
3706,3,5,17,19,25,31/08/2011
3705,3,7,16,20,22,30/08/2011
3704,8,16,17,24,28,29/08/2011
3703,3,5,6,18,24,28/08/2011
3702,1,2,16,25,26,27/08/2011
3701,3,13,21,25,26,26/08/2011
3700,16,17,18,21,25,25/08/2011
3699,1,10,21,22,26,24/08/2011
3698,4,9,11,16,19,23/08/2011
3697,4,14,17,21,27,22/08/2011
3696,1,2,18,20,21,21/08/2011
3695,3,4,10,24,26,20/08/2011
3694,1,2,17,18,19,19/08/2011
3693,7,9,11,12,13,18/08/2011
3692,6,8,9,12,22,17/08/2011
3691,7,13,18,23,28,16/08/2011
3690,12,16,20,21,26,15/08/2011
3689,1,4,7,10,17,14/08/2011
3688,2,8,15,19,27,13/08/2011
3687,3,4,11,22,27,12/08/2011
3686,4,15,18,19,26,11/08/2011
3685,7,9,12,23,26,10/08/2011
3684,11,14,20,25,27,09/08/2011
3683,4,6,9,14,22,08/08/2011
3682,5,9,18,24,25,07/08/2011
3681,4,12,14,15,21,06/08/2011
3680,6,11,14,15,24,05/08/2011
3679,3,13,25,27,28,04/08/2011
3678,1,5,10,16,20,03/08/2011
3677,1,10,18,20,26,02/08/2011
3676,6,17,23,24,27,01/08/2011
3675,4,5,14,22,25,31/07/2011
3674,2,8,20,23,24,30/07/2011
3673,3,7,9,11,13,29/07/2011
3672,1,7,8,14,21,28/07/2011
3671,7,17,22,25,26,27/07/2011
3670,2,6,7,11,14,26/07/2011
3669,7,11,19,21,27,25/07/2011
3668,10,16,17,21,25,24/07/2011
3667,4,6,13,18,24,23/07/2011
3666,3,16,22,23,28,22/07/2011
3665,6,14,19,24,27,21/07/2011
3664,2,5,10,16,20,20/07/2011
3663,1,8,15,18,22,19/07/2011
3662,1,7,10,24,27,18/07/2011
3661,12,15,19,25,28,17/07/2011
3660,9,11,16,17,19,16/07/2011
3659,13,14,18,20,24,15/07/2011
3658,2,12,19,25,27,14/07/2011
3657,2,5,17,20,27,13/07/2011
3656,4,10,22,24,27,12/07/2011
3655,7,9,15,18,28,11/07/2011
3654,5,6,11,15,20,10/07/2011
3653,1,2,10,23,28,09/07/2011
3652,9,13,22,24,25,08/07/2011
3651,1,12,15,19,23,07/07/2011
3650,3,4,14,24,25,06/07/2011
3649,3,7,14,25,26,05/07/2011
3648,4,17,21,23,26,04/07/2011
3647,4,13,17,18,21,03/07/2011
3646,6,11,16,18,19,02/07/2011
3645,1,8,11,14,18,01/07/2011
3644,2,6,18,20,24,30/06/2011
3643,9,13,15,18,25,29/06/2011
3642,14,20,23,24,28,28/06/2011
3641,3,6,9,10,28,27/06/2011
3640,7,13,23,25,26,26/06/2011
3639,2,9,13,15,28,25/06/2011
3638,3,6,15,16,26,24/06/2011
3637,2,10,15,21,26,23/06/2011
3636,5,11,20,21,23,22/06/2011
3635,3,17,22,23,24,21/06/2011
3634,6,14,20,25,26,20/06/2011
3633,2,14,18,24,25,19/06/2011
3632,12,13,16,25,28,18/06/2011
3631,12,15,17,18,22,17/06/2011
3630,13,19,20,24,27,16/06/2011
3629,3,4,20,21,25,15/06/2011
3628,1,2,6,8,24,14/06/2011
3627,2,4,6,22,24,13/06/2011
3626,3,10,11,19,23,12/06/2011
3625,4,6,7,9,19,11/06/2011
3624,3,10,13,19,22,10/06/2011
3623,4,12,13,19,21,09/06/2011
3622,1,3,8,12,24,08/06/2011
3621,1,2,9,22,24,07/06/2011
3620,3,12,13,19,23,06/06/2011
3619,6,10,12,14,24,05/06/2011
3618,2,4,6,10,13,04/06/2011
3617,2,5,9,14,18,03/06/2011
3616,8,13,14,20,22,02/06/2011
3615,3,12,14,16,25,01/06/2011
3614,11,12,17,18,24,31/05/2011
3613,4,6,15,18,27,30/05/2011
3612,6,12,13,23,26,29/05/2011
3611,1,2,3,9,10,28/05/2011
3610,1,6,8,16,24,27/05/2011
3609,2,14,17,21,26,26/05/2011
3608,4,7,16,18,23,25/05/2011
3607,3,7,9,10,22,24/05/2011
3606,4,11,17,22,24,23/05/2011
3605,12,18,20,25,27,22/05/2011
3604,6,16,17,20,23,21/05/2011
3603,5,9,13,19,20,20/05/2011
3602,9,15,17,21,24,19/05/2011
3601,3,4,12,17,22,18/05/2011
3600,2,4,7,8,21,17/05/2011
3599,1,3,12,16,17,16/05/2011
3598,1,3,7,8,14,15/05/2011
3597,3,4,5,9,20,14/05/2011
3596,3,6,15,16,22,13/05/2011
3595,1,7,9,13,25,12/05/2011
3594,7,9,10,12,17,11/05/2011
3593,1,17,19,27,28,10/05/2011
3592,9,17,20,24,27,09/05/2011
3591,3,4,13,17,26,08/05/2011
3590,2,7,13,15,19,07/05/2011
3589,1,9,10,13,14,06/05/2011
3588,4,15,19,22,25,05/05/2011
3587,4,5,7,14,23,04/05/2011
3586,10,11,12,17,28,03/05/2011
3585,9,17,18,23,27,02/05/2011
3584,9,13,22,26,28,01/05/2011
3583,6,18,20,24,28,30/04/2011
3582,6,8,9,22,27,29/04/2011
3581,11,13,15,23,27,28/04/2011
3580,9,10,14,19,23,27/04/2011
3579,15,20,23,26,27,26/04/2011
3578,2,13,19,24,27,25/04/2011
3577,5,10,15,17,18,24/04/2011
3576,4,8,10,21,22,23/04/2011
3575,1,13,18,22,23,22/04/2011
3574,1,10,18,21,25,21/04/2011
3573,4,8,12,18,26,20/04/2011
3572,5,6,11,12,22,19/04/2011
3571,2,3,19,23,27,18/04/2011
3570,5,7,17,20,24,17/04/2011
3569,1,7,13,14,17,16/04/2011
3568,3,8,16,26,27,15/04/2011
3567,1,7,22,26,27,14/04/2011
3566,4,14,16,21,28,13/04/2011
3565,3,4,20,21,27,12/04/2011
3564,15,16,18,27,28,11/04/2011
3563,6,8,13,15,24,10/04/2011
3562,7,14,16,22,25,09/04/2011
3561,10,13,16,21,28,08/04/2011
3560,2,6,14,17,28,07/04/2011
3559,2,3,7,11,26,06/04/2011
3558,1,3,6,13,20,05/04/2011
3557,8,9,19,20,22,04/04/2011
3556,1,4,14,21,24,03/04/2011
3555,10,19,26,27,28,02/04/2011
3554,6,14,15,17,25,01/04/2011
3553,7,15,16,23,25,31/03/2011
3552,3,6,8,21,28,30/03/2011
3551,1,3,8,13,26,29/03/2011
3550,2,5,8,15,26,28/03/2011
3549,9,11,15,18,21,27/03/2011
3548,3,5,9,21,28,26/03/2011
3547,1,5,10,12,15,25/03/2011
3546,1,3,4,16,20,24/03/2011
3545,13,16,17,18,28,23/03/2011
3544,7,9,13,15,22,22/03/2011
3543,1,3,5,7,16,21/03/2011
3542,11,14,17,22,23,20/03/2011
3541,16,18,20,22,25,19/03/2011
3540,6,8,12,14,21,18/03/2011
3539,3,7,19,22,24,17/03/2011
3538,3,7,19,26,27,16/03/2011
3537,2,9,11,21,22,15/03/2011
3536,1,2,5,7,28,14/03/2011
3535,6,8,15,26,28,13/03/2011
3534,3,4,12,19,20,12/03/2011
3533,2,8,9,23,25,11/03/2011
3532,5,6,9,17,18,10/03/2011
3531,13,15,21,25,27,09/03/2011
3530,5,8,11,13,25,08/03/2011
3529,3,7,10,11,21,07/03/2011
3528,12,14,19,23,25,06/03/2011
3527,7,9,12,27,28,05/03/2011
3526,6,8,14,21,22,04/03/2011
3525,8,10,24,25,26,03/03/2011
3524,3,6,8,12,21,02/03/2011
3523,8,18,22,25,26,01/03/2011
3522,4,8,9,13,26,28/02/2011
3521,1,5,15,17,23,27/02/2011
3520,1,10,17,21,27,26/02/2011
3519,8,17,18,19,26,25/02/2011
3518,5,6,12,13,28,24/02/2011
3517,5,14,16,26,28,23/02/2011
3516,6,10,17,19,27,22/02/2011
3515,2,15,18,19,20,21/02/2011
3514,2,4,5,14,20,20/02/2011
3513,2,11,19,20,28,19/02/2011
3512,1,4,19,23,28,18/02/2011
3511,8,9,15,19,24,17/02/2011
3510,3,10,22,24,28,16/02/2011
3509,1,3,7,20,21,15/02/2011
3508,4,6,13,22,23,14/02/2011
3507,5,13,19,21,27,13/02/2011
3506,7,15,24,26,27,12/02/2011
3505,11,17,21,27,28,11/02/2011
3504,7,9,18,20,22,10/02/2011
3503,3,6,20,23,27,09/02/2011
3502,1,7,15,21,28,08/02/2011
3501,2,9,22,25,28,07/02/2011
3500,1,16,19,20,26,06/02/2011
3499,3,9,23,25,27,05/02/2011
3498,12,17,21,25,28,04/02/2011
3497,2,5,7,13,18,03/02/2011
3496,5,7,13,24,25,02/02/2011
3495,1,4,10,18,22,01/02/2011
3494,9,14,15,23,28,31/01/2011
3493,4,10,15,18,19,30/01/2011
3492,1,13,18,19,25,29/01/2011
3491,2,6,8,19,22,28/01/2011
3490,2,9,10,14,24,27/01/2011
3489,2,6,14,20,28,26/01/2011
3488,2,4,17,24,26,25/01/2011
3487,2,5,6,15,22,24/01/2011
3486,3,4,19,21,23,23/01/2011
3485,2,4,5,21,26,22/01/2011
3484,5,16,22,24,26,21/01/2011
3483,1,9,13,19,23,20/01/2011
3482,1,5,8,12,13,19/01/2011
3481,12,13,15,21,24,18/01/2011
3480,1,6,7,17,28,17/01/2011
3479,12,13,15,17,23,16/01/2011
3478,1,6,21,22,27,15/01/2011
3477,5,8,12,19,25,14/01/2011
3476,12,13,17,21,24,13/01/2011
3475,1,3,8,18,21,12/01/2011
3474,2,5,17,21,24,11/01/2011
3473,6,7,24,26,27,10/01/2011
3472,6,11,16,23,28,09/01/2011
3471,4,5,10,19,20,08/01/2011
3470,4,5,6,27,28,07/01/2011
3469,8,16,25,26,27,06/01/2011
3468,8,12,15,17,24,05/01/2011
3467,2,15,21,22,26,04/01/2011
3466,3,5,7,24,28,03/01/2011
3465,4,17,19,21,25,02/01/2011
3464,16,20,24,26,28,01/01/2011
3463,4,7,13,14,15,31/12/2010
3462,4,7,21,22,24,30/12/2010
3461,9,10,17,20,26,29/12/2010
3460,2,3,16,24,26,28/12/2010
3459,1,8,9,20,25,27/12/2010
3458,4,5,6,11,19,26/12/2010
3457,1,10,15,21,22,25/12/2010
3456,7,12,17,23,27,24/12/2010
3455,3,6,10,19,24,23/12/2010
3454,3,9,18,22,25,22/12/2010
3453,3,11,16,18,22,21/12/2010
3452,1,5,12,17,28,20/12/2010
3451,4,5,9,23,26,19/12/2010
3450,1,2,11,20,28,18/12/2010
3449,1,9,17,20,24,17/12/2010
3448,4,9,20,21,26,16/12/2010
3447,3,6,9,10,11,15/12/2010
3446,11,12,16,19,25,14/12/2010
3445,6,7,11,19,22,13/12/2010
3444,2,9,17,25,28,12/12/2010
3443,13,15,17,18,21,11/12/2010
3442,1,7,8,16,18,10/12/2010
3441,6,8,14,19,28,09/12/2010
3440,8,14,16,21,25,08/12/2010
3439,8,13,21,23,25,07/12/2010
3438,2,6,12,16,22,06/12/2010
3437,4,6,16,19,20,05/12/2010
3436,16,17,19,22,27,04/12/2010
3435,3,4,12,18,23,03/12/2010
3434,6,17,20,21,25,02/12/2010
3433,4,7,10,17,25,01/12/2010
3432,8,11,12,18,20,30/11/2010
3431,19,20,24,25,28,29/11/2010
3430,1,2,19,22,24,28/11/2010
3429,1,4,9,12,27,27/11/2010
3428,11,13,17,23,28,26/11/2010
3427,5,7,13,23,24,25/11/2010
3426,5,14,18,21,26,24/11/2010
3425,4,5,11,13,22,23/11/2010
3424,7,8,15,19,23,22/11/2010
3423,8,9,16,25,26,21/11/2010
3422,6,11,14,16,19,20/11/2010
3421,2,4,23,24,28,19/11/2010
3420,10,16,20,21,28,18/11/2010
3419,1,12,15,26,27,17/11/2010
3418,2,5,12,14,27,16/11/2010
3417,7,13,20,22,24,15/11/2010
3416,4,17,18,20,27,14/11/2010
3415,1,4,8,18,21,13/11/2010
3414,5,7,12,17,22,12/11/2010
3413,12,13,19,20,26,11/11/2010
3412,3,4,10,12,25,10/11/2010
3411,9,10,12,25,28,09/11/2010
3410,1,12,15,18,27,08/11/2010
3409,3,8,9,12,22,07/11/2010
3408,9,10,14,18,22,06/11/2010
3407,18,22,23,25,28,05/11/2010
3406,5,18,23,24,25,04/11/2010
3405,9,11,16,23,25,03/11/2010
3404,4,9,10,11,14,02/11/2010
3403,3,5,9,21,26,01/11/2010
3402,5,6,12,21,28,31/10/2010
3401,1,7,22,23,26,30/10/2010
3400,13,15,20,24,26,29/10/2010
3399,3,5,12,17,22,28/10/2010
3398,4,11,19,24,28,27/10/2010
3397,2,4,6,10,24,26/10/2010
3396,2,4,14,25,28,25/10/2010
3395,12,15,16,23,26,24/10/2010
3394,3,14,20,22,23,23/10/2010
3393,12,16,22,23,28,22/10/2010
3392,13,19,20,21,24,21/10/2010
3391,3,6,11,15,22,20/10/2010
3390,1,2,10,23,24,19/10/2010
3389,11,15,21,24,28,18/10/2010
3388,8,13,16,18,22,17/10/2010
3387,1,10,21,23,28,16/10/2010
3386,7,12,13,24,27,15/10/2010
3385,1,13,19,20,26,14/10/2010
3384,4,9,12,14,16,13/10/2010
3383,2,10,13,19,28,12/10/2010
3382,4,7,8,13,23,11/10/2010
3381,10,11,14,19,21,10/10/2010
3380,1,16,19,25,28,09/10/2010
3379,7,10,13,16,26,08/10/2010
3378,11,18,20,21,28,07/10/2010
3377,7,10,16,25,27,06/10/2010
3376,11,16,25,26,27,05/10/2010
3375,8,15,16,18,26,04/10/2010
3374,4,8,9,16,28,03/10/2010
3373,7,9,16,20,24,02/10/2010
3372,4,7,10,19,28,01/10/2010
3371,10,13,18,20,25,30/09/2010
3370,4,9,15,16,19,29/09/2010
3369,5,6,13,17,18,28/09/2010
3368,10,12,23,24,25,27/09/2010
3367,7,8,14,18,26,26/09/2010
3366,2,7,10,16,28,25/09/2010
3365,4,5,6,17,27,24/09/2010
3364,8,14,16,25,28,23/09/2010
3363,1,2,14,15,23,22/09/2010
3362,13,15,18,20,21,21/09/2010
3361,2,10,14,23,26,20/09/2010
3360,1,4,7,14,27,19/09/2010
3359,8,11,17,18,20,18/09/2010
3358,2,5,8,20,25,17/09/2010
3357,10,13,15,24,26,16/09/2010
3356,2,13,15,18,22,15/09/2010
3355,3,6,11,17,24,14/09/2010
3354,6,13,15,21,25,13/09/2010
3353,13,16,19,20,25,12/09/2010
3352,9,15,16,18,23,11/09/2010
3351,8,12,19,20,26,10/09/2010
3350,6,14,15,17,27,09/09/2010
3349,5,11,12,17,27,08/09/2010
3348,2,8,10,13,19,07/09/2010
3347,1,12,25,27,28,06/09/2010
3346,7,8,16,20,22,05/09/2010
3345,6,14,16,27,28,04/09/2010
3344,4,8,10,19,20,03/09/2010
3343,3,7,10,11,27,02/09/2010
3342,7,9,15,17,26,01/09/2010
3341,9,11,14,15,26,31/08/2010
3340,7,10,18,19,21,30/08/2010
3339,1,7,8,11,26,29/08/2010
3338,3,6,17,19,27,28/08/2010
3337,1,8,14,17,23,27/08/2010
3336,2,18,19,24,27,26/08/2010
3335,17,21,23,25,26,25/08/2010
3334,6,10,18,22,26,24/08/2010
3333,4,6,20,24,26,23/08/2010
3332,2,4,10,12,22,22/08/2010
3331,10,14,17,20,21,21/08/2010
3330,1,11,12,18,26,20/08/2010
3329,2,12,15,21,26,19/08/2010
3328,5,6,9,20,21,18/08/2010
3327,1,9,12,13,26,17/08/2010
3326,2,4,12,14,20,16/08/2010
3325,1,11,18,20,23,15/08/2010
3324,3,11,13,18,19,14/08/2010
3323,1,4,6,13,23,13/08/2010
3322,1,5,16,24,25,12/08/2010
3321,1,16,17,18,19,11/08/2010
3320,14,17,23,24,27,10/08/2010
3319,2,12,18,25,27,09/08/2010
3318,4,9,19,23,28,08/08/2010
3317,2,9,14,21,25,07/08/2010
3316,4,6,15,18,27,06/08/2010
3315,6,8,20,27,28,05/08/2010
3314,5,7,18,20,25,04/08/2010
3313,2,6,13,14,21,03/08/2010
3312,12,16,20,22,27,02/08/2010
3311,5,10,16,21,22,01/08/2010
3310,4,5,14,17,21,31/07/2010
3309,4,8,9,11,15,30/07/2010
3308,6,14,17,20,27,29/07/2010
3307,2,8,15,23,28,28/07/2010
3306,2,3,23,24,27,27/07/2010
3305,6,8,11,14,26,26/07/2010
3304,5,6,15,21,24,25/07/2010
3303,1,12,16,18,19,24/07/2010
3302,5,15,17,19,23,23/07/2010
3301,7,11,18,21,22,22/07/2010
3300,5,7,15,18,28,21/07/2010
3299,5,13,18,20,28,20/07/2010
3298,4,6,8,11,18,19/07/2010
3297,3,12,14,18,19,18/07/2010
3296,8,12,14,19,26,17/07/2010
3295,6,10,15,18,26,16/07/2010
3294,1,2,16,20,23,15/07/2010
3293,4,9,15,19,21,14/07/2010
3292,7,11,12,14,28,13/07/2010
3291,4,7,16,18,19,12/07/2010
3290,3,5,10,25,26,11/07/2010
3289,8,15,21,23,24,10/07/2010
3288,7,11,17,20,26,09/07/2010
3287,2,3,6,10,23,08/07/2010
3286,4,6,12,13,28,07/07/2010
3285,3,9,17,20,27,06/07/2010
3284,1,6,7,18,22,05/07/2010
3283,2,10,18,24,27,04/07/2010
3282,3,14,17,26,28,03/07/2010
3281,12,15,16,22,24,02/07/2010
3280,2,5,15,20,21,01/07/2010
3279,12,15,17,18,23,30/06/2010
3278,2,3,6,7,22,29/06/2010
3277,5,10,11,19,23,28/06/2010
3276,1,3,10,12,13,27/06/2010
3275,13,15,17,23,27,26/06/2010
3274,1,7,11,25,28,25/06/2010
3273,4,7,9,19,25,24/06/2010
3272,1,7,22,26,27,23/06/2010
3271,3,10,11,25,27,22/06/2010
3270,7,8,10,11,27,21/06/2010
3269,7,13,17,19,25,20/06/2010
3268,9,18,22,26,28,19/06/2010
3267,4,10,12,15,22,18/06/2010
3266,3,6,12,15,19,17/06/2010
3265,2,4,7,15,25,16/06/2010
3264,2,7,11,22,26,15/06/2010
3263,3,5,9,13,27,14/06/2010
3262,2,16,19,20,24,13/06/2010
3261,2,7,9,15,17,12/06/2010
3260,4,10,19,21,23,11/06/2010
3259,8,12,19,23,28,10/06/2010
3258,7,17,20,21,23,09/06/2010
3257,9,11,16,18,21,08/06/2010
3256,3,11,19,24,27,07/06/2010
3255,4,7,16,26,27,06/06/2010
3254,2,16,18,26,28,05/06/2010
3253,11,15,16,17,25,04/06/2010
3252,1,4,11,13,19,03/06/2010
3251,2,13,15,22,28,02/06/2010
3250,5,8,19,21,23,01/06/2010
3249,3,11,14,16,27,31/05/2010
3248,5,6,12,24,28,30/05/2010
3247,6,10,11,18,19,29/05/2010
3246,7,12,22,24,28,28/05/2010
3245,1,8,22,26,28,27/05/2010
3244,1,5,6,21,23,26/05/2010
3243,10,13,16,24,25,25/05/2010
3242,1,6,23,24,25,24/05/2010
3241,10,15,16,19,21,23/05/2010
3240,4,12,14,17,28,22/05/2010
3239,1,11,17,18,28,21/05/2010
3238,1,3,17,19,21,20/05/2010
3237,13,15,17,24,26,19/05/2010
3236,9,20,22,25,26,18/05/2010
3235,1,2,3,8,23,17/05/2010
3234,8,16,22,23,26,16/05/2010
3233,1,8,13,17,18,15/05/2010
3232,10,11,16,17,18,14/05/2010
3231,4,18,24,27,28,13/05/2010
3230,1,6,10,21,22,12/05/2010
3229,10,14,19,26,28,11/05/2010
3228,1,7,8,19,25,10/05/2010
3227,1,4,16,23,24,09/05/2010
3226,7,15,21,22,28,08/05/2010
3225,5,6,24,26,27,07/05/2010
3224,1,3,4,19,22,06/05/2010
3223,9,14,17,24,27,05/05/2010
3222,4,6,20,26,27,04/05/2010
3221,5,8,12,24,26,03/05/2010
3220,4,9,11,15,19,02/05/2010
3219,8,11,19,21,25,01/05/2010
3218,12,14,18,19,27,30/04/2010
3217,10,12,18,25,26,29/04/2010
3216,14,15,18,22,24,28/04/2010
3215,7,14,16,21,24,27/04/2010
3214,1,12,17,27,28,26/04/2010
3213,3,9,18,19,27,25/04/2010
3212,1,9,10,19,27,24/04/2010
3211,7,14,15,25,26,23/04/2010
3210,12,14,17,20,25,22/04/2010
3209,8,9,22,23,24,21/04/2010
3208,4,9,16,20,21,20/04/2010
3207,6,13,17,21,28,19/04/2010
3206,2,3,8,16,25,18/04/2010
3205,13,21,23,25,27,17/04/2010
3204,5,7,11,13,28,16/04/2010
3203,3,8,18,20,26,15/04/2010
3202,12,17,19,25,28,14/04/2010
3201,2,10,14,21,25,13/04/2010
3200,5,6,13,15,18,12/04/2010
3199,1,6,9,22,28,11/04/2010
3198,11,18,19,23,27,10/04/2010
3197,6,7,17,20,28,09/04/2010
3196,6,7,11,16,22,08/04/2010
3195,3,5,14,18,26,07/04/2010
3194,1,13,18,22,24,06/04/2010
3193,3,5,14,20,22,05/04/2010
3192,14,15,17,21,26,04/04/2010
3191,3,12,18,23,28,03/04/2010
3190,9,10,15,24,27,02/04/2010
3189,3,9,10,12,22,01/04/2010
3188,5,6,15,24,28,31/03/2010
3187,13,18,20,22,24,30/03/2010
3186,3,7,13,18,21,29/03/2010
3185,3,10,13,14,20,28/03/2010
3184,2,12,16,19,24,27/03/2010
3183,5,14,16,24,28,26/03/2010
3182,9,10,21,27,28,25/03/2010
3181,9,12,14,25,28,24/03/2010
3180,3,8,16,23,26,23/03/2010
3179,4,8,12,13,17,22/03/2010
3178,3,5,9,16,21,21/03/2010
3177,6,7,11,17,22,20/03/2010
3176,7,16,19,20,28,19/03/2010
3175,1,7,16,23,27,18/03/2010
3174,1,6,11,14,20,17/03/2010
3173,3,11,22,25,27,16/03/2010
3172,4,15,16,21,25,15/03/2010
3171,4,12,16,23,25,14/03/2010
3170,1,3,16,23,25,13/03/2010
3169,3,5,11,20,22,12/03/2010
3168,2,10,12,21,24,11/03/2010
3167,6,10,21,25,26,10/03/2010
3166,4,19,20,25,26,09/03/2010
3165,8,10,15,16,28,08/03/2010
3164,7,8,14,17,27,07/03/2010
3163,5,7,9,13,17,06/03/2010
3162,4,8,15,17,20,05/03/2010
3161,2,10,14,18,27,04/03/2010
3160,3,4,12,19,27,03/03/2010
3159,2,6,8,10,11,02/03/2010
3158,4,9,10,22,28,01/03/2010
3157,12,13,23,25,28,28/02/2010
3156,5,16,18,19,23,27/02/2010
3155,3,4,7,19,24,26/02/2010
3154,1,6,11,12,19,25/02/2010
3153,4,6,16,17,19,24/02/2010
3152,7,8,12,13,18,23/02/2010
3151,4,16,17,23,25,22/02/2010
3150,10,18,19,26,27,21/02/2010
3149,5,6,9,12,23,20/02/2010
3148,5,6,15,19,27,19/02/2010
3147,7,10,16,17,24,18/02/2010
3146,5,10,11,13,19,17/02/2010
3145,3,7,15,24,28,16/02/2010
3144,1,4,12,13,20,15/02/2010
3143,1,13,15,18,22,14/02/2010
3142,1,7,13,15,21,13/02/2010
3141,3,7,15,21,26,12/02/2010
3140,13,14,16,20,25,11/02/2010
3139,1,6,9,16,27,10/02/2010
3138,8,15,22,23,26,09/02/2010
3137,4,6,10,15,25,08/02/2010
3136,1,9,18,20,24,07/02/2010
3135,7,11,12,18,27,06/02/2010
3134,1,2,7,15,23,05/02/2010
3133,4,5,8,16,20,04/02/2010
3132,1,6,19,20,28,03/02/2010
3131,3,4,17,19,22,02/02/2010
3130,5,10,12,21,28,01/02/2010
3129,5,10,18,20,28,31/01/2010
3128,9,11,15,22,26,30/01/2010
3127,6,9,19,21,24,29/01/2010
3126,2,6,9,13,17,28/01/2010
3125,5,6,8,13,17,27/01/2010
3124,3,11,13,21,24,26/01/2010
3123,1,4,7,8,22,25/01/2010
3122,5,11,16,24,26,24/01/2010
3121,2,3,13,19,27,23/01/2010
3120,9,19,23,25,27,22/01/2010
3119,1,2,18,23,27,21/01/2010
3118,2,6,13,21,27,20/01/2010
3117,8,9,14,22,24,19/01/2010
3116,4,17,20,23,24,18/01/2010
3115,4,5,6,13,24,17/01/2010
3114,3,17,24,25,27,16/01/2010
3113,2,8,12,15,21,15/01/2010
3112,8,12,16,19,26,14/01/2010
3111,1,2,11,12,24,13/01/2010
3110,15,16,19,26,27,12/01/2010
3109,6,13,18,19,22,11/01/2010
3108,3,5,17,20,27,10/01/2010
3107,2,8,12,20,21,09/01/2010
3106,8,10,15,18,27,08/01/2010
3105,9,19,20,23,26,07/01/2010
3104,6,10,17,26,27,06/01/2010
3103,12,17,19,23,27,05/01/2010
3102,2,8,9,17,21,04/01/2010
3101,5,8,20,26,27,03/01/2010
3100,3,5,11,16,26,02/01/2010
3099,5,7,10,18,27,01/01/2010
3098,2,11,12,16,26,31/12/2009
3097,1,3,9,11,25,30/12/2009
3096,9,16,19,20,22,29/12/2009
3095,14,16,22,24,26,28/12/2009
3094,7,17,18,19,28,27/12/2009
3093,3,4,13,22,24,26/12/2009
3092,3,12,18,19,24,25/12/2009
3091,13,15,16,19,20,24/12/2009
3090,9,11,19,22,24,23/12/2009
3089,9,11,13,18,20,22/12/2009
3088,11,17,19,20,22,21/12/2009
3087,9,13,17,22,25,20/12/2009
3086,8,10,14,26,27,19/12/2009
3085,3,9,13,18,20,18/12/2009
3084,1,5,12,13,23,17/12/2009
3083,2,15,19,22,26,16/12/2009
3082,9,14,16,24,28,15/12/2009
3081,1,6,15,22,26,14/12/2009
3080,2,6,15,19,21,13/12/2009
3079,6,8,13,20,26,12/12/2009
3078,3,5,16,19,25,11/12/2009
3077,3,4,13,22,25,10/12/2009
3076,9,10,11,17,19,09/12/2009
3075,7,8,12,14,20,08/12/2009
3074,1,6,16,23,27,07/12/2009
3073,7,11,17,20,25,06/12/2009
3072,2,7,13,24,26,05/12/2009
3071,3,5,6,10,18,04/12/2009
3070,1,9,16,19,21,03/12/2009
3069,4,9,10,11,27,02/12/2009
3068,12,16,21,23,24,01/12/2009
3067,8,17,20,21,25,30/11/2009
3066,1,2,6,12,22,29/11/2009
3065,5,7,19,21,23,28/11/2009
3064,2,12,18,22,23,27/11/2009
3063,3,11,15,21,24,26/11/2009
3062,2,8,22,23,26,25/11/2009
3061,1,7,8,9,23,24/11/2009
3060,4,10,17,19,27,23/11/2009
3059,8,11,14,16,21,22/11/2009
3058,7,11,18,25,28,21/11/2009
3057,5,20,22,25,28,20/11/2009
3056,1,4,20,25,27,19/11/2009
3055,1,7,17,19,20,18/11/2009
3054,4,8,17,24,28,17/11/2009
3053,7,9,15,18,26,16/11/2009
3052,5,15,16,19,25,15/11/2009
3051,4,8,14,20,28,14/11/2009
3050,8,11,18,19,20,13/11/2009
3049,3,4,11,16,21,12/11/2009
3048,8,12,13,20,26,11/11/2009
3047,2,5,7,17,27,10/11/2009
3046,4,8,12,21,27,09/11/2009
3045,4,6,20,24,26,08/11/2009
3044,11,13,17,22,23,07/11/2009
3043,13,19,20,23,28,06/11/2009
3042,3,9,15,18,19,05/11/2009
3041,4,7,9,23,28,04/11/2009
3040,9,20,24,25,26,03/11/2009
3039,2,5,10,12,13,02/11/2009
3038,2,14,15,17,22,01/11/2009
3037,4,5,9,16,28,31/10/2009
3036,1,3,10,25,26,30/10/2009
3035,5,6,8,21,23,29/10/2009
3034,2,4,8,21,22,28/10/2009
3033,3,8,11,19,26,27/10/2009
3032,1,17,19,21,27,26/10/2009
3031,5,19,20,22,23,25/10/2009
3030,3,4,17,25,27,24/10/2009
3029,4,10,11,22,26,23/10/2009
3028,13,14,17,24,27,22/10/2009
3027,3,11,17,24,28,21/10/2009
3026,10,17,24,26,27,20/10/2009
3025,2,3,10,21,23,19/10/2009
3024,14,17,20,21,25,18/10/2009
3023,3,8,17,22,26,17/10/2009
3022,7,8,18,26,28,16/10/2009
3021,7,14,17,18,28,15/10/2009
3020,1,14,15,16,24,14/10/2009
3019,1,4,16,17,19,13/10/2009
3018,10,11,14,19,28,12/10/2009
3017,2,16,21,25,28,11/10/2009
3016,7,10,18,27,28,10/10/2009
3015,10,25,26,27,28,09/10/2009
3014,4,18,21,27,28,08/10/2009
3013,1,2,11,16,21,07/10/2009
3012,2,6,12,16,24,06/10/2009
3011,3,12,19,25,28,05/10/2009
3010,10,16,18,19,20,04/10/2009
3009,3,8,15,23,28,03/10/2009
3008,3,4,16,19,21,02/10/2009
3007,5,7,16,26,28,01/10/2009
3006,5,6,24,26,28,30/09/2009
3005,7,17,22,23,26,29/09/2009
3004,4,6,16,22,23,28/09/2009
3003,1,2,5,13,15,27/09/2009
3002,1,5,12,14,23,26/09/2009
3001,4,8,15,17,18,25/09/2009
3000,2,12,14,17,21,24/09/2009
2999,4,7,21,23,26,23/09/2009
2998,7,16,17,23,24,22/09/2009
2997,1,4,8,23,27,21/09/2009
2996,1,6,8,14,26,20/09/2009
2995,4,12,16,18,25,19/09/2009
2994,3,8,18,19,28,18/09/2009
2993,2,7,8,15,26,17/09/2009
2992,1,14,17,19,24,16/09/2009
2991,12,18,20,23,28,15/09/2009
2990,1,15,16,17,28,14/09/2009
2989,4,13,20,23,24,13/09/2009
2988,4,11,19,21,27,12/09/2009
2987,4,8,11,17,20,11/09/2009
2986,7,10,13,20,22,10/09/2009
2985,4,16,25,26,28,09/09/2009
2984,5,8,14,17,18,08/09/2009
2983,2,3,17,24,28,07/09/2009
2982,3,4,6,16,20,06/09/2009
2981,1,6,13,16,27,05/09/2009
2980,3,13,15,17,24,04/09/2009
2979,1,5,12,23,25,03/09/2009
2978,3,9,15,17,21,02/09/2009
2977,4,12,16,18,20,01/09/2009
2976,4,13,18,20,23,31/08/2009
2975,7,17,22,25,28,30/08/2009
2974,8,9,14,20,23,29/08/2009
2973,3,8,10,27,28,28/08/2009
2972,4,14,16,21,24,27/08/2009
2971,14,18,21,22,28,26/08/2009
2970,14,16,22,24,28,25/08/2009
2969,1,6,13,16,28,24/08/2009
2968,4,6,8,9,21,23/08/2009
2967,6,7,8,15,16,22/08/2009
2966,10,13,15,17,20,21/08/2009
2965,4,9,14,21,24,20/08/2009
2964,7,10,23,25,28,19/08/2009
2963,2,18,19,23,24,18/08/2009
2962,9,12,13,22,23,17/08/2009
2961,10,11,21,25,26,16/08/2009
2960,2,8,16,20,28,15/08/2009
2959,5,6,7,27,28,14/08/2009
2958,3,8,9,22,24,13/08/2009
2957,3,6,7,15,18,12/08/2009
2956,14,16,17,22,25,11/08/2009
2955,5,11,12,22,24,10/08/2009
2954,5,7,11,20,21,09/08/2009
2953,7,9,15,18,27,08/08/2009
2952,9,15,18,19,23,07/08/2009
2951,4,15,18,24,25,06/08/2009
2950,11,15,21,25,28,05/08/2009
2949,9,15,16,18,27,04/08/2009
2948,7,12,22,23,26,03/08/2009
2947,2,6,13,20,27,02/08/2009
2946,1,7,9,27,28,01/08/2009
2945,10,19,24,25,26,31/07/2009
2944,2,3,6,13,27,30/07/2009
2943,4,8,10,18,21,29/07/2009
2942,2,4,18,20,22,28/07/2009
2941,4,7,17,19,27,27/07/2009
2940,7,8,13,14,27,26/07/2009
2939,2,11,23,27,28,25/07/2009
2938,10,15,22,25,27,24/07/2009
2937,10,17,21,22,27,23/07/2009
2936,4,17,18,19,27,22/07/2009
2935,2,3,16,17,27,21/07/2009
2934,6,8,11,17,25,20/07/2009
2933,1,11,13,17,18,19/07/2009
2932,1,2,3,7,25,18/07/2009
2931,16,17,18,21,25,17/07/2009
2930,3,14,23,24,27,16/07/2009
2929,2,7,8,10,18,15/07/2009
2928,1,7,16,18,23,14/07/2009
2927,1,2,3,15,16,13/07/2009
2926,1,2,4,15,21,12/07/2009
2925,1,6,8,17,19,11/07/2009
2924,6,8,12,14,18,10/07/2009
2923,7,18,19,23,25,09/07/2009
2922,7,19,24,25,27,08/07/2009
2921,9,13,18,22,27,07/07/2009
2920,5,9,11,14,24,06/07/2009
2919,1,3,14,17,22,05/07/2009
2918,6,9,13,24,25,04/07/2009
2917,1,3,9,10,19,03/07/2009
2916,5,7,14,19,20,02/07/2009
2915,13,17,21,22,27,01/07/2009
2914,1,14,16,23,28,30/06/2009
2913,3,7,13,16,20,29/06/2009
2912,7,11,12,15,25,28/06/2009
2911,12,15,24,25,26,27/06/2009
2910,6,17,18,23,25,26/06/2009
2909,2,5,6,9,27,25/06/2009
2908,8,10,12,20,24,24/06/2009
2907,14,15,19,22,26,23/06/2009
2906,9,12,14,17,24,22/06/2009
2905,7,11,14,19,25,21/06/2009
2904,3,10,11,24,25,20/06/2009
2903,1,12,13,14,21,19/06/2009
2902,7,10,17,26,28,18/06/2009
2901,2,11,17,18,25,17/06/2009
2900,11,13,17,18,25,16/06/2009
2899,2,6,7,20,28,15/06/2009
2898,1,4,9,20,26,14/06/2009
2897,6,7,9,14,22,13/06/2009
2896,8,14,17,19,28,12/06/2009
2895,10,12,23,26,27,11/06/2009
2894,19,21,22,24,28,10/06/2009
2893,12,14,17,18,21,09/06/2009
2892,7,11,18,20,25,08/06/2009
2891,3,9,12,20,27,07/06/2009
2890,4,8,10,11,19,06/06/2009
2889,5,9,13,24,28,05/06/2009
2888,7,9,11,20,26,04/06/2009
2887,2,5,7,21,26,03/06/2009
2886,4,8,17,21,25,02/06/2009
2885,3,4,16,18,24,01/06/2009
2884,2,5,7,15,20,31/05/2009
2883,3,4,6,17,22,30/05/2009
2882,1,9,18,25,26,29/05/2009
2881,6,13,14,26,28,28/05/2009
2880,12,19,20,23,27,27/05/2009
2879,1,13,14,23,28,26/05/2009
2878,7,12,16,18,23,25/05/2009
2877,1,4,15,19,22,24/05/2009
2876,5,14,21,25,28,23/05/2009
2875,1,10,14,15,18,22/05/2009
2874,1,16,19,20,21,21/05/2009
2873,8,13,17,26,28,20/05/2009
2872,12,13,15,21,28,19/05/2009
2871,8,14,23,26,28,18/05/2009
2870,6,7,8,10,20,17/05/2009
2869,3,11,12,23,24,16/05/2009
2868,3,8,10,22,27,15/05/2009
2867,2,10,17,19,25,14/05/2009
2866,2,18,19,24,28,13/05/2009
2865,8,12,18,21,22,12/05/2009
2864,6,15,21,24,27,11/05/2009
2863,1,16,24,26,28,10/05/2009
2862,4,8,19,20,27,09/05/2009
2861,3,6,9,12,17,08/05/2009
2860,1,8,15,19,21,07/05/2009
2859,1,8,13,14,21,06/05/2009
2858,6,8,9,11,23,05/05/2009
2857,5,9,12,13,28,04/05/2009
2856,5,6,8,10,13,03/05/2009
2855,3,8,10,11,22,02/05/2009
2854,2,12,13,15,26,01/05/2009
2853,3,6,7,8,11,30/04/2009
2852,7,8,23,24,26,29/04/2009
2851,3,4,5,17,27,28/04/2009
2850,1,5,9,10,22,27/04/2009
2849,5,7,11,23,24,26/04/2009
2848,2,7,14,17,18,25/04/2009
2847,3,7,13,23,26,24/04/2009
2846,7,14,21,24,27,23/04/2009
2845,7,12,18,24,28,22/04/2009
2844,5,8,9,21,24,21/04/2009
2843,1,2,8,17,22,20/04/2009
2842,7,16,23,26,27,19/04/2009
2841,6,16,20,21,24,18/04/2009
2840,4,5,8,10,13,17/04/2009
2839,1,8,11,24,27,16/04/2009
2838,4,6,9,13,24,15/04/2009
2837,7,13,19,21,27,14/04/2009
2836,1,15,16,20,28,13/04/2009
2835,7,13,17,21,22,12/04/2009
2834,10,14,16,18,19,11/04/2009
2833,6,7,13,15,18,10/04/2009
2832,1,2,10,23,27,09/04/2009
2831,5,7,17,22,27,08/04/2009
2830,4,5,13,17,28,07/04/2009
2829,6,8,14,24,27,06/04/2009
2828,2,9,15,22,25,05/04/2009
2827,15,17,18,20,24,04/04/2009
2826,1,3,20,21,27,03/04/2009
2825,4,5,7,10,17,02/04/2009
2824,4,12,20,22,23,01/04/2009
2823,9,11,17,24,27,31/03/2009
2822,10,11,13,20,27,30/03/2009
2821,1,2,6,10,17,29/03/2009
2820,3,7,15,23,25,28/03/2009
2819,3,9,18,20,24,27/03/2009
2818,2,6,9,20,21,26/03/2009
2817,3,12,15,20,27,25/03/2009
2816,4,5,21,24,25,24/03/2009
2815,11,14,22,24,25,23/03/2009
2814,1,3,4,6,23,22/03/2009
2813,2,5,8,13,16,21/03/2009
2812,1,10,12,16,28,20/03/2009
2811,1,9,10,16,27,19/03/2009
2810,2,11,15,20,24,18/03/2009
2809,1,2,5,19,28,17/03/2009
2808,2,7,10,13,24,16/03/2009
2807,3,5,11,14,24,15/03/2009
2806,3,8,11,14,22,14/03/2009
2805,3,4,9,25,26,13/03/2009
2804,7,10,11,14,17,12/03/2009
2803,3,12,14,20,21,11/03/2009
2802,3,4,17,19,22,10/03/2009
2801,8,10,18,23,27,09/03/2009
2800,2,3,4,22,25,08/03/2009
2799,1,7,9,25,26,07/03/2009
2798,3,10,15,16,23,06/03/2009
2797,5,9,13,14,21,05/03/2009
2796,6,7,20,23,25,04/03/2009
2795,1,10,11,15,25,03/03/2009
2794,13,15,19,21,26,02/03/2009
2793,9,13,17,19,25,01/03/2009
2792,4,5,10,18,20,28/02/2009
2791,2,3,20,26,27,27/02/2009
2790,3,8,10,13,24,26/02/2009
2789,2,15,18,24,26,25/02/2009
2788,4,6,8,20,21,24/02/2009
2787,8,11,19,22,23,23/02/2009
2786,2,10,12,23,26,22/02/2009
2785,2,5,12,16,26,21/02/2009
2784,2,4,10,17,26,20/02/2009
2783,9,11,13,19,28,19/02/2009
2782,3,7,11,13,21,18/02/2009
2781,2,18,20,22,28,17/02/2009
2780,1,6,14,17,18,16/02/2009
2779,5,12,23,25,26,15/02/2009
2778,9,10,21,27,28,14/02/2009
2777,5,10,11,12,25,13/02/2009
2776,8,10,15,20,27,12/02/2009
2775,1,15,18,25,28,11/02/2009
2774,8,13,14,15,19,10/02/2009
2773,1,15,20,26,27,09/02/2009
2772,1,9,10,24,25,08/02/2009
2771,3,4,14,17,19,07/02/2009
2770,9,11,18,19,28,06/02/2009
2769,11,15,23,25,27,05/02/2009
2768,1,2,16,17,25,04/02/2009
2767,7,9,18,22,28,03/02/2009
2766,8,9,16,18,22,02/02/2009
2765,2,7,8,19,27,01/02/2009
2764,7,15,19,23,27,31/01/2009
2763,1,8,12,13,25,30/01/2009
2762,7,12,19,20,26,29/01/2009
2761,2,5,6,8,25,28/01/2009
2760,2,7,14,16,22,27/01/2009
2759,2,9,15,21,24,26/01/2009
2758,8,12,17,18,24,25/01/2009
2757,3,5,13,24,26,24/01/2009
2756,12,16,17,23,27,23/01/2009
2755,2,6,16,19,26,22/01/2009
2754,10,11,14,18,23,21/01/2009
2753,14,16,18,19,23,20/01/2009
2752,5,6,19,20,22,19/01/2009
2751,1,2,10,15,21,18/01/2009
2750,1,10,16,18,24,17/01/2009
2749,3,11,16,21,22,16/01/2009
2748,9,13,20,21,28,15/01/2009
2747,4,9,11,19,26,14/01/2009
2746,10,14,16,19,28,13/01/2009
2745,11,16,21,25,28,12/01/2009
2744,2,7,16,18,22,11/01/2009
2743,3,4,8,13,15,10/01/2009
2742,3,17,19,24,28,09/01/2009
2741,2,8,23,24,27,08/01/2009
2740,9,10,12,24,25,07/01/2009
2739,10,12,13,22,25,06/01/2009
2738,2,5,14,25,26,05/01/2009
2737,7,13,14,17,18,04/01/2009
2736,12,15,17,20,22,03/01/2009
2735,3,7,11,19,23,02/01/2009
2734,4,10,16,20,27,01/01/2009
2733,4,10,12,14,24,31/12/2008
2732,1,3,9,26,28,30/12/2008
2731,4,5,17,20,28,29/12/2008
2730,6,7,9,10,11,28/12/2008
2729,3,16,18,20,25,27/12/2008
2728,18,21,23,26,28,26/12/2008
2727,8,14,16,20,23,25/12/2008
2726,4,9,16,19,27,24/12/2008
2725,1,4,10,21,22,23/12/2008
2724,2,8,12,20,23,22/12/2008
2723,1,5,13,17,23,21/12/2008
2722,19,21,22,27,28,20/12/2008
2721,13,14,15,16,24,19/12/2008
2720,14,17,20,22,24,18/12/2008
2719,3,10,15,16,28,17/12/2008
2718,2,8,11,12,28,16/12/2008
2717,7,9,11,25,26,15/12/2008
2716,5,7,10,13,16,14/12/2008
2715,5,13,15,22,28,13/12/2008
2714,6,8,12,14,25,12/12/2008
2713,7,16,17,18,23,11/12/2008
2712,6,8,23,24,25,10/12/2008
2711,5,10,12,14,22,09/12/2008
2710,2,4,5,6,11,08/12/2008
2709,9,10,13,15,18,07/12/2008
2708,5,12,16,19,27,06/12/2008
2707,4,9,17,24,25,05/12/2008
2706,4,5,6,9,18,04/12/2008
2705,12,13,20,22,23,03/12/2008
2704,6,8,13,17,25,02/12/2008
2703,8,11,12,15,26,01/12/2008
2702,11,17,18,20,22,30/11/2008
2701,7,11,14,15,25,29/11/2008
2700,12,13,16,24,27,28/11/2008
2699,11,13,17,20,22,27/11/2008
2698,1,2,4,16,28,26/11/2008
2697,3,9,11,16,20,25/11/2008
2696,8,13,20,22,23,24/11/2008
2695,2,6,7,23,25,23/11/2008
2694,3,8,9,24,25,22/11/2008
2693,1,14,16,22,23,21/11/2008
2692,1,8,13,22,28,20/11/2008
2691,5,8,18,20,24,19/11/2008
2690,1,4,5,15,21,18/11/2008
2689,7,15,18,19,25,17/11/2008
2688,7,10,12,14,27,16/11/2008
2687,5,6,11,16,18,15/11/2008
2686,1,10,18,25,27,14/11/2008
2685,2,8,12,18,25,13/11/2008
2684,8,9,11,12,19,12/11/2008
2683,1,7,8,12,14,11/11/2008
2682,7,9,15,23,24,10/11/2008
2681,8,9,14,26,27,09/11/2008
2680,3,8,9,11,27,08/11/2008
2679,4,10,16,25,26,07/11/2008
2678,3,11,21,22,28,06/11/2008
2677,3,6,9,12,18,05/11/2008
2676,3,7,11,18,27,04/11/2008
2675,3,7,15,18,20,03/11/2008
2674,1,9,10,12,24,02/11/2008
2673,11,17,19,25,28,01/11/2008
2672,4,12,15,27,28,31/10/2008
2671,5,6,21,26,27,30/10/2008
2670,3,8,14,19,23,29/10/2008
2669,1,7,8,9,14,28/10/2008
2668,8,9,18,26,28,27/10/2008
2667,4,5,6,7,25,26/10/2008
2666,2,6,11,13,19,25/10/2008
2665,4,14,17,21,26,24/10/2008
2664,6,16,20,21,22,23/10/2008
2663,15,25,26,27,28,22/10/2008
2662,2,11,21,23,27,21/10/2008
2661,3,6,7,20,21,20/10/2008
2660,7,10,23,25,28,19/10/2008
2659,9,11,20,23,28,18/10/2008
2658,15,16,19,22,25,17/10/2008
2657,1,7,10,22,23,16/10/2008
2656,3,6,9,10,16,15/10/2008
2655,1,9,11,27,28,14/10/2008
2654,1,2,15,21,28,13/10/2008
2653,8,16,19,25,28,12/10/2008
2652,2,9,17,18,20,11/10/2008
2651,6,8,9,17,25,10/10/2008
2650,11,13,14,19,27,09/10/2008
2649,2,12,16,23,26,08/10/2008
2648,1,3,4,21,23,07/10/2008
2647,1,7,12,14,27,06/10/2008
2646,1,7,12,15,20,05/10/2008
2645,14,16,19,22,26,04/10/2008
2644,13,15,17,19,24,03/10/2008
2643,13,17,22,23,26,02/10/2008
2642,8,10,12,24,26,01/10/2008
2641,3,11,14,24,26,30/09/2008
2640,3,13,14,17,18,29/09/2008
2639,3,9,11,24,25,28/09/2008
2638,10,18,19,20,25,27/09/2008
2637,3,6,13,18,25,26/09/2008
2636,1,2,5,7,12,25/09/2008
2635,5,12,15,19,20,24/09/2008
2634,2,15,19,23,26,23/09/2008
2633,2,3,5,8,28,22/09/2008
2632,10,11,19,26,28,21/09/2008
2631,4,10,13,18,27,20/09/2008
2630,1,4,7,16,22,19/09/2008
2629,9,14,19,20,22,18/09/2008
2628,5,10,15,16,22,17/09/2008
2627,7,13,18,20,25,16/09/2008
2626,4,6,8,17,22,15/09/2008
2625,2,13,21,25,27,14/09/2008
2624,3,10,16,21,25,13/09/2008
2623,6,8,19,24,25,12/09/2008
2622,6,18,19,20,27,11/09/2008
2621,5,9,15,25,26,10/09/2008
2620,3,17,21,24,27,09/09/2008
2619,5,6,12,17,26,08/09/2008
2618,2,12,13,19,21,07/09/2008
2617,1,3,21,22,24,06/09/2008
2616,7,11,13,14,24,05/09/2008
2615,5,7,11,14,22,04/09/2008
2614,2,5,19,20,23,03/09/2008
2613,9,13,19,26,27,02/09/2008
2612,6,7,16,25,26,01/09/2008
2611,3,12,16,18,26,31/08/2008
2610,4,5,10,26,28,30/08/2008
2609,2,13,15,20,23,29/08/2008
2608,4,6,11,22,27,28/08/2008
2607,5,7,12,14,25,27/08/2008
2606,4,6,11,18,24,26/08/2008
2605,11,14,25,27,28,25/08/2008
2604,1,4,6,13,22,24/08/2008
2603,4,6,15,17,26,23/08/2008
2602,5,9,10,17,19,22/08/2008
2601,17,20,22,23,28,21/08/2008
2600,3,15,19,20,24,20/08/2008
2599,9,12,15,18,24,19/08/2008
2598,4,7,9,21,28,18/08/2008
2597,1,2,6,7,10,17/08/2008
2596,2,6,11,17,23,16/08/2008
2595,1,14,16,17,28,15/08/2008
2594,8,11,13,22,26,14/08/2008
2593,6,12,14,17,18,13/08/2008
2592,2,6,10,20,28,12/08/2008
2591,2,5,6,8,10,11/08/2008
2590,4,7,13,15,21,10/08/2008
2589,16,18,20,22,28,09/08/2008
2588,7,14,19,24,25,08/08/2008
2587,3,11,18,23,25,07/08/2008
2586,7,11,14,24,25,06/08/2008
2585,6,10,17,21,27,05/08/2008
2584,2,3,6,19,27,04/08/2008
2583,8,9,24,26,28,03/08/2008
2582,4,10,11,23,26,02/08/2008
2581,5,8,11,21,28,01/08/2008
2580,1,6,7,9,20,31/07/2008
2579,1,9,12,18,26,30/07/2008
2578,9,12,14,24,25,29/07/2008
2577,13,15,16,18,20,28/07/2008
2576,16,17,18,21,27,27/07/2008
2575,8,15,21,22,24,26/07/2008
2574,3,9,14,23,27,25/07/2008
2573,14,22,23,24,26,24/07/2008
2572,6,12,14,27,28,23/07/2008
2571,1,4,16,20,21,22/07/2008
2570,5,10,13,24,27,21/07/2008
2569,12,13,15,18,23,20/07/2008
2568,3,9,11,13,22,19/07/2008
2567,1,17,24,26,28,18/07/2008
2566,2,9,13,23,26,17/07/2008
2565,1,9,15,19,27,16/07/2008
2564,2,3,4,9,21,15/07/2008
2563,10,18,19,22,27,14/07/2008
2562,7,12,13,15,18,13/07/2008
2561,7,14,15,17,24,12/07/2008
2560,3,4,13,20,25,11/07/2008
2559,1,10,19,21,24,10/07/2008
2558,4,8,9,11,12,09/07/2008
2557,4,9,13,16,28,08/07/2008
2556,6,7,11,23,24,07/07/2008
2555,3,9,11,20,21,06/07/2008
2554,1,5,13,15,20,05/07/2008
2553,2,6,7,16,18,04/07/2008
2552,3,14,17,20,25,03/07/2008
2551,1,4,8,9,27,02/07/2008
2550,1,2,3,5,10,01/07/2008
2549,17,18,21,23,24,30/06/2008
2548,9,11,12,18,23,29/06/2008
2547,2,5,7,9,16,28/06/2008
2546,1,2,5,14,15,27/06/2008
2545,8,9,12,25,26,26/06/2008
2544,3,6,8,20,27,25/06/2008
2543,3,6,8,10,24,24/06/2008
2542,4,5,14,19,25,23/06/2008
2541,1,6,7,16,19,22/06/2008
2540,3,8,9,18,19,21/06/2008
2539,6,7,13,25,27,20/06/2008
2538,1,3,7,9,10,19/06/2008
2537,15,16,23,26,27,18/06/2008
2536,2,7,15,22,28,17/06/2008
2535,10,12,14,18,24,16/06/2008
2534,2,3,13,14,26,15/06/2008
2533,2,9,13,16,17,14/06/2008
2532,7,13,17,20,24,13/06/2008
2531,4,8,10,19,26,12/06/2008
2530,2,13,15,26,27,11/06/2008
2529,11,14,19,26,28,10/06/2008
2528,8,10,22,25,26,09/06/2008
2527,1,4,10,14,17,08/06/2008
2526,1,8,14,18,22,07/06/2008
2525,16,17,20,23,25,06/06/2008
2524,9,14,15,16,25,05/06/2008
2523,10,14,19,24,28,04/06/2008
2522,4,9,16,21,22,03/06/2008
2521,4,5,6,15,22,02/06/2008
2520,7,8,12,16,28,01/06/2008
2519,4,9,11,13,18,31/05/2008
2518,10,11,20,22,26,30/05/2008
2517,1,2,5,12,20,29/05/2008
2516,2,14,17,20,23,28/05/2008
2515,6,16,18,19,28,27/05/2008
2514,1,9,13,15,18,26/05/2008
2513,6,8,12,21,22,25/05/2008
2512,4,18,22,23,27,24/05/2008
2511,1,3,5,15,26,23/05/2008
2510,10,19,22,24,26,22/05/2008
2509,4,5,8,10,12,21/05/2008
2508,2,5,6,10,22,20/05/2008
2507,3,9,14,21,24,19/05/2008
2506,2,5,9,10,28,18/05/2008
2505,4,10,22,23,25,17/05/2008
2504,2,10,14,23,27,16/05/2008
2503,13,15,21,26,28,15/05/2008
2502,4,7,13,14,24,14/05/2008
2501,15,19,23,25,26,13/05/2008
2500,8,10,13,23,25,12/05/2008
2499,2,5,11,16,27,11/05/2008
2498,3,11,14,21,24,10/05/2008
2497,3,7,13,17,21,09/05/2008
2496,4,6,7,25,28,08/05/2008
2495,13,20,24,27,28,07/05/2008
2494,8,12,13,21,24,06/05/2008
2493,13,15,19,20,25,05/05/2008
2492,9,11,14,16,17,04/05/2008
2491,5,9,16,19,25,03/05/2008
2490,12,15,18,20,24,02/05/2008
2489,6,9,22,23,27,01/05/2008
2488,5,12,15,22,27,30/04/2008
2487,7,12,13,23,26,29/04/2008
2486,2,5,9,19,27,28/04/2008
2485,4,11,20,21,26,27/04/2008
2484,2,10,18,19,21,26/04/2008
2483,2,10,11,14,26,25/04/2008
2482,7,17,22,26,27,24/04/2008
2481,1,11,18,22,27,23/04/2008
2480,2,6,8,25,28,22/04/2008
2479,4,7,11,22,28,21/04/2008
2478,3,4,5,10,18,20/04/2008
2477,4,6,18,19,22,19/04/2008
2476,6,7,19,22,23,18/04/2008
2475,4,13,14,21,22,17/04/2008
2474,11,15,21,22,27,16/04/2008
2473,1,9,13,18,23,15/04/2008
2472,6,7,13,14,21,14/04/2008
2471,2,4,7,20,23,13/04/2008
2470,10,17,18,19,20,12/04/2008
2469,7,10,13,15,25,11/04/2008
2468,2,7,9,18,19,10/04/2008
2467,5,14,21,24,25,09/04/2008
2466,6,7,18,20,28,08/04/2008
2465,14,15,18,23,27,07/04/2008
2464,17,18,20,24,25,06/04/2008
2463,7,9,12,16,25,05/04/2008
2462,2,7,14,16,21,04/04/2008
2461,7,8,19,22,25,03/04/2008
2460,3,8,11,23,24,02/04/2008
2459,2,5,14,15,25,01/04/2008
2458,13,14,22,27,28,31/03/2008
2457,8,10,11,17,20,30/03/2008
2456,5,20,24,26,28,29/03/2008
2455,8,11,13,18,23,28/03/2008
2454,3,10,13,21,27,27/03/2008
2453,9,18,24,25,26,26/03/2008
2452,3,12,17,21,26,25/03/2008
2451,7,12,19,21,26,24/03/2008
2450,7,10,15,18,26,23/03/2008
2449,5,8,14,26,28,22/03/2008
2448,7,12,13,14,18,21/03/2008
2447,1,20,24,25,28,20/03/2008
2446,1,16,18,21,26,19/03/2008
2445,21,23,24,27,28,18/03/2008
2444,3,10,14,15,26,17/03/2008
2443,2,7,22,23,28,16/03/2008
2442,11,12,15,20,23,15/03/2008
2441,1,14,15,21,26,14/03/2008
2440,4,6,12,18,23,13/03/2008
2439,3,9,16,21,28,12/03/2008
2438,5,6,10,14,18,11/03/2008
2437,8,9,13,15,22,10/03/2008
2436,8,11,20,27,28,09/03/2008
2435,4,8,11,13,26,08/03/2008
2434,2,7,13,23,26,07/03/2008
2433,8,13,14,20,21,06/03/2008
2432,2,12,20,24,25,05/03/2008
2431,3,6,22,25,27,04/03/2008
2430,3,10,14,15,17,03/03/2008
2429,5,9,13,17,19,02/03/2008
2428,6,14,15,17,18,01/03/2008
2427,3,6,14,16,18,29/02/2008
2426,12,17,18,19,25,28/02/2008
2425,1,15,18,21,22,27/02/2008
2424,3,8,12,14,23,26/02/2008
2423,9,13,24,25,28,25/02/2008
2422,1,11,13,17,22,24/02/2008
2421,1,6,16,18,20,23/02/2008
2420,17,19,21,23,28,22/02/2008
2419,5,14,18,24,27,21/02/2008
2418,3,4,10,12,14,20/02/2008
2417,4,7,14,20,24,19/02/2008
2416,4,8,19,21,28,18/02/2008
2415,3,12,14,15,21,17/02/2008
2414,2,11,14,19,25,16/02/2008
2413,4,21,25,26,28,15/02/2008
2412,20,23,24,25,26,14/02/2008
2411,15,16,21,24,25,13/02/2008
2410,1,6,14,17,27,12/02/2008
2409,1,5,17,18,19,11/02/2008
2408,4,13,19,20,27,10/02/2008
2407,1,3,7,11,24,09/02/2008
2406,9,10,11,15,26,08/02/2008
2405,2,4,8,17,22,07/02/2008
2404,2,8,11,27,28,06/02/2008
2403,10,11,15,16,20,05/02/2008
2402,8,12,17,23,27,04/02/2008
2401,7,13,19,24,25,03/02/2008
2400,7,17,20,25,27,02/02/2008
2399,2,3,8,14,15,01/02/2008
2398,2,4,16,19,22,31/01/2008
2397,8,10,12,17,19,30/01/2008
2396,6,15,20,23,26,29/01/2008
2395,4,8,19,22,23,28/01/2008
2394,6,8,12,15,24,27/01/2008
2393,1,15,20,21,27,26/01/2008
2392,18,19,21,24,27,25/01/2008
2391,9,13,19,20,25,24/01/2008
2390,4,11,15,27,28,23/01/2008
2389,9,14,20,24,28,22/01/2008
2388,13,21,22,24,26,21/01/2008
2387,4,8,10,15,26,20/01/2008
2386,1,4,13,14,23,19/01/2008
2385,1,4,5,24,25,18/01/2008
2384,7,8,11,25,28,17/01/2008
2383,2,3,20,23,25,16/01/2008
2382,12,17,21,23,26,15/01/2008
2381,1,4,8,22,25,14/01/2008
2380,13,14,15,19,27,13/01/2008
2379,4,13,15,25,28,12/01/2008
2378,3,8,13,18,28,11/01/2008
2377,8,10,15,22,26,10/01/2008
2376,3,10,16,20,21,09/01/2008
2375,5,7,9,14,20,08/01/2008
2374,2,7,14,18,28,07/01/2008
2373,1,4,7,8,25,06/01/2008
2372,6,7,17,19,28,05/01/2008
2371,1,5,13,16,27,04/01/2008
2370,4,8,13,15,18,03/01/2008
2369,5,9,21,23,28,02/01/2008
2368,2,7,8,23,27,01/01/2008
2367,2,8,10,12,19,31/12/2007
2366,1,8,15,18,25,30/12/2007
2365,1,3,8,25,28,29/12/2007
2364,9,12,16,22,23,28/12/2007
2363,3,6,8,20,24,27/12/2007
2362,4,6,10,16,17,26/12/2007
2361,5,10,12,13,24,25/12/2007
2360,8,17,21,22,28,24/12/2007
2359,4,12,20,22,26,23/12/2007
2358,3,8,13,20,25,22/12/2007
2357,1,3,6,10,20,21/12/2007
2356,3,6,9,22,27,20/12/2007
2355,8,13,17,18,19,19/12/2007
2354,3,9,17,25,27,18/12/2007
2353,17,18,21,24,25,17/12/2007
2352,2,5,8,17,27,16/12/2007
2351,10,12,21,24,26,15/12/2007
2350,2,13,16,23,24,14/12/2007
2349,11,14,15,22,24,13/12/2007
2348,1,8,9,12,27,12/12/2007
2347,4,9,15,27,28,11/12/2007
2346,2,3,7,19,24,10/12/2007
2345,7,8,14,22,26,09/12/2007
2344,2,5,7,14,20,08/12/2007
2343,3,15,17,23,24,07/12/2007
2342,5,17,24,26,27,06/12/2007
2341,2,5,18,20,23,05/12/2007
2340,7,15,16,20,24,04/12/2007
2339,4,5,18,24,27,03/12/2007
2338,5,9,13,15,23,02/12/2007
2337,15,18,19,24,25,01/12/2007
2336,2,22,24,26,27,30/11/2007
2335,3,8,10,18,25,29/11/2007
2334,1,10,13,23,25,28/11/2007
2333,8,15,19,20,24,27/11/2007
2332,2,10,17,22,24,26/11/2007
2331,5,11,18,20,27,25/11/2007
2330,5,9,12,13,14,24/11/2007
2329,11,17,20,21,28,23/11/2007
2328,1,5,23,26,27,22/11/2007
2327,4,5,6,13,24,21/11/2007
2326,2,3,8,15,22,20/11/2007
2325,1,14,21,24,27,19/11/2007
2324,5,18,19,22,27,18/11/2007
2323,6,9,14,18,19,17/11/2007
2322,1,12,13,22,27,16/11/2007
2321,8,10,12,20,23,15/11/2007
2320,6,8,15,18,19,14/11/2007
2319,5,8,9,11,17,13/11/2007
2318,1,4,15,17,26,12/11/2007
2317,13,15,20,23,27,11/11/2007
2316,1,9,14,19,22,10/11/2007
2315,6,9,16,17,27,09/11/2007
2314,3,10,14,20,28,08/11/2007
2313,10,12,15,24,27,07/11/2007
2312,4,9,19,25,26,06/11/2007
2311,3,10,11,17,21,05/11/2007
2310,1,3,6,17,27,04/11/2007
2309,3,15,18,24,28,03/11/2007
2308,11,12,15,16,24,02/11/2007
2307,8,12,17,22,24,01/11/2007
2306,4,11,12,17,25,31/10/2007
2305,3,8,14,16,24,30/10/2007
2304,6,7,20,21,23,29/10/2007
2303,1,4,6,10,25,28/10/2007
2302,10,19,21,22,27,27/10/2007
2301,19,23,24,26,28,26/10/2007
2300,5,21,22,27,28,25/10/2007
2299,3,9,14,21,22,24/10/2007
2298,3,7,8,15,17,23/10/2007
2297,2,8,14,16,24,22/10/2007
2296,15,16,24,26,28,21/10/2007
2295,4,10,15,17,25,20/10/2007
2294,5,14,15,23,28,19/10/2007
2293,2,22,23,25,28,18/10/2007
2292,1,5,15,23,28,17/10/2007
2291,9,11,18,23,27,16/10/2007
2290,4,12,20,24,28,15/10/2007
2289,8,9,22,24,25,14/10/2007
2288,8,11,15,23,26,13/10/2007
2287,1,3,15,16,17,12/10/2007
2286,13,15,25,26,28,11/10/2007
2285,6,13,19,23,28,10/10/2007
2284,10,11,20,22,27,09/10/2007
2283,4,8,12,24,26,08/10/2007
2282,1,6,11,19,23,07/10/2007
2281,6,11,16,17,25,06/10/2007
2280,9,11,16,20,24,05/10/2007
2279,4,6,18,23,26,04/10/2007
2278,11,13,15,20,21,03/10/2007
2277,1,9,11,20,26,02/10/2007
2276,5,9,11,13,26,01/10/2007
2275,4,9,13,19,26,30/09/2007
2274,2,3,10,11,17,29/09/2007
2273,4,16,17,24,28,28/09/2007
2272,2,3,5,14,21,27/09/2007
2271,1,8,17,21,25,26/09/2007
2270,5,14,15,23,28,25/09/2007
2269,2,5,6,9,25,24/09/2007
2268,2,11,13,17,26,23/09/2007
2267,2,10,24,26,28,22/09/2007
2266,4,6,10,17,27,21/09/2007
2265,3,9,14,26,27,20/09/2007
2264,3,14,15,19,26,19/09/2007
2263,6,20,22,26,27,18/09/2007
2262,5,16,17,20,27,17/09/2007
2261,1,6,9,15,18,16/09/2007
2260,2,9,15,18,20,15/09/2007
2259,12,17,18,20,21,14/09/2007
2258,1,13,20,24,27,13/09/2007
2257,4,14,18,27,28,12/09/2007
2256,3,11,17,21,26,11/09/2007
2255,6,16,18,22,27,10/09/2007
2254,3,7,11,24,27,09/09/2007
2253,5,7,12,18,26,08/09/2007
2252,8,11,20,22,23,07/09/2007
2251,14,15,19,25,26,06/09/2007
2250,9,12,16,20,21,05/09/2007
2249,7,10,11,17,18,04/09/2007
2248,3,4,10,16,23,03/09/2007
2247,2,11,16,23,26,02/09/2007
2246,4,5,6,11,20,01/09/2007
2245,9,11,13,20,25,31/08/2007
2244,6,7,12,17,21,30/08/2007
2243,4,15,18,21,25,29/08/2007
2242,11,12,14,23,28,28/08/2007
2241,1,4,8,9,12,27/08/2007
2240,2,4,11,13,20,26/08/2007
2239,7,8,19,20,28,25/08/2007
2238,14,15,18,22,24,24/08/2007
2237,8,10,11,14,20,23/08/2007
2236,5,9,13,21,27,22/08/2007
2235,7,14,18,19,24,21/08/2007
2234,2,15,18,25,27,20/08/2007
2233,5,13,16,19,21,19/08/2007
2232,3,6,10,15,21,18/08/2007
2231,1,5,6,21,22,17/08/2007
2230,1,5,7,25,27,16/08/2007
2229,7,13,15,17,28,15/08/2007
2228,5,6,13,18,21,14/08/2007
2227,12,19,21,24,25,13/08/2007
2226,6,20,22,25,27,12/08/2007
2225,1,2,3,9,24,11/08/2007
2224,7,15,16,18,28,10/08/2007
2223,3,8,10,14,19,09/08/2007
2222,12,18,19,24,27,08/08/2007
2221,4,11,21,23,27,07/08/2007
2220,11,17,20,21,27,06/08/2007
2219,1,8,11,24,25,05/08/2007
2218,3,7,10,11,26,04/08/2007
2217,3,11,12,16,20,03/08/2007
2216,1,5,8,21,22,02/08/2007
2215,10,12,14,19,23,01/08/2007
2214,10,11,20,24,27,31/07/2007
2213,5,11,12,15,19,30/07/2007
2212,6,14,18,24,28,29/07/2007
2211,7,15,20,24,25,28/07/2007
2210,1,6,13,16,24,27/07/2007
2209,1,14,15,19,25,26/07/2007
2208,2,16,21,22,27,25/07/2007
2207,3,8,12,16,18,24/07/2007
2206,2,6,14,18,22,23/07/2007
2205,12,16,17,26,28,22/07/2007
2204,3,4,6,8,23,21/07/2007
2203,3,15,18,19,28,20/07/2007
2202,4,15,16,17,27,19/07/2007
2201,12,16,18,22,24,18/07/2007
2200,3,4,9,14,23,17/07/2007
2199,4,5,8,19,24,16/07/2007
2198,5,6,12,13,16,15/07/2007
2197,4,6,7,15,19,14/07/2007
2196,2,6,9,18,24,13/07/2007
2195,1,2,11,13,16,12/07/2007
2194,3,4,10,12,28,11/07/2007
2193,4,11,12,16,19,10/07/2007
2192,4,19,21,22,26,09/07/2007
2191,2,6,11,14,18,08/07/2007
2190,2,3,5,21,22,07/07/2007
2189,6,12,14,15,23,06/07/2007
2188,5,10,20,24,26,05/07/2007
2187,5,11,12,15,28,04/07/2007
2186,4,8,12,17,22,03/07/2007
2185,2,8,11,21,26,02/07/2007
2184,2,7,11,14,22,01/07/2007
2183,4,7,11,17,23,30/06/2007
2182,4,7,14,24,27,29/06/2007
2181,6,10,16,17,21,28/06/2007
2180,15,19,20,22,25,27/06/2007
2179,1,4,8,15,19,26/06/2007
2178,5,6,16,18,25,25/06/2007
2177,18,22,24,25,28,24/06/2007
2176,6,7,16,23,28,23/06/2007
2175,7,14,15,18,26,22/06/2007
2174,4,12,18,19,27,21/06/2007
2173,4,9,15,18,28,20/06/2007
2172,7,16,18,27,28,19/06/2007
2171,1,8,14,20,26,18/06/2007
2170,5,11,13,20,27,17/06/2007
2169,10,12,17,25,26,16/06/2007
2168,12,14,15,18,21,15/06/2007
2167,1,2,5,13,23,14/06/2007
2166,8,9,10,16,25,13/06/2007
2165,2,3,14,23,24,12/06/2007
2164,2,3,12,14,17,11/06/2007
2163,2,8,11,23,26,10/06/2007
2162,4,10,11,17,20,09/06/2007
2161,1,12,15,19,23,08/06/2007
2160,7,11,13,22,25,07/06/2007
2159,6,8,19,26,28,06/06/2007
2158,1,7,16,19,26,05/06/2007
2157,2,8,13,15,24,04/06/2007
2156,2,10,12,19,28,03/06/2007
2155,1,6,7,22,28,02/06/2007
2154,6,9,15,20,23,01/06/2007
2153,13,14,15,22,23,31/05/2007
2152,4,12,19,22,26,30/05/2007
2151,3,9,19,26,28,29/05/2007
2150,4,6,15,16,20,28/05/2007
2149,4,9,18,20,25,27/05/2007
2148,1,2,6,13,27,26/05/2007
2147,2,6,9,14,27,25/05/2007
2146,8,13,19,23,25,24/05/2007
2145,6,9,15,24,25,23/05/2007
2144,1,5,6,12,27,22/05/2007
2143,5,9,15,17,18,21/05/2007
2142,11,13,19,22,26,20/05/2007
2141,2,4,14,17,19,19/05/2007
2140,4,14,17,23,27,18/05/2007
2139,9,13,16,24,25,17/05/2007
2138,3,10,15,19,20,16/05/2007
2137,1,13,15,16,25,15/05/2007
2136,1,11,13,22,28,14/05/2007
2135,7,9,14,18,22,13/05/2007
2134,6,8,9,18,23,12/05/2007
2133,1,4,13,14,28,11/05/2007
2132,5,10,14,15,26,10/05/2007
2131,3,9,10,17,26,09/05/2007
2130,1,2,8,9,28,08/05/2007
2129,10,11,16,17,28,07/05/2007
2128,3,5,15,21,28,06/05/2007
2127,4,7,16,22,23,05/05/2007
2126,1,5,7,17,26,04/05/2007
2125,6,8,12,22,26,03/05/2007
2124,3,6,9,20,28,02/05/2007
2123,5,9,10,20,26,01/05/2007
2122,12,19,23,24,26,30/04/2007
2121,3,6,10,16,21,29/04/2007
2120,1,5,6,17,22,28/04/2007
2119,1,13,16,26,27,27/04/2007
2118,18,19,24,26,28,26/04/2007
2117,4,22,23,26,28,25/04/2007
2116,4,5,6,15,28,24/04/2007
2115,2,6,14,17,28,23/04/2007
2114,13,14,15,17,28,22/04/2007
2113,11,14,16,24,27,21/04/2007
2112,2,9,11,12,13,20/04/2007
2111,6,7,12,13,16,19/04/2007
2110,6,8,21,24,26,18/04/2007
2109,2,5,11,14,27,17/04/2007
2108,9,10,19,21,22,16/04/2007
2107,8,9,10,11,14,15/04/2007
2106,6,7,9,10,15,14/04/2007
2105,2,18,19,25,28,13/04/2007
2104,3,4,5,22,28,12/04/2007
2103,1,3,12,16,21,11/04/2007
2102,12,13,18,19,28,10/04/2007
2101,2,14,15,18,23,09/04/2007
2100,1,14,19,21,27,08/04/2007
2099,5,10,13,23,24,07/04/2007
2098,6,8,17,24,26,06/04/2007
2097,6,7,11,12,21,05/04/2007
2096,6,14,17,18,27,04/04/2007
2095,5,10,14,16,25,03/04/2007
2094,3,8,14,20,23,02/04/2007
2093,4,8,12,18,26,01/04/2007
2092,2,9,19,25,26,31/03/2007
2091,4,16,21,23,27,30/03/2007
2090,3,5,14,16,22,29/03/2007
2089,7,12,13,21,22,28/03/2007
2088,11,15,18,21,23,27/03/2007
2087,3,6,22,23,28,26/03/2007
2086,6,18,19,22,26,25/03/2007
2085,1,7,18,19,23,24/03/2007
2084,4,7,8,15,20,23/03/2007
2083,8,11,13,16,23,22/03/2007
2082,2,5,9,21,23,21/03/2007
2081,1,8,18,20,23,20/03/2007
2080,13,15,17,22,26,19/03/2007
2079,6,7,9,10,15,18/03/2007
2078,10,15,18,22,28,17/03/2007
2077,1,2,3,17,22,16/03/2007
2076,6,11,20,23,25,15/03/2007
2075,9,10,11,21,23,14/03/2007
2074,6,9,13,17,20,13/03/2007
2073,2,14,17,20,27,12/03/2007
2072,5,18,21,25,26,11/03/2007
2071,5,6,9,21,26,10/03/2007
2070,2,11,15,19,21,09/03/2007
2069,6,15,17,19,26,08/03/2007
2068,1,2,12,19,26,07/03/2007
2067,7,13,14,24,25,06/03/2007
2066,4,5,7,9,14,05/03/2007
2065,5,10,12,24,26,04/03/2007
2064,4,11,15,24,28,03/03/2007
2063,10,18,19,23,25,02/03/2007
2062,3,12,14,19,27,01/03/2007
2061,3,14,21,22,26,28/02/2007
2060,11,14,16,19,27,27/02/2007
2059,2,7,9,10,16,26/02/2007
2058,2,7,18,21,24,25/02/2007
2057,2,9,14,22,23,24/02/2007
2056,3,12,20,23,24,23/02/2007
2055,3,5,17,19,26,22/02/2007
2054,1,9,23,27,28,21/02/2007
2053,12,15,19,22,26,20/02/2007
2052,3,6,7,11,22,19/02/2007
2051,4,7,10,13,18,18/02/2007
2050,5,9,12,17,19,17/02/2007
2049,3,5,7,17,27,16/02/2007
2048,4,10,16,17,18,15/02/2007
2047,5,9,10,14,21,14/02/2007
2046,2,6,10,18,28,13/02/2007
2045,6,7,9,23,24,12/02/2007
2044,1,10,13,15,21,11/02/2007
2043,10,11,18,22,24,10/02/2007
2042,3,7,8,16,20,09/02/2007
2041,1,10,16,18,22,08/02/2007
2040,1,3,11,17,21,07/02/2007
2039,3,7,16,20,23,06/02/2007
2038,2,4,5,7,23,05/02/2007
2037,11,13,15,18,23,04/02/2007
2036,9,12,15,18,19,03/02/2007
2035,3,6,21,24,27,02/02/2007
2034,3,4,6,18,28,01/02/2007
2033,9,12,13,23,24,31/01/2007
2032,9,12,17,22,25,30/01/2007
2031,1,4,6,11,23,29/01/2007
2030,4,6,16,22,28,28/01/2007
2029,6,11,18,19,25,27/01/2007
2028,1,5,6,12,21,26/01/2007
2027,5,12,13,25,28,25/01/2007
2026,6,9,14,16,21,24/01/2007
2025,4,11,17,18,22,23/01/2007
2024,6,8,9,10,13,22/01/2007
2023,3,4,6,7,25,21/01/2007
2022,7,9,18,20,25,20/01/2007
2021,8,15,17,24,28,19/01/2007
2020,6,15,21,24,27,18/01/2007
2019,1,11,22,23,25,17/01/2007
2018,5,7,17,18,19,16/01/2007
2017,7,9,16,27,28,15/01/2007
2016,9,11,15,19,25,14/01/2007
2015,11,16,25,27,28,13/01/2007
2014,4,5,7,9,24,12/01/2007
2013,1,13,14,19,26,11/01/2007
2012,1,2,11,16,27,10/01/2007
2011,10,12,15,16,26,09/01/2007
2010,1,9,11,21,27,08/01/2007
2009,11,20,21,22,23,07/01/2007
2008,4,5,11,16,23,06/01/2007
2007,3,8,11,13,25,05/01/2007
2006,5,16,23,26,27,04/01/2007
2005,2,11,12,20,25,03/01/2007
2004,1,13,16,25,28,02/01/2007
2003,1,4,6,18,25,01/01/2007
2002,7,8,10,11,23,31/12/2006
2001,2,3,12,19,25,30/12/2006
2000,14,16,19,20,22,29/12/2006
1999,1,12,17,20,26,28/12/2006
1998,2,8,9,11,17,27/12/2006
1997,2,4,14,17,20,26/12/2006
1996,10,16,18,20,25,25/12/2006
1995,7,12,13,15,19,24/12/2006
1994,13,14,15,25,27,23/12/2006
1993,1,2,6,7,10,22/12/2006
1992,1,10,13,17,19,21/12/2006
1991,9,15,21,27,28,20/12/2006
1990,6,18,21,24,28,19/12/2006
1989,3,7,8,21,28,18/12/2006
1988,1,14,19,20,24,17/12/2006
1987,2,5,10,16,20,16/12/2006
1986,20,22,23,24,26,15/12/2006
1985,4,5,7,8,23,14/12/2006
1984,5,6,7,12,17,13/12/2006
1983,2,3,8,10,26,12/12/2006
1982,13,16,18,22,23,11/12/2006
1981,2,3,16,20,25,10/12/2006
1980,7,11,19,20,23,09/12/2006
1979,5,10,13,17,22,08/12/2006
1978,2,11,19,25,26,07/12/2006
1977,3,6,7,8,19,06/12/2006
1976,8,16,17,24,25,05/12/2006
1975,7,12,13,25,27,04/12/2006
1974,1,11,18,20,24,03/12/2006
1973,2,10,11,14,27,02/12/2006
1972,3,4,6,17,28,01/12/2006
1971,2,4,12,19,27,30/11/2006
1970,1,14,16,18,25,29/11/2006
1969,8,12,13,14,26,28/11/2006
1968,6,10,16,18,19,27/11/2006
1967,3,8,10,20,21,26/11/2006
1966,9,16,18,20,23,25/11/2006
1965,10,18,19,20,23,24/11/2006
1964,1,2,6,7,13,23/11/2006
1963,9,11,15,19,24,22/11/2006
1962,1,12,17,24,28,21/11/2006
1961,2,8,13,17,21,20/11/2006
1960,11,14,17,24,27,19/11/2006
1959,5,8,11,21,25,18/11/2006
1958,1,2,5,17,24,17/11/2006
1957,4,6,10,12,16,16/11/2006
1956,2,7,11,12,18,15/11/2006
1955,6,14,19,22,28,14/11/2006
1954,6,10,11,19,22,13/11/2006
1953,2,4,7,16,23,12/11/2006
1952,6,9,10,12,14,11/11/2006
1951,4,5,10,19,22,10/11/2006
1950,3,5,10,16,25,09/11/2006
1949,11,13,22,26,27,08/11/2006
1948,2,5,8,15,27,07/11/2006
1947,3,5,8,23,24,06/11/2006
1946,8,10,13,15,17,05/11/2006
1945,2,7,12,13,23,04/11/2006
1944,2,11,12,15,22,03/11/2006
1943,3,8,23,24,26,02/11/2006
1942,4,6,7,11,14,01/11/2006
1941,4,8,10,20,26,31/10/2006
1940,3,4,12,26,28,30/10/2006
1939,1,8,10,12,20,29/10/2006
1938,1,4,14,21,27,28/10/2006
1937,10,12,13,17,28,27/10/2006
1936,5,9,12,17,24,26/10/2006
1935,8,17,22,24,27,25/10/2006
1934,3,9,16,20,27,24/10/2006
1933,7,15,18,22,25,23/10/2006
1932,10,13,16,23,25,22/10/2006
1931,10,12,15,25,28,21/10/2006
1930,1,11,19,20,24,20/10/2006
1929,3,12,18,23,28,19/10/2006
1928,13,17,18,21,27,18/10/2006
1927,2,12,13,17,18,17/10/2006
1926,2,6,14,17,21,16/10/2006
1925,3,7,9,22,28,15/10/2006
1924,6,7,8,21,28,14/10/2006
1923,4,8,10,11,21,13/10/2006
1922,1,8,10,17,26,12/10/2006
1921,1,4,15,23,25,11/10/2006
1920,1,2,5,24,25,10/10/2006
1919,17,19,21,23,27,09/10/2006
1918,1,7,9,13,25,08/10/2006
1917,1,2,5,7,14,07/10/2006
1916,1,6,11,16,26,06/10/2006
1915,6,10,16,20,27,05/10/2006
1914,4,17,22,26,28,04/10/2006
1913,1,10,14,18,22,03/10/2006
1912,3,9,10,12,19,02/10/2006
1911,3,10,18,22,28,01/10/2006
1910,7,15,18,20,24,30/09/2006
1909,3,5,6,17,23,29/09/2006
1908,2,13,14,23,28,28/09/2006
1907,4,10,12,18,28,27/09/2006
1906,2,3,17,20,24,26/09/2006
1905,13,20,24,26,27,25/09/2006
1904,1,2,8,13,16,24/09/2006
1903,2,4,16,21,26,23/09/2006
1902,3,10,13,16,26,22/09/2006
1901,1,6,9,22,23,21/09/2006
1900,7,13,20,23,24,20/09/2006
1899,1,6,14,24,25,19/09/2006
1898,4,5,14,18,23,18/09/2006
1897,1,11,13,27,28,17/09/2006
1896,2,3,5,6,10,16/09/2006
1895,7,8,18,20,23,15/09/2006
1894,2,11,17,23,27,14/09/2006
1893,2,13,17,19,27,13/09/2006
1892,3,11,12,17,18,12/09/2006
1891,2,6,16,19,22,11/09/2006
1890,8,11,17,18,23,10/09/2006
1889,1,10,16,18,25,09/09/2006
1888,1,5,16,20,21,08/09/2006
1887,4,7,15,18,20,07/09/2006
1886,4,6,12,20,26,06/09/2006
1885,5,12,17,18,21,05/09/2006
1884,1,3,22,25,27,04/09/2006
1883,5,14,17,19,28,03/09/2006
1882,9,15,20,23,26,02/09/2006
1881,5,7,21,24,28,01/09/2006
1880,3,10,12,17,28,31/08/2006
1879,1,8,12,14,28,30/08/2006
1878,3,13,16,18,28,29/08/2006
1877,4,5,8,18,26,28/08/2006
1876,2,10,20,22,23,27/08/2006
1875,2,6,8,14,26,26/08/2006
1874,3,7,8,15,16,25/08/2006
1873,11,17,22,24,28,24/08/2006
1872,2,4,11,14,21,23/08/2006
1871,1,13,18,19,27,22/08/2006
1870,10,17,19,23,25,21/08/2006
1869,8,9,13,14,24,20/08/2006
1868,9,18,20,21,25,19/08/2006
1867,3,6,8,9,12,18/08/2006
1866,2,5,11,13,22,17/08/2006
1865,9,22,23,25,27,16/08/2006
1864,6,8,15,21,28,15/08/2006
1863,1,7,11,15,28,14/08/2006
1862,4,9,14,16,20,13/08/2006
1861,4,20,23,24,26,12/08/2006
1860,3,4,18,27,28,11/08/2006
1859,1,4,10,11,22,10/08/2006
1858,1,20,24,25,26,09/08/2006
1857,5,9,12,15,22,08/08/2006
1856,7,14,20,26,27,07/08/2006
1855,8,10,21,26,27,06/08/2006
1854,3,6,12,20,27,05/08/2006
1853,3,9,11,12,28,04/08/2006
1852,12,14,15,18,22,03/08/2006
1851,5,6,10,18,28,02/08/2006
1850,4,7,11,13,24,01/08/2006
1849,1,8,19,20,21,31/07/2006
1848,7,8,13,19,26,30/07/2006
1847,1,5,7,18,19,29/07/2006
1846,2,15,16,25,26,28/07/2006
1845,2,4,11,22,25,27/07/2006
1844,10,11,18,22,24,26/07/2006
1843,5,9,11,14,20,25/07/2006
1842,1,8,12,13,16,24/07/2006
1841,8,13,24,26,27,23/07/2006
1840,1,15,18,22,23,22/07/2006
1839,3,7,12,13,18,21/07/2006
1838,4,8,10,24,27,20/07/2006
1837,5,14,15,18,27,19/07/2006
1836,2,3,7,21,28,18/07/2006
1835,3,6,12,24,27,17/07/2006
1834,3,13,19,24,27,16/07/2006
1833,5,6,15,17,23,15/07/2006
1832,6,8,11,16,23,14/07/2006
1831,3,9,16,24,27,13/07/2006
1830,13,19,25,26,28,12/07/2006
1829,1,13,15,17,26,11/07/2006
1828,4,6,13,14,28,10/07/2006
1827,2,5,8,10,18,09/07/2006
1826,15,17,18,25,27,08/07/2006
1825,5,9,16,20,27,07/07/2006
1824,9,11,16,19,25,06/07/2006
1823,3,9,11,17,19,05/07/2006
1822,8,15,17,23,27,04/07/2006
1821,9,11,20,26,28,03/07/2006
1820,8,11,12,17,22,02/07/2006
1819,1,11,14,17,27,01/07/2006
1818,10,11,12,21,27,30/06/2006
1817,5,16,18,22,28,29/06/2006
1816,12,15,16,18,25,28/06/2006
1815,10,11,20,21,25,27/06/2006
1814,14,22,23,27,28,26/06/2006
1813,7,10,17,22,25,25/06/2006
1812,7,11,12,18,27,24/06/2006
1811,4,6,7,18,24,23/06/2006
1810,9,13,17,23,24,22/06/2006
1809,4,6,11,19,27,21/06/2006
1808,4,6,17,22,28,20/06/2006
1807,1,5,9,11,26,19/06/2006
1806,11,12,13,22,23,18/06/2006
1805,1,9,21,26,28,17/06/2006
1804,2,9,13,16,23,16/06/2006
1803,6,14,15,19,24,15/06/2006
1802,1,10,14,18,25,14/06/2006
1801,1,17,18,25,26,13/06/2006
1800,1,4,12,13,18,12/06/2006
1799,2,9,20,25,27,11/06/2006
1798,3,8,10,21,24,10/06/2006
1797,2,3,10,19,20,09/06/2006
1796,2,3,6,13,21,08/06/2006
1795,4,7,17,21,24,07/06/2006
1794,1,4,13,21,23,06/06/2006
1793,3,8,11,20,22,05/06/2006
1792,1,3,13,14,20,04/06/2006
1791,1,9,12,17,20,03/06/2006
1790,6,16,18,20,27,02/06/2006
1789,15,19,20,23,26,01/06/2006
1788,3,9,13,17,18,31/05/2006
1787,3,6,18,19,25,30/05/2006
1786,3,5,13,19,28,29/05/2006
1785,4,15,16,18,25,28/05/2006
1784,2,4,19,22,27,27/05/2006
1783,1,8,11,15,26,26/05/2006
1782,4,10,12,14,21,25/05/2006
1781,3,7,10,23,27,24/05/2006
1780,2,4,6,9,17,23/05/2006
1779,10,11,12,20,22,22/05/2006
1778,3,12,15,17,25,21/05/2006
1777,3,15,16,17,23,20/05/2006
1776,3,13,16,22,27,19/05/2006
1775,1,6,8,11,17,18/05/2006
1774,1,3,7,19,26,17/05/2006
1773,1,15,17,21,23,16/05/2006
1772,9,12,14,22,23,15/05/2006
1771,11,15,17,22,27,14/05/2006
1770,3,13,17,19,24,13/05/2006
1769,10,15,18,25,26,12/05/2006
1768,6,7,8,16,28,11/05/2006
1767,10,12,14,15,26,10/05/2006
1766,1,4,12,17,22,09/05/2006
1765,5,9,10,21,28,08/05/2006
1764,5,7,15,20,23,07/05/2006
1763,3,5,7,20,25,06/05/2006
1762,5,9,25,26,27,05/05/2006
1761,6,19,22,25,28,04/05/2006
1760,2,10,12,15,22,03/05/2006
1759,2,14,19,24,25,02/05/2006
1758,11,17,18,21,23,01/05/2006
1757,10,11,16,20,24,30/04/2006
1756,10,16,17,20,28,29/04/2006
1755,4,12,17,19,21,28/04/2006
1754,7,8,11,15,18,27/04/2006
1753,1,8,13,14,17,26/04/2006
1752,4,18,23,27,28,25/04/2006
1751,10,20,22,27,28,24/04/2006
1750,12,14,16,20,24,23/04/2006
1749,1,2,5,8,17,22/04/2006
1748,4,21,23,26,28,21/04/2006
1747,1,8,10,12,14,20/04/2006
1746,8,13,20,23,28,19/04/2006
1745,6,10,19,22,25,18/04/2006
1744,1,6,25,26,27,17/04/2006
1743,5,8,15,22,25,16/04/2006
1742,4,6,10,11,26,15/04/2006
1741,11,16,18,22,26,14/04/2006
1740,1,17,19,20,22,13/04/2006
1739,1,11,21,23,26,12/04/2006
1738,9,14,16,18,28,11/04/2006
1737,2,6,11,12,27,10/04/2006
1736,12,15,17,19,23,09/04/2006
1735,8,15,17,27,28,08/04/2006
1734,1,14,15,17,25,07/04/2006
1733,1,6,15,20,21,06/04/2006
1732,3,4,5,6,20,05/04/2006
1731,3,5,6,24,26,04/04/2006
1730,3,11,18,20,25,03/04/2006
1729,2,9,18,19,25,02/04/2006
1728,4,14,18,22,25,01/04/2006
1727,4,6,8,9,13,31/03/2006
1726,5,11,24,26,28,30/03/2006
1725,8,12,13,14,18,29/03/2006
1724,3,11,12,15,26,28/03/2006
1723,1,14,22,25,26,27/03/2006
1722,8,9,11,15,18,26/03/2006
1721,4,12,16,19,27,25/03/2006
1720,5,10,15,21,23,24/03/2006
1719,2,4,6,13,24,23/03/2006
1718,2,5,11,13,25,22/03/2006
1717,2,16,21,25,26,21/03/2006
1716,1,2,12,19,27,20/03/2006
1715,3,4,6,20,28,19/03/2006
1714,2,11,17,23,27,18/03/2006
1713,3,10,11,22,26,17/03/2006
1712,13,14,21,23,26,16/03/2006
1711,13,16,18,19,27,15/03/2006
1710,6,8,16,23,27,14/03/2006
1709,3,11,13,16,25,13/03/2006
1708,1,2,3,5,6,12/03/2006
1707,8,10,18,24,27,11/03/2006
1706,6,8,15,18,28,10/03/2006
1705,1,7,15,19,24,09/03/2006
1704,1,15,25,27,28,08/03/2006
1703,4,17,19,26,28,07/03/2006
1702,13,17,18,23,28,06/03/2006
1701,7,11,14,18,19,05/03/2006
1700,4,13,14,15,22,04/03/2006
1699,4,6,13,15,22,03/03/2006
1698,5,11,15,17,27,02/03/2006
1697,14,17,21,25,28,01/03/2006
1696,9,16,20,25,26,28/02/2006
1695,16,19,20,22,23,27/02/2006
1694,13,19,21,22,25,26/02/2006
1693,4,10,15,19,28,25/02/2006
1692,6,21,22,24,27,24/02/2006
1691,2,7,12,14,17,23/02/2006
1690,2,12,18,20,21,22/02/2006
1689,4,11,14,21,27,21/02/2006
1688,2,6,22,23,27,20/02/2006
1687,4,6,22,24,28,19/02/2006
1686,4,5,9,23,26,18/02/2006
1685,4,6,12,27,28,17/02/2006
1684,5,6,11,21,25,16/02/2006
1683,1,3,5,8,18,15/02/2006
1682,16,20,21,24,25,14/02/2006
1681,4,7,9,12,15,13/02/2006
1680,1,11,12,16,19,12/02/2006
1679,8,10,19,20,23,11/02/2006
1678,5,8,11,13,14,10/02/2006
1677,5,10,11,17,18,09/02/2006
1676,13,15,16,25,28,08/02/2006
1675,3,4,7,15,21,07/02/2006
1674,11,18,21,26,28,06/02/2006
1673,2,3,7,20,24,05/02/2006
1672,1,4,18,23,25,04/02/2006
1671,5,11,14,18,26,03/02/2006
1670,1,11,12,16,25,02/02/2006
1669,2,10,20,22,25,01/02/2006
1668,11,18,19,20,21,31/01/2006
1667,4,8,13,25,28,30/01/2006
1666,1,11,13,17,28,29/01/2006
1665,2,7,9,12,22,28/01/2006
1664,6,7,11,26,27,27/01/2006
1663,9,12,13,24,26,26/01/2006
1662,4,10,14,17,19,25/01/2006
1661,4,7,15,16,23,24/01/2006
1660,10,11,18,20,24,23/01/2006
1659,4,10,17,19,28,22/01/2006
1658,5,7,18,23,28,21/01/2006
1657,1,2,8,15,24,20/01/2006
1656,12,16,21,22,28,19/01/2006
1655,1,6,24,27,28,18/01/2006
1654,1,7,16,20,23,17/01/2006
1653,2,5,7,12,14,16/01/2006
1652,1,7,20,21,24,15/01/2006
1651,9,10,21,27,28,14/01/2006
1650,6,16,23,25,26,13/01/2006
1649,6,13,15,19,24,12/01/2006
1648,10,11,13,16,21,11/01/2006
1647,11,14,21,22,28,10/01/2006
1646,5,12,23,25,27,09/01/2006
1645,4,9,10,22,27,08/01/2006
1644,6,7,9,16,25,07/01/2006
1643,7,9,17,18,22,06/01/2006
1642,4,6,9,11,26,05/01/2006
1641,3,6,11,22,25,04/01/2006
1640,5,11,18,20,21,03/01/2006
1639,3,5,17,19,28,02/01/2006
1638,3,7,12,14,21,01/01/2006
1637,6,12,13,21,27,31/12/2005
1636,1,2,7,18,23,30/12/2005
1635,7,19,20,21,25,29/12/2005
1634,1,13,20,26,28,28/12/2005
1633,1,5,13,18,27,27/12/2005
1632,2,17,18,24,27,26/12/2005
1631,5,15,18,26,27,25/12/2005
1630,5,8,9,12,28,24/12/2005
1629,5,9,12,27,28,23/12/2005
1628,2,3,14,15,17,22/12/2005
1627,3,20,24,27,28,21/12/2005
1626,3,8,10,13,25,20/12/2005
1625,5,13,18,19,24,19/12/2005
1624,4,15,18,23,26,18/12/2005
1623,1,2,11,21,22,17/12/2005
1622,8,11,13,19,26,16/12/2005
1621,3,12,16,23,28,15/12/2005
1620,1,13,19,23,24,14/12/2005
1619,1,5,14,24,25,13/12/2005
1618,2,5,16,17,28,12/12/2005
1617,7,8,12,15,19,11/12/2005
1616,4,21,22,25,27,10/12/2005
1615,4,6,11,14,17,09/12/2005
1614,8,11,13,23,25,08/12/2005
1613,3,7,16,25,28,07/12/2005
1612,2,14,21,25,26,06/12/2005
1611,6,8,11,15,16,05/12/2005
1610,16,17,25,26,28,04/12/2005
1609,3,11,12,15,19,03/12/2005
1608,3,8,20,25,28,02/12/2005
1607,4,5,7,12,27,01/12/2005
1606,6,12,15,27,28,30/11/2005
1605,10,16,19,27,28,29/11/2005
1604,2,4,5,18,26,28/11/2005
1603,1,3,4,6,8,27/11/2005
1602,15,16,19,25,26,26/11/2005
1601,13,15,20,21,22,25/11/2005
1600,5,8,9,16,22,24/11/2005
1599,2,14,19,22,26,23/11/2005
1598,2,7,13,17,24,22/11/2005
1597,5,7,12,18,24,21/11/2005
1596,8,14,15,19,22,20/11/2005
1595,14,15,16,17,25,19/11/2005
1594,4,15,21,22,24,18/11/2005
1593,4,11,18,24,28,17/11/2005
1592,6,14,16,17,21,16/11/2005
1591,9,11,13,20,25,15/11/2005
1590,3,14,16,20,23,14/11/2005
1589,1,7,17,21,28,13/11/2005
1588,13,23,24,25,27,12/11/2005
1587,5,6,13,15,18,11/11/2005
1586,7,15,16,17,23,10/11/2005
1585,3,4,8,12,22,09/11/2005
1584,11,13,19,20,28,08/11/2005
1583,10,12,15,22,23,07/11/2005
1582,5,12,22,23,25,06/11/2005
1581,14,23,24,25,28,05/11/2005
1580,7,9,15,22,23,04/11/2005
1579,4,6,7,8,24,03/11/2005
1578,9,13,17,24,26,02/11/2005
1577,7,12,19,22,23,01/11/2005
1576,5,7,11,17,23,31/10/2005
1575,2,7,8,10,28,30/10/2005
1574,2,5,12,19,22,29/10/2005
1573,2,18,19,21,28,28/10/2005
1572,9,10,12,18,23,27/10/2005
1571,6,15,18,25,27,26/10/2005
1570,5,8,16,18,28,25/10/2005
1569,3,5,9,15,18,24/10/2005
1568,4,5,9,16,25,23/10/2005
1567,4,9,17,18,24,22/10/2005
1566,3,4,17,25,27,21/10/2005
1565,3,6,8,10,18,20/10/2005
1564,2,15,16,26,28,19/10/2005
1563,5,6,9,11,27,18/10/2005
1562,2,10,12,16,28,17/10/2005
1561,2,5,7,15,24,16/10/2005
1560,2,4,6,12,22,15/10/2005
1559,3,4,6,23,28,14/10/2005
1558,4,6,19,24,27,13/10/2005
1557,10,11,13,20,23,12/10/2005
1556,2,15,17,20,27,11/10/2005
1555,8,10,11,17,24,10/10/2005
1554,9,13,22,23,24,09/10/2005
1553,1,10,14,20,23,08/10/2005
1552,1,2,17,19,27,07/10/2005
1551,4,7,12,13,27,06/10/2005
1550,2,9,14,21,28,05/10/2005
1549,2,3,6,17,18,04/10/2005
1548,5,15,18,19,22,03/10/2005
1547,9,10,20,21,22,02/10/2005
1546,2,3,10,18,23,01/10/2005
1545,4,5,19,24,25,30/09/2005
1544,2,7,15,26,27,29/09/2005
1543,3,11,12,18,20,28/09/2005
1542,2,7,8,15,18,27/09/2005
1541,6,12,21,22,23,26/09/2005
1540,3,14,15,19,26,25/09/2005
1539,9,13,15,19,28,24/09/2005
1538,5,7,8,13,15,23/09/2005
1537,16,17,22,23,25,22/09/2005
1536,1,7,11,18,26,21/09/2005
1535,2,5,7,15,24,20/09/2005
1534,1,2,3,5,13,19/09/2005
1533,2,6,16,20,24,18/09/2005
1532,8,14,21,23,26,17/09/2005
1531,8,9,10,16,19,16/09/2005
1530,2,4,14,17,21,15/09/2005
1529,2,5,16,21,27,14/09/2005
1528,1,7,10,13,25,13/09/2005
1527,5,6,15,16,20,12/09/2005
1526,2,5,15,25,28,11/09/2005
1525,2,11,15,26,27,10/09/2005
1524,2,15,16,18,26,09/09/2005
1523,3,6,8,13,22,08/09/2005
1522,10,17,22,27,28,07/09/2005
1521,13,14,15,18,25,06/09/2005
1520,5,15,17,18,22,05/09/2005
1519,1,2,7,9,10,04/09/2005
1518,10,11,15,17,22,03/09/2005
1517,1,3,6,12,17,02/09/2005
1516,3,9,14,20,27,01/09/2005
1515,11,18,19,24,25,31/08/2005
1514,1,4,10,15,22,30/08/2005
1513,1,6,9,13,25,29/08/2005
1512,5,6,14,21,23,28/08/2005
1511,11,18,19,20,21,27/08/2005
1510,10,11,12,16,24,26/08/2005
1509,2,12,13,18,28,25/08/2005
1508,4,5,15,19,21,24/08/2005
1507,5,6,12,15,19,23/08/2005
1506,13,22,23,24,25,22/08/2005
1505,5,9,11,14,16,21/08/2005
1504,3,5,17,23,26,20/08/2005
1503,5,14,16,21,28,19/08/2005
1502,1,5,7,14,27,18/08/2005
1501,7,21,22,24,25,17/08/2005
1500,5,13,15,25,28,16/08/2005
1499,7,9,12,17,24,15/08/2005
1498,2,3,4,18,22,14/08/2005
1497,4,16,17,23,24,13/08/2005
1496,4,12,14,23,26,12/08/2005
1495,4,7,8,9,13,11/08/2005
1494,6,7,8,24,27,10/08/2005
1493,3,4,6,17,21,09/08/2005
1492,9,13,20,25,26,08/08/2005
1491,8,12,20,21,26,07/08/2005
1490,1,4,18,21,28,06/08/2005
1489,6,7,17,18,24,05/08/2005
1488,2,17,18,19,23,04/08/2005
1487,13,19,21,22,26,03/08/2005
1486,1,11,16,19,26,02/08/2005
1485,8,17,19,21,25,01/08/2005
1484,2,6,11,18,28,31/07/2005
1483,4,8,18,20,27,30/07/2005
1482,3,10,15,22,26,29/07/2005
1481,3,13,16,19,27,28/07/2005
1480,3,7,11,15,28,27/07/2005
1479,1,6,8,14,18,26/07/2005
1478,9,13,14,17,26,25/07/2005
1477,1,15,20,25,27,24/07/2005
1476,4,7,13,22,23,23/07/2005
1475,5,6,9,12,25,22/07/2005
1474,3,10,14,16,23,21/07/2005
1473,2,12,14,22,26,20/07/2005
1472,5,11,12,18,28,19/07/2005
1471,5,7,17,18,20,18/07/2005
1470,1,13,15,23,27,17/07/2005
1469,3,8,11,17,18,16/07/2005
1468,2,11,15,17,18,15/07/2005
1467,11,14,16,19,28,14/07/2005
1466,2,4,11,16,20,13/07/2005
1465,11,19,20,23,24,12/07/2005
1464,5,7,12,13,22,11/07/2005
1463,20,21,24,27,28,10/07/2005
1462,5,15,17,20,21,09/07/2005
1461,7,10,14,16,25,08/07/2005
1460,4,7,13,18,21,07/07/2005
1459,1,12,16,18,28,06/07/2005
1458,10,17,23,27,28,05/07/2005
1457,1,9,10,22,25,04/07/2005
1456,4,6,8,9,12,03/07/2005
1455,1,3,8,23,28,02/07/2005
1454,1,13,17,18,21,01/07/2005
1453,5,17,18,19,24,30/06/2005
1452,2,3,8,13,18,29/06/2005
1451,7,8,10,25,27,28/06/2005
1450,1,3,9,21,26,27/06/2005
1449,9,14,16,17,22,26/06/2005
1448,1,4,10,24,25,25/06/2005
1447,6,8,14,19,24,24/06/2005
1446,12,13,18,26,27,23/06/2005
1445,1,3,16,25,28,22/06/2005
1444,7,9,18,26,27,21/06/2005
1443,8,11,13,20,27,20/06/2005
1442,1,7,10,15,17,19/06/2005
1441,6,10,14,18,24,18/06/2005
1440,1,5,21,24,25,17/06/2005
1439,5,7,14,18,26,16/06/2005
1438,1,13,16,19,23,15/06/2005
1437,1,4,9,11,16,14/06/2005
1436,3,8,14,17,27,13/06/2005
1435,4,9,14,16,28,12/06/2005
1434,2,4,9,14,26,11/06/2005
1433,13,17,24,26,27,10/06/2005
1432,10,15,16,23,26,09/06/2005
1431,5,7,12,15,18,08/06/2005
1430,9,11,12,19,20,07/06/2005
1429,4,14,21,24,28,06/06/2005
1428,5,17,20,22,23,05/06/2005
1427,5,6,7,23,28,04/06/2005
1426,8,12,15,21,24,03/06/2005
1425,11,12,13,21,28,02/06/2005
1424,4,7,12,20,22,01/06/2005
1423,7,10,15,19,25,31/05/2005
1422,4,8,11,17,26,30/05/2005
1421,4,6,7,12,24,29/05/2005
1420,5,10,12,15,21,28/05/2005
1419,2,7,9,17,24,27/05/2005
1418,5,8,21,22,26,26/05/2005
1417,5,11,16,25,26,25/05/2005
1416,3,5,7,14,18,24/05/2005
1415,4,5,6,12,27,23/05/2005
1414,6,19,21,22,25,22/05/2005
1413,8,9,13,15,27,21/05/2005
1412,8,13,14,15,19,20/05/2005
1411,5,10,12,20,23,19/05/2005
1410,2,13,23,26,28,18/05/2005
1409,1,2,22,26,28,17/05/2005
1408,5,6,12,18,24,16/05/2005
1407,2,4,7,11,25,15/05/2005
1406,9,15,16,24,27,14/05/2005
1405,5,9,10,24,26,13/05/2005
1404,8,10,12,17,23,12/05/2005
1403,5,7,23,24,25,11/05/2005
1402,6,11,15,19,23,10/05/2005
1401,2,15,17,18,24,09/05/2005
1400,15,16,19,25,28,08/05/2005
1399,8,13,16,23,24,07/05/2005
1398,2,16,17,21,28,06/05/2005
1397,1,9,15,22,24,05/05/2005
1396,3,11,17,22,23,04/05/2005
1395,4,9,19,22,25,03/05/2005
1394,1,2,4,7,10,02/05/2005
1393,11,13,20,23,26,01/05/2005
1392,10,18,20,23,24,30/04/2005
1391,4,13,18,21,24,29/04/2005
1390,1,9,13,20,27,28/04/2005
1389,14,17,22,27,28,27/04/2005
1388,5,8,16,17,23,26/04/2005
1387,6,8,21,22,28,25/04/2005
1386,4,15,21,25,28,24/04/2005
1385,2,8,11,17,26,23/04/2005
1384,1,6,14,19,24,22/04/2005
1383,3,9,13,14,23,21/04/2005
1382,4,15,16,17,19,20/04/2005
1381,5,8,15,17,26,19/04/2005
1380,2,6,9,12,19,18/04/2005
1379,9,14,20,21,23,17/04/2005
1378,5,14,22,26,28,16/04/2005
1377,15,16,21,24,28,15/04/2005
1376,5,6,10,19,23,14/04/2005
1375,15,20,21,25,27,13/04/2005
1374,4,6,19,21,23,12/04/2005
1373,6,12,18,20,28,11/04/2005
1372,4,9,16,21,25,10/04/2005
1371,8,18,20,22,25,09/04/2005
1370,1,3,6,14,24,08/04/2005
1369,7,11,13,18,22,07/04/2005
1368,3,4,9,14,15,06/04/2005
1367,10,12,13,16,20,05/04/2005
1366,2,9,11,24,25,04/04/2005
1365,3,4,17,20,25,03/04/2005
1364,10,12,13,16,19,02/04/2005
1363,3,5,7,21,23,01/04/2005
1362,1,4,16,17,21,31/03/2005
1361,1,2,6,10,23,30/03/2005
1360,3,14,17,21,23,29/03/2005
1359,10,14,17,21,24,28/03/2005
1358,4,5,9,16,17,27/03/2005
1357,8,15,22,23,24,26/03/2005
1356,4,9,10,13,18,25/03/2005
1355,3,7,14,22,24,24/03/2005
1354,4,6,17,22,25,23/03/2005
1353,4,12,16,18,20,22/03/2005
1352,1,12,13,15,21,21/03/2005
1351,1,7,9,11,24,20/03/2005
1350,3,11,17,19,22,19/03/2005
1349,2,6,12,18,25,18/03/2005
1348,5,7,13,17,25,17/03/2005
1347,1,2,5,10,14,16/03/2005
1346,5,10,18,19,20,15/03/2005
1345,10,11,18,22,24,14/03/2005
1344,1,2,12,13,20,13/03/2005
1343,6,7,13,16,19,12/03/2005
1342,2,4,8,14,17,11/03/2005
1341,1,7,18,21,23,10/03/2005
1340,2,4,7,9,23,09/03/2005
1339,5,6,16,17,21,08/03/2005
1338,4,12,14,17,20,07/03/2005
1337,11,12,13,17,20,06/03/2005
1336,5,13,18,20,23,05/03/2005
1335,2,4,10,12,25,04/03/2005
1334,8,9,22,23,24,03/03/2005
1333,7,12,13,23,25,02/03/2005
1332,8,10,15,16,22,01/03/2005
1331,5,9,10,16,19,28/02/2005
1330,8,13,19,20,21,27/02/2005
1329,12,16,18,20,25,26/02/2005
1328,1,5,10,13,22,25/02/2005
1327,6,8,10,12,19,24/02/2005
1326,9,13,14,16,19,23/02/2005
1325,3,11,12,18,21,22/02/2005
1324,3,8,13,15,18,21/02/2005
1323,2,7,9,10,11,20/02/2005
1322,14,16,19,20,22,19/02/2005
1321,1,4,13,15,19,18/02/2005
1320,4,7,12,16,24,17/02/2005
1319,3,6,7,17,19,16/02/2005
1318,1,4,19,20,24,15/02/2005
1317,1,9,10,12,18,14/02/2005
1316,18,19,21,24,25,13/02/2005
1315,4,9,13,17,18,12/02/2005
1314,6,9,11,14,22,11/02/2005
1313,4,6,8,11,25,10/02/2005
1312,3,17,18,20,23,09/02/2005
1311,9,12,13,23,25,08/02/2005
1310,1,3,4,18,24,07/02/2005
1309,2,9,12,16,21,06/02/2005
1308,1,3,5,18,25,05/02/2005
1307,1,16,17,20,25,04/02/2005
1306,9,10,13,17,23,03/02/2005
1305,2,5,11,23,25,02/02/2005
1304,1,9,15,20,25,01/02/2005
1303,7,9,13,21,23,31/01/2005
1302,2,8,15,17,22,30/01/2005
1301,7,9,19,24,25,29/01/2005
1300,6,10,21,22,25,28/01/2005
1299,2,6,15,23,24,27/01/2005
1298,1,6,19,21,23,26/01/2005
1297,9,12,14,15,18,25/01/2005
1296,9,11,12,15,25,24/01/2005
1295,9,11,13,15,17,23/01/2005
1294,2,4,5,13,14,22/01/2005
1293,11,12,17,18,21,21/01/2005
1292,2,7,15,17,25,20/01/2005
1291,1,13,15,16,22,19/01/2005
1290,6,8,11,17,25,18/01/2005
1289,2,8,11,13,17,17/01/2005
1288,17,19,22,23,24,16/01/2005
1287,9,15,20,23,25,15/01/2005
1286,6,9,10,18,25,14/01/2005
1285,6,8,11,13,17,13/01/2005
1284,10,11,15,17,25,12/01/2005
1283,10,14,18,19,22,11/01/2005
1282,2,4,13,23,24,10/01/2005
1281,4,16,17,18,24,09/01/2005
1280,3,8,19,23,24,08/01/2005
1279,12,17,20,22,25,07/01/2005
1278,10,12,13,14,22,06/01/2005
1277,1,2,5,17,24,05/01/2005
1276,6,12,16,18,19,04/01/2005
1275,4,7,9,17,24,03/01/2005
1274,6,7,15,19,24,02/01/2005
1273,4,9,13,17,24,01/01/2005
1272,10,14,17,18,25,31/12/2004
1271,1,2,15,17,18,30/12/2004
1270,1,3,8,12,14,29/12/2004
1269,3,5,7,11,25,28/12/2004
1268,11,14,18,23,24,27/12/2004
1267,2,4,7,20,24,26/12/2004
1266,1,18,20,22,25,25/12/2004
1265,3,8,11,22,23,24/12/2004
1264,12,17,18,19,21,23/12/2004
1263,7,11,14,24,25,22/12/2004
1262,11,12,17,19,20,21/12/2004
1261,5,10,13,23,25,20/12/2004
1260,2,7,15,16,21,19/12/2004
1259,3,13,17,19,23,18/12/2004
1258,10,17,21,22,25,17/12/2004
1257,5,8,14,17,20,16/12/2004
1256,2,4,10,15,16,15/12/2004
1255,6,8,13,15,23,14/12/2004
1254,1,10,11,15,20,13/12/2004
1253,10,13,19,20,25,12/12/2004
1252,1,7,10,14,21,11/12/2004
1251,6,8,10,14,19,10/12/2004
1250,7,9,13,19,24,09/12/2004
1249,3,5,10,14,16,08/12/2004
1248,10,12,18,19,25,07/12/2004
1247,1,11,13,15,19,06/12/2004
1246,10,11,13,20,21,05/12/2004
1245,2,4,7,13,17,04/12/2004
1244,15,20,22,23,25,03/12/2004
1243,6,9,16,20,21,02/12/2004
1242,4,5,8,17,18,01/12/2004
1241,4,8,11,12,17,30/11/2004
1240,3,6,7,12,18,29/11/2004
1239,1,3,10,11,25,28/11/2004
1238,6,7,12,23,24,27/11/2004
1237,1,9,11,15,17,26/11/2004
1236,4,5,6,15,23,25/11/2004
1235,4,12,13,21,23,24/11/2004
1234,6,8,14,15,19,23/11/2004
1233,2,3,9,15,16,22/11/2004
1232,2,9,13,15,17,21/11/2004
1231,5,15,18,21,22,20/11/2004
1230,5,12,14,20,25,19/11/2004
1229,1,6,16,20,22,18/11/2004
1228,5,9,11,19,25,17/11/2004
1227,3,6,7,18,22,16/11/2004
1226,2,6,15,17,21,15/11/2004
1225,1,8,17,19,21,14/11/2004
1224,2,10,16,17,22,13/11/2004
1223,3,5,13,20,23,12/11/2004
1222,5,8,9,11,18,11/11/2004
1221,8,11,14,21,24,10/11/2004
1220,2,4,9,20,21,09/11/2004
1219,4,8,18,19,20,08/11/2004
1218,1,4,6,17,24,07/11/2004
1217,1,9,12,14,18,06/11/2004
1216,10,11,12,14,25,05/11/2004
1215,1,15,16,19,23,04/11/2004
1214,6,7,15,17,24,03/11/2004
1213,1,4,7,12,17,02/11/2004
1212,2,7,14,17,22,01/11/2004
1211,4,5,11,12,13,31/10/2004
1210,1,2,5,12,23,30/10/2004
1209,1,4,16,22,23,29/10/2004
1208,1,9,13,20,24,28/10/2004
1207,6,8,11,14,15,27/10/2004
1206,5,8,11,19,24,26/10/2004
1205,8,14,16,21,25,25/10/2004
1204,2,9,19,23,25,24/10/2004
1203,4,9,10,22,24,23/10/2004
1202,2,5,8,15,17,22/10/2004
1201,8,17,18,20,25,21/10/2004
1200,6,7,9,13,16,20/10/2004
1199,2,3,10,15,20,19/10/2004
1198,3,9,19,21,25,18/10/2004
1197,3,4,5,12,19,17/10/2004
1196,3,6,11,12,25,16/10/2004
1195,1,3,10,20,25,15/10/2004
1194,1,3,8,16,24,14/10/2004
1193,1,2,4,18,24,13/10/2004
1192,1,17,22,23,25,12/10/2004
1191,6,14,17,24,25,11/10/2004
1190,6,8,11,13,17,10/10/2004
1189,3,4,5,8,16,09/10/2004
1188,5,15,17,21,23,08/10/2004
1187,4,9,19,23,24,07/10/2004
1186,2,5,8,11,15,06/10/2004
1185,7,12,15,21,25,05/10/2004
1184,4,6,18,22,25,04/10/2004
1183,4,6,8,15,16,03/10/2004
1182,2,3,4,14,22,02/10/2004
1181,5,9,11,15,20,01/10/2004
1180,6,7,10,19,22,30/09/2004
1179,3,7,8,14,25,29/09/2004
1178,5,7,16,21,23,28/09/2004
1177,6,8,11,20,21,27/09/2004
1176,2,7,11,14,18,26/09/2004
1175,1,7,12,19,23,25/09/2004
1174,6,9,13,14,18,24/09/2004
1173,5,13,14,20,22,23/09/2004
1172,9,13,17,21,25,22/09/2004
1171,10,13,15,16,18,21/09/2004
1170,2,4,15,16,17,20/09/2004
1169,7,10,12,17,20,19/09/2004
1168,3,5,16,19,20,18/09/2004
1167,1,2,3,22,23,17/09/2004
1166,4,20,21,22,23,16/09/2004
1165,2,8,10,11,13,15/09/2004
1164,1,5,13,18,22,14/09/2004
1163,5,8,9,14,23,13/09/2004
1162,7,10,12,18,20,12/09/2004
1161,7,10,12,13,16,11/09/2004
1160,5,6,8,19,23,10/09/2004
1159,5,8,9,15,18,09/09/2004
1158,1,3,8,11,22,08/09/2004
1157,15,17,19,21,24,07/09/2004
1156,3,7,19,21,23,06/09/2004
1155,17,18,20,21,24,05/09/2004
1154,4,7,13,20,21,04/09/2004
1153,4,9,10,15,17,03/09/2004
1152,4,11,15,17,19,02/09/2004
1151,6,8,9,13,14,01/09/2004
1150,6,7,10,13,24,31/08/2004
1149,10,12,13,15,25,30/08/2004
1148,6,11,22,23,25,29/08/2004
1147,4,6,7,19,20,28/08/2004
1146,3,5,10,18,24,27/08/2004
1145,3,9,20,21,23,26/08/2004
1144,2,4,6,14,25,25/08/2004
1143,7,9,10,20,25,24/08/2004
1142,4,9,12,15,25,23/08/2004
1141,3,10,13,20,24,22/08/2004
1140,2,5,12,18,25,21/08/2004
1139,1,6,7,12,25,20/08/2004
1138,5,6,9,24,25,19/08/2004
1137,2,6,7,10,23,18/08/2004
1136,10,13,18,20,23,17/08/2004
1135,4,5,7,23,24,16/08/2004
1134,7,15,17,21,24,15/08/2004
1133,6,9,11,19,24,14/08/2004
1132,1,5,9,10,14,13/08/2004
1131,1,7,10,12,18,12/08/2004
1130,3,4,12,18,19,11/08/2004
1129,12,16,17,22,25,10/08/2004
1128,5,7,10,15,23,09/08/2004
1127,3,4,5,13,22,08/08/2004
1126,3,10,17,19,24,07/08/2004
1125,7,13,19,20,23,06/08/2004
1124,4,5,7,8,24,05/08/2004
1123,1,11,13,17,19,04/08/2004
1122,2,4,18,22,23,03/08/2004
1121,6,9,14,17,23,02/08/2004
1120,3,7,8,15,21,01/08/2004
1119,6,7,12,14,20,31/07/2004
1118,8,13,16,21,23,30/07/2004
1117,10,11,12,16,17,29/07/2004
1116,6,10,13,15,24,28/07/2004
1115,8,11,15,18,25,27/07/2004
1114,3,7,19,24,25,26/07/2004
1113,4,7,15,22,23,25/07/2004
1112,4,8,12,19,20,24/07/2004
1111,1,2,8,9,23,23/07/2004
1110,2,3,4,14,25,22/07/2004
1109,4,5,7,9,10,21/07/2004
1108,2,3,9,12,17,20/07/2004
1107,7,11,14,18,22,19/07/2004
1106,1,7,9,18,25,18/07/2004
1105,9,13,14,22,23,17/07/2004
1104,2,8,10,15,24,16/07/2004
1103,2,3,4,24,25,15/07/2004
1102,4,11,15,22,23,14/07/2004
1101,5,9,10,12,25,13/07/2004
1100,1,2,6,14,24,12/07/2004
1099,11,13,14,18,22,11/07/2004
1098,5,13,16,18,24,10/07/2004
1097,6,9,10,11,23,09/07/2004
1096,4,6,14,20,23,08/07/2004
1095,9,13,19,22,24,07/07/2004
1094,8,10,12,22,24,06/07/2004
1093,1,13,18,23,24,05/07/2004
1092,5,12,16,21,25,04/07/2004
1091,6,11,16,17,19,03/07/2004
1090,4,8,14,15,17,02/07/2004
1089,9,14,16,20,24,01/07/2004
1088,5,14,16,21,22,30/06/2004
1087,3,7,13,20,22,29/06/2004
1086,5,15,21,22,23,28/06/2004
1085,1,11,12,19,20,27/06/2004
1084,1,5,17,21,22,26/06/2004
1083,3,5,8,12,18,25/06/2004
1082,6,9,14,24,25,24/06/2004
1081,4,7,10,14,25,23/06/2004
1080,6,8,14,16,21,22/06/2004
1079,1,4,18,20,23,21/06/2004
1078,1,5,8,18,25,20/06/2004
1077,1,2,12,16,17,19/06/2004
1076,4,14,18,19,20,18/06/2004
1075,10,11,12,13,25,17/06/2004
1074,2,13,18,22,23,16/06/2004
1073,2,9,10,22,25,15/06/2004
1072,3,5,7,22,23,14/06/2004
1071,2,6,11,19,22,13/06/2004
1070,1,2,14,20,24,12/06/2004
1069,7,10,13,18,23,11/06/2004
1068,12,15,16,18,23,10/06/2004
1067,4,5,11,19,22,09/06/2004
1066,4,8,14,18,20,08/06/2004
1065,8,12,17,18,21,07/06/2004
1064,10,11,19,23,25,06/06/2004
1063,1,15,16,17,25,05/06/2004
1062,1,7,13,15,23,04/06/2004
1061,10,12,13,17,25,03/06/2004
1060,1,7,13,17,22,02/06/2004
1059,1,11,17,20,23,01/06/2004
1058,2,7,11,18,22,31/05/2004
1057,5,13,17,18,24,30/05/2004
1056,1,8,10,15,21,29/05/2004
1055,3,4,5,10,22,28/05/2004
1054,1,9,13,14,17,27/05/2004
1053,4,5,10,13,25,26/05/2004
1052,1,13,14,16,17,25/05/2004
1051,2,8,10,14,15,24/05/2004
1050,6,10,14,24,25,23/05/2004
1049,12,13,15,18,24,22/05/2004
1048,6,8,14,22,25,21/05/2004
1047,1,6,8,17,18,20/05/2004
1046,9,10,15,22,24,19/05/2004
1045,10,15,16,22,23,18/05/2004
1044,1,2,12,13,19,17/05/2004
1043,1,4,7,11,25,16/05/2004
1042,12,18,23,24,25,15/05/2004
1041,7,8,17,19,23,14/05/2004
1040,5,8,17,20,23,13/05/2004
1039,2,9,11,17,25,12/05/2004
1038,8,9,10,11,12,11/05/2004
1037,15,17,19,22,23,10/05/2004
1036,1,10,16,20,25,09/05/2004
1035,1,11,19,21,23,08/05/2004
1034,1,6,19,20,24,07/05/2004
1033,10,11,14,15,19,06/05/2004
1032,1,4,16,24,25,05/05/2004
1031,3,8,12,21,23,04/05/2004
1030,2,8,15,18,22,03/05/2004
1029,1,10,12,16,24,02/05/2004
1028,2,8,12,14,17,01/05/2004
1027,3,4,8,13,20,30/04/2004
1026,2,10,17,20,23,29/04/2004
1025,5,9,12,21,25,28/04/2004
1024,1,6,11,12,22,27/04/2004
1023,4,9,10,17,22,26/04/2004
1022,5,13,14,17,18,25/04/2004
1021,2,6,14,18,24,24/04/2004
1020,2,3,10,19,24,23/04/2004
1019,2,8,20,23,24,22/04/2004
1018,1,8,10,19,21,21/04/2004
1017,4,13,14,17,25,20/04/2004
1016,5,7,15,19,20,19/04/2004
1015,9,14,18,19,22,18/04/2004
1014,1,6,17,20,24,17/04/2004
1013,5,6,9,12,21,16/04/2004
1012,4,7,14,17,19,15/04/2004
1011,3,6,10,11,20,14/04/2004
1010,10,18,20,22,24,13/04/2004
1009,1,4,6,16,21,12/04/2004
1008,1,8,9,19,20,11/04/2004
1007,1,7,13,18,22,10/04/2004
1006,4,9,15,18,19,09/04/2004
1005,2,5,10,11,19,08/04/2004
1004,5,10,18,21,24,07/04/2004
1003,2,4,7,15,19,06/04/2004
1002,5,6,8,10,19,05/04/2004
1001,11,20,22,24,25,04/04/2004
1000,2,4,7,9,16,03/04/2004
999,5,10,15,17,19,02/04/2004
998,2,3,6,14,22,01/04/2004
997,11,12,13,16,24,31/03/2004
996,15,17,19,22,23,30/03/2004
995,3,5,9,13,20,29/03/2004
994,2,9,13,14,23,28/03/2004
993,1,6,16,17,25,27/03/2004
992,13,16,17,22,24,26/03/2004
991,1,3,9,21,24,25/03/2004
990,7,8,10,12,13,24/03/2004
989,1,5,8,11,22,23/03/2004
988,3,14,16,19,21,22/03/2004
987,2,10,13,19,21,21/03/2004
986,7,10,12,19,24,20/03/2004
985,5,7,11,12,15,19/03/2004
984,1,2,7,18,22,18/03/2004
983,3,9,13,15,16,17/03/2004
982,1,5,6,9,12,16/03/2004
981,3,7,9,12,24,15/03/2004
980,2,6,11,13,24,14/03/2004
979,1,11,15,17,24,13/03/2004
978,12,13,14,16,18,12/03/2004
977,5,15,16,18,21,11/03/2004
976,5,8,12,15,23,10/03/2004
975,1,4,14,17,23,09/03/2004
974,3,8,11,17,22,08/03/2004
973,4,12,13,17,23,07/03/2004
972,3,8,15,21,24,06/03/2004
971,3,13,16,22,23,05/03/2004
970,2,3,4,18,25,04/03/2004
969,10,13,18,19,22,03/03/2004
968,1,5,8,13,21,02/03/2004
967,5,12,18,19,21,01/03/2004
966,11,12,15,17,22,29/02/2004
965,4,6,14,16,25,28/02/2004
964,5,11,12,20,25,27/02/2004
963,1,2,7,8,24,26/02/2004
962,3,11,14,19,22,25/02/2004
961,4,6,7,15,16,24/02/2004
960,1,15,23,24,25,23/02/2004
959,10,17,20,21,24,22/02/2004
958,6,9,16,19,20,21/02/2004
957,17,18,19,21,25,20/02/2004
956,5,15,18,23,25,19/02/2004
955,2,13,15,17,18,18/02/2004
954,5,11,12,18,22,17/02/2004
953,4,10,23,24,25,16/02/2004
952,7,11,16,19,22,15/02/2004
951,1,4,9,11,17,14/02/2004
950,1,3,5,11,24,13/02/2004
949,1,8,13,17,25,12/02/2004
948,1,8,10,20,23,11/02/2004
947,3,10,13,17,23,10/02/2004
946,3,10,19,20,22,09/02/2004
945,5,7,14,15,24,08/02/2004
944,1,12,13,21,25,07/02/2004
943,4,15,17,23,25,06/02/2004
942,4,8,15,18,20,05/02/2004
941,1,3,6,20,23,04/02/2004
940,1,2,12,16,18,03/02/2004
939,2,6,11,22,24,02/02/2004
938,8,10,16,23,24,01/02/2004
937,2,7,10,11,24,31/01/2004
936,6,9,13,18,23,30/01/2004
935,4,11,16,20,22,29/01/2004
934,2,8,14,15,20,28/01/2004
933,1,10,15,20,21,27/01/2004
932,7,8,11,15,21,26/01/2004
931,8,11,12,18,20,25/01/2004
930,2,4,8,14,17,24/01/2004
929,6,15,17,23,25,23/01/2004
928,6,12,14,15,18,22/01/2004
927,1,2,3,16,20,21/01/2004
926,1,4,19,23,25,20/01/2004
925,2,3,11,15,21,19/01/2004
924,1,3,8,10,21,18/01/2004
923,1,5,8,15,22,17/01/2004
922,4,8,10,14,19,16/01/2004
921,9,11,19,21,23,15/01/2004
920,5,10,12,14,18,14/01/2004
919,11,14,15,18,24,13/01/2004
918,1,12,19,24,25,12/01/2004
917,5,8,18,22,25,11/01/2004
916,4,12,13,16,25,10/01/2004
915,6,13,20,21,25,09/01/2004
914,2,5,6,19,25,08/01/2004
913,1,7,10,20,21,07/01/2004
912,3,18,21,22,23,06/01/2004
911,6,10,14,16,21,05/01/2004
910,3,16,20,23,25,04/01/2004
909,3,6,15,19,23,03/01/2004
908,2,3,15,16,19,02/01/2004
907,1,2,3,14,16,01/01/2004
906,2,10,12,13,18,31/12/2003
905,3,6,16,23,25,30/12/2003
904,4,7,8,16,19,29/12/2003
903,2,4,6,13,22,28/12/2003
902,6,7,12,20,21,27/12/2003
901,1,2,5,12,17,26/12/2003
900,5,8,10,11,22,25/12/2003
899,2,7,16,17,24,24/12/2003
898,4,6,8,9,16,23/12/2003
897,2,11,20,21,25,22/12/2003
896,1,11,19,20,25,21/12/2003
895,3,7,14,17,18,20/12/2003
894,1,5,13,15,16,19/12/2003
893,7,11,12,20,23,18/12/2003
892,1,3,8,11,12,17/12/2003
891,5,8,17,21,25,16/12/2003
890,3,4,5,8,12,15/12/2003
889,5,6,12,21,22,14/12/2003
888,1,6,20,21,22,13/12/2003
887,3,4,12,18,19,12/12/2003
886,2,7,14,18,20,11/12/2003
885,6,11,13,19,25,10/12/2003
884,2,3,4,17,21,09/12/2003
883,2,4,5,10,19,08/12/2003
882,6,14,18,20,25,07/12/2003
881,1,11,12,20,24,06/12/2003
880,7,10,11,19,24,05/12/2003
879,4,10,15,20,22,04/12/2003
878,3,6,11,14,20,03/12/2003
877,2,10,17,20,23,02/12/2003
876,5,19,20,24,25,01/12/2003
875,1,6,11,13,17,30/11/2003
874,13,15,20,22,23,29/11/2003
873,2,4,17,21,23,28/11/2003
872,7,9,10,15,23,27/11/2003
871,5,8,18,19,24,26/11/2003
870,14,17,18,21,25,25/11/2003
869,7,13,14,21,24,24/11/2003
868,6,8,14,19,25,23/11/2003
867,5,7,12,15,21,22/11/2003
866,13,20,21,24,25,21/11/2003
865,3,8,10,17,20,20/11/2003
864,1,2,10,14,18,19/11/2003
863,2,12,18,20,21,18/11/2003
862,6,20,22,24,25,17/11/2003
861,6,7,9,18,21,16/11/2003
860,2,3,5,6,22,15/11/2003
859,2,3,6,22,24,14/11/2003
858,3,5,9,11,22,13/11/2003
857,2,5,10,12,23,12/11/2003
856,1,7,19,20,22,11/11/2003
855,1,8,19,23,24,10/11/2003
854,9,11,14,15,20,09/11/2003
853,4,12,16,20,23,08/11/2003
852,2,3,4,13,16,07/11/2003
851,3,22,23,24,25,06/11/2003
850,2,3,9,18,25,05/11/2003
849,3,8,10,14,24,04/11/2003
848,2,7,16,18,20,03/11/2003
847,5,7,13,15,25,01/11/2003
846,4,6,8,10,23,31/10/2003
845,6,10,21,23,25,30/10/2003
844,1,3,12,13,18,29/10/2003
843,4,9,22,24,25,28/10/2003
842,4,10,11,18,24,27/10/2003
841,8,10,12,14,16,25/10/2003
840,2,3,8,14,16,24/10/2003
839,4,18,20,21,23,23/10/2003
838,1,5,8,15,24,22/10/2003
837,2,9,16,17,20,21/10/2003
836,6,14,17,18,19,20/10/2003
835,1,10,17,21,23,18/10/2003
834,2,7,16,17,19,17/10/2003
833,6,10,12,19,21,16/10/2003
832,1,15,22,23,24,15/10/2003
831,1,14,15,16,20,14/10/2003
830,3,15,20,21,25,13/10/2003
829,1,5,14,15,24,11/10/2003
828,8,9,16,18,23,10/10/2003
827,8,16,21,22,25,09/10/2003
826,4,8,17,19,24,08/10/2003
825,4,20,21,24,25,07/10/2003
824,4,15,17,23,25,06/10/2003
823,2,3,8,17,18,04/10/2003
822,3,18,22,24,25,03/10/2003
821,7,10,15,16,19,02/10/2003
820,11,13,16,18,25,01/10/2003
819,6,7,12,22,23,30/09/2003
818,2,5,6,23,24,29/09/2003
817,1,2,10,13,16,27/09/2003
816,7,9,12,13,24,26/09/2003
815,5,9,12,20,25,25/09/2003
814,7,8,10,18,23,24/09/2003
813,3,6,9,14,24,23/09/2003
812,1,14,18,23,25,22/09/2003
811,1,4,14,19,23,20/09/2003
810,3,6,7,16,23,19/09/2003
809,3,9,16,19,25,18/09/2003
808,1,9,14,15,18,17/09/2003
807,10,16,17,19,21,16/09/2003
806,4,11,15,22,25,15/09/2003
805,3,15,16,21,25,13/09/2003
804,9,11,17,19,25,12/09/2003
803,1,4,6,7,8,11/09/2003
802,2,4,14,15,18,10/09/2003
801,6,9,20,22,25,09/09/2003
800,10,12,13,19,25,08/09/2003
799,3,6,11,15,21,06/09/2003
798,5,11,13,16,20,05/09/2003
797,13,19,20,21,24,05/09/2003
796,2,15,16,22,23,03/09/2003
795,4,13,16,19,20,02/09/2003
794,6,9,13,15,21,01/09/2003
793,17,19,21,22,24,30/08/2003
792,3,6,7,14,18,29/08/2003
791,2,14,15,18,22,28/08/2003
790,5,15,17,18,25,27/08/2003
789,1,7,9,10,13,26/08/2003
788,5,16,18,23,25,25/08/2003
787,4,12,16,22,23,23/08/2003
786,2,3,8,15,18,22/08/2003
785,4,17,19,24,25,21/08/2003
784,2,8,10,12,13,20/08/2003
783,7,8,12,16,25,19/08/2003
782,4,11,12,13,25,18/08/2003
781,1,3,9,11,24,16/08/2003
780,4,5,8,14,16,15/08/2003
779,7,9,13,20,25,14/08/2003
778,8,9,13,20,24,13/08/2003
777,6,15,16,20,22,12/08/2003
776,6,14,16,21,24,11/08/2003
775,10,13,15,21,22,09/08/2003
774,5,8,9,16,22,08/08/2003
773,4,14,17,18,22,07/08/2003
772,5,7,10,16,19,06/08/2003
771,11,12,15,17,21,05/08/2003
770,2,5,6,15,25,04/08/2003
769,2,3,14,18,24,02/08/2003
768,1,5,12,16,21,01/08/2003
767,3,7,8,18,20,31/07/2003
766,2,13,14,21,25,30/07/2003
765,4,15,16,17,25,29/07/2003
764,3,11,14,24,25,28/07/2003
763,7,8,15,18,24,26/07/2003
762,6,11,12,15,24,25/07/2003
761,6,8,10,15,21,24/07/2003
760,2,4,9,16,17,23/07/2003
759,1,16,17,18,20,22/07/2003
758,7,10,11,15,16,21/07/2003
757,4,18,20,21,25,19/07/2003
756,8,17,20,24,25,18/07/2003
755,6,8,14,15,21,17/07/2003
754,8,10,11,13,22,16/07/2003
753,5,7,9,12,25,15/07/2003
752,7,11,12,14,22,14/07/2003
751,5,8,11,18,21,12/07/2003
750,4,6,11,15,17,11/07/2003
749,2,4,7,17,22,10/07/2003
748,4,8,10,23,25,09/07/2003
747,12,17,23,24,25,08/07/2003
746,2,3,10,16,17,07/07/2003
745,2,11,15,21,22,05/07/2003
744,3,7,9,18,23,04/07/2003
743,5,7,12,21,24,03/07/2003
742,1,3,16,23,24,02/07/2003
741,6,7,12,17,21,01/07/2003
740,6,8,11,21,25,30/06/2003
739,2,4,9,17,25,28/06/2003
738,2,7,9,17,21,27/06/2003
737,2,5,9,16,23,26/06/2003
736,6,10,13,19,23,24/06/2003
735,10,15,19,24,25,23/06/2003
734,1,18,21,22,23,21/06/2003
733,2,3,6,23,25,20/06/2003
732,7,11,13,18,25,19/06/2003
731,5,16,18,24,25,17/06/2003
730,2,17,18,19,21,16/06/2003
729,8,13,16,22,23,14/06/2003
728,2,4,11,14,17,13/06/2003
727,4,12,16,21,22,12/06/2003
726,3,5,9,14,18,10/06/2003
725,7,9,15,21,22,09/06/2003
724,1,9,12,17,19,07/06/2003
723,7,15,16,19,25,06/06/2003
722,8,16,20,21,22,05/06/2003
721,4,15,16,19,22,03/06/2003
720,6,7,13,15,22,02/06/2003
719,1,8,9,12,22,31/05/2003
718,3,4,10,20,24,30/05/2003
717,4,9,12,14,22,29/05/2003
716,3,4,11,14,25,27/05/2003
715,2,3,10,21,25,26/05/2003
714,5,14,21,22,24,24/05/2003
713,4,14,17,21,24,23/05/2003
712,3,7,9,10,12,22/05/2003
711,1,3,4,6,7,20/05/2003
710,1,2,3,15,17,19/05/2003
709,3,11,19,22,24,17/05/2003
708,2,9,17,18,24,16/05/2003
707,8,9,17,24,25,15/05/2003
706,7,9,15,17,20,13/05/2003
705,3,5,13,16,17,12/05/2003
704,1,7,8,13,25,10/05/2003
703,2,5,13,17,24,09/05/2003
702,7,11,12,14,23,08/05/2003
701,1,2,3,5,12,06/05/2003
700,5,7,9,11,12,05/05/2003
699,11,12,17,21,23,03/05/2003
698,2,6,8,15,23,02/05/2003
697,8,11,19,21,25,01/05/2003
696,3,12,17,18,23,29/04/2003
695,2,7,13,16,22,28/04/2003
694,14,16,19,23,24,26/04/2003
693,8,10,17,24,25,25/04/2003
692,3,7,10,20,22,24/04/2003
691,7,8,16,18,23,22/04/2003
690,1,21,23,24,25,21/04/2003
689,8,9,11,20,24,19/04/2003
688,2,4,18,21,25,18/04/2003
687,8,10,13,20,25,17/04/2003
686,4,11,12,18,22,15/04/2003
685,7,9,22,23,25,14/04/2003
684,1,13,21,24,25,12/04/2003
683,1,9,12,14,23,11/04/2003
682,4,12,20,21,24,10/04/2003
681,5,15,16,18,22,08/04/2003
680,1,2,12,20,24,07/04/2003
679,4,7,12,24,25,05/04/2003
678,11,12,13,21,25,04/04/2003
677,10,12,14,16,18,03/04/2003
676,2,10,11,22,24,01/04/2003
675,5,8,11,18,23,31/03/2003
674,3,7,10,13,25,29/03/2003
673,3,5,9,19,25,28/03/2003
672,4,8,16,17,20,27/03/2003
671,10,12,19,23,25,25/03/2003
670,3,5,12,15,20,24/03/2003
669,2,3,6,13,25,22/03/2003
668,6,10,11,12,13,21/03/2003
667,9,12,21,22,25,20/03/2003
666,6,7,10,18,22,18/03/2003
665,2,11,13,17,21,17/03/2003
664,3,5,10,11,18,15/03/2003
663,4,6,11,14,23,14/03/2003
662,3,7,16,18,20,13/03/2003
661,10,12,14,22,23,11/03/2003
660,4,10,11,15,21,10/03/2003
659,6,7,11,21,22,08/03/2003
658,6,10,15,16,24,07/03/2003
657,6,11,16,22,23,06/03/2003
656,14,15,17,23,25,04/03/2003
655,10,11,14,21,22,03/03/2003
654,1,4,12,16,24,01/03/2003
653,5,7,10,12,18,28/02/2003
652,14,15,20,22,23,27/02/2003
651,1,7,14,18,25,25/02/2003
650,1,6,11,13,25,24/02/2003
649,11,12,15,18,23,22/02/2003
648,3,10,16,18,19,21/02/2003
647,1,4,7,12,21,20/02/2003
646,3,4,14,19,25,18/02/2003
645,8,9,10,20,22,17/02/2003
644,2,9,12,21,25,15/02/2003
643,2,11,12,17,18,14/02/2003
642,7,8,14,17,25,13/02/2003
641,9,15,19,22,24,11/02/2003
640,1,4,12,14,18,10/02/2003
639,1,2,7,8,22,08/02/2003
638,2,4,7,18,19,07/02/2003
637,3,5,6,11,19,06/02/2003
636,2,3,8,12,17,04/02/2003
635,10,11,12,23,25,03/02/2003
634,19,20,22,24,25,01/02/2003
633,2,7,15,17,22,31/01/2003
632,5,11,14,16,18,30/01/2003
631,3,7,11,14,19,28/01/2003
630,2,6,10,15,19,27/01/2003
629,3,4,6,8,25,25/01/2003
628,3,5,13,15,21,24/01/2003
627,7,11,18,22,24,23/01/2003
626,2,5,14,22,25,21/01/2003
625,7,8,10,15,21,20/01/2003
624,1,9,11,13,21,18/01/2003
623,3,15,18,19,25,17/01/2003
622,2,7,14,18,23,16/01/2003
621,1,6,12,19,21,14/01/2003
620,5,13,21,22,23,13/01/2003
619,4,5,8,13,19,11/01/2003
618,7,8,9,21,23,10/01/2003
617,1,7,18,19,25,09/01/2003
616,12,14,17,21,24,07/01/2003
615,3,5,6,12,23,06/01/2003
614,7,8,14,22,23,04/01/2003
613,5,8,10,13,14,03/01/2003
612,14,18,20,21,22,02/01/2003
611,3,4,14,18,19,31/12/2002
610,8,9,10,13,17,30/12/2002
609,12,14,19,21,24,28/12/2002
608,7,14,16,18,21,27/12/2002
607,2,5,11,19,20,26/12/2002
606,1,2,15,17,22,24/12/2002
605,1,5,18,21,22,23/12/2002
604,1,4,17,18,19,21/12/2002
603,11,13,14,21,24,20/12/2002
602,9,14,17,19,21,19/12/2002
601,3,10,14,20,25,17/12/2002
600,3,9,14,17,18,16/12/2002
599,5,13,17,22,25,14/12/2002
598,9,13,14,18,24,13/12/2002
597,1,6,10,15,16,12/12/2002
596,2,3,15,16,17,10/12/2002
595,1,2,5,7,18,09/12/2002
594,1,3,4,5,15,07/12/2002
593,11,14,19,23,24,06/12/2002
592,10,14,17,18,20,05/12/2002
591,6,9,10,15,22,03/12/2002
590,11,12,15,22,23,02/12/2002
589,2,3,6,8,9,30/11/2002
588,8,10,11,15,20,29/11/2002
587,6,7,8,12,22,28/11/2002
586,2,9,11,13,20,26/11/2002
585,2,5,7,10,20,25/11/2002
584,9,14,22,23,24,23/11/2002
583,1,5,12,19,21,22/11/2002
582,3,8,9,10,16,21/11/2002
581,4,6,9,17,20,19/11/2002
580,3,6,10,12,24,18/11/2002
579,2,6,7,10,17,16/11/2002
578,1,3,9,11,23,15/11/2002
577,8,15,19,22,25,14/11/2002
576,9,11,16,17,22,12/11/2002
575,3,13,14,19,20,11/11/2002
574,2,3,13,19,24,09/11/2002
573,6,11,17,18,19,08/11/2002
572,1,4,5,13,19,07/11/2002
571,17,18,20,21,25,05/11/2002
570,12,15,21,24,25,04/11/2002
569,3,6,12,17,23,02/11/2002
568,1,4,8,16,20,01/11/2002
567,5,7,9,10,17,31/10/2002
566,5,15,17,19,21,29/10/2002
565,5,13,18,21,24,28/10/2002
564,6,11,14,19,24,26/10/2002
563,10,14,17,20,25,25/10/2002
562,3,16,17,18,22,24/10/2002
561,7,15,16,22,24,22/10/2002
560,10,19,20,22,23,21/10/2002
559,4,8,11,14,22,19/10/2002
558,7,13,15,16,18,19/10/2002
557,6,11,14,15,16,17/10/2002
556,8,9,14,16,18,15/10/2002
555,2,3,8,10,23,14/10/2002
554,2,10,13,14,17,12/10/2002
553,1,16,20,22,24,11/10/2002
552,3,8,13,18,24,10/10/2002
551,9,10,13,19,22,08/10/2002
550,2,11,15,17,23,07/10/2002
549,2,10,11,23,25,05/10/2002
548,3,11,13,18,21,04/10/2002
547,1,2,5,8,10,03/10/2002
546,1,6,10,16,24,01/10/2002
545,1,3,12,13,22,30/09/2002
544,3,7,8,16,17,28/09/2002
543,4,11,13,16,21,27/09/2002
542,1,6,9,10,12,26/09/2002
541,3,4,11,14,16,24/09/2002
540,2,7,14,15,18,23/09/2002
539,9,12,13,21,24,21/09/2002
538,2,11,17,18,24,20/09/2002
537,5,7,8,9,23,19/09/2002
536,6,12,17,21,25,17/09/2002
535,1,8,11,15,23,16/09/2002
534,4,5,11,12,18,14/09/2002
533,1,7,18,24,25,13/09/2002
532,3,13,18,20,21,12/09/2002
531,4,7,13,19,25,10/09/2002
530,8,12,16,18,19,09/09/2002
529,6,7,16,20,23,07/09/2002
528,4,10,14,16,23,05/09/2002
527,4,8,15,22,23,03/09/2002
526,4,9,12,20,25,31/08/2002
525,1,8,11,14,20,29/08/2002
524,1,2,5,17,25,27/08/2002
523,6,8,10,11,23,24/08/2002
522,6,7,11,12,20,22/08/2002
521,2,3,10,16,18,20/08/2002
520,2,7,15,16,19,17/08/2002
519,8,10,13,17,18,15/08/2002
518,5,6,16,22,23,13/08/2002
517,1,5,7,15,24,10/08/2002
516,12,15,17,18,22,08/08/2002
515,1,7,17,18,20,06/08/2002
514,2,8,9,14,25,03/08/2002
513,8,14,20,21,25,01/08/2002
512,1,3,11,15,21,30/07/2002
511,2,11,13,18,24,27/07/2002
510,1,3,13,14,19,25/07/2002
509,8,11,13,16,24,23/07/2002
508,5,9,14,16,17,20/07/2002
507,2,4,13,21,25,18/07/2002
506,4,9,12,15,20,16/07/2002
505,2,12,14,19,24,13/07/2002
504,13,14,16,20,24,11/07/2002
503,1,6,9,12,24,09/07/2002
502,1,5,6,13,21,06/07/2002
501,3,7,8,9,25,04/07/2002
500,3,4,9,22,24,02/07/2002
499,1,3,12,16,17,29/06/2002
498,2,5,13,20,24,27/06/2002
497,4,6,7,8,25,25/06/2002
496,2,7,10,11,12,22/06/2002
495,3,4,7,18,23,20/06/2002
494,5,6,7,15,18,18/06/2002
493,8,9,13,16,17,15/06/2002
492,1,3,8,19,21,13/06/2002
491,10,14,15,22,25,11/06/2002
490,6,10,14,17,21,08/06/2002
489,1,3,5,12,20,06/06/2002
488,2,4,9,10,21,04/06/2002
487,2,6,15,18,22,01/06/2002
486,2,5,9,15,19,30/05/2002
485,13,14,16,19,24,28/05/2002
484,3,11,14,18,22,25/05/2002
483,5,7,9,14,24,23/05/2002
482,1,7,10,16,18,21/05/2002
481,5,18,19,22,23,18/05/2002
480,1,10,20,24,25,16/05/2002
479,6,13,14,24,25,14/05/2002
478,10,11,14,16,17,11/05/2002
477,6,14,17,18,25,09/05/2002
476,1,14,15,16,21,07/05/2002
475,5,9,15,16,20,04/05/2002
474,6,8,12,18,21,02/05/2002
473,4,9,11,19,22,30/04/2002
472,1,3,12,15,16,27/04/2002
471,6,8,15,16,18,25/04/2002
470,2,7,10,15,16,23/04/2002
469,4,5,6,16,25,20/04/2002
468,2,7,11,21,22,18/04/2002
467,8,14,15,16,25,16/04/2002
466,2,10,20,21,23,13/04/2002
465,6,8,18,19,24,11/04/2002
464,5,9,16,22,23,09/04/2002
463,1,3,5,6,12,06/04/2002
462,3,10,11,16,23,04/04/2002
461,1,10,13,22,23,02/04/2002
460,2,7,9,13,18,30/03/2002
459,1,10,13,14,17,28/03/2002
458,5,14,16,22,24,26/03/2002
457,3,6,15,19,20,23/03/2002
456,11,15,16,19,23,21/03/2002
455,7,10,15,16,24,19/03/2002
454,10,14,20,22,24,16/03/2002
453,1,8,13,14,23,14/03/2002
452,17,18,19,20,25,12/03/2002
451,4,7,8,13,17,09/03/2002
450,1,2,14,18,25,07/03/2002
449,2,7,9,10,16,05/03/2002
448,3,14,19,21,24,02/03/2002
447,5,17,20,21,25,28/02/2002
446,1,7,8,9,19,26/02/2002
445,6,7,8,9,12,23/02/2002
444,2,5,11,13,17,21/02/2002
443,1,8,18,21,24,19/02/2002
442,6,8,19,21,25,16/02/2002
441,6,7,9,23,25,14/02/2002
440,2,12,13,14,22,12/02/2002
439,1,3,15,17,25,09/02/2002
438,5,10,15,20,21,07/02/2002
437,1,3,17,21,23,05/02/2002
436,6,16,17,24,25,02/02/2002
435,4,9,12,18,21,31/01/2002
434,6,8,11,12,19,29/01/2002
433,2,6,10,11,23,26/01/2002
432,5,6,9,14,15,24/01/2002
431,5,8,13,18,21,22/01/2002
430,18,19,21,22,24,19/01/2002
429,9,14,16,23,24,17/01/2002
428,6,7,12,13,25,15/01/2002
427,2,14,15,22,25,12/01/2002
426,9,10,15,19,22,10/01/2002
425,3,4,9,16,18,08/01/2002
424,1,7,8,16,25,05/01/2002
423,2,7,18,20,23,03/01/2002
422,6,7,9,10,14,01/01/2002
421,5,7,16,17,24,29/12/2001
420,7,11,17,20,23,27/12/2001
419,2,4,9,20,22,25/12/2001
418,2,6,10,22,23,22/12/2001
417,2,7,13,20,25,20/12/2001
416,8,9,11,16,23,18/12/2001
415,5,8,11,13,24,15/12/2001
414,3,7,9,12,14,13/12/2001
413,7,9,10,17,20,11/12/2001
412,2,3,4,5,25,08/12/2001
411,10,12,13,14,17,06/12/2001
410,8,15,18,20,25,04/12/2001
409,2,3,10,17,24,01/12/2001
408,9,15,17,18,20,29/11/2001
407,3,4,6,19,25,27/11/2001
406,2,16,21,22,23,24/11/2001
405,3,11,17,22,24,22/11/2001
404,4,11,12,13,22,20/11/2001
403,6,9,14,16,23,17/11/2001
402,1,12,14,19,22,15/11/2001
401,6,13,17,22,24,13/11/2001
400,6,8,10,16,22,10/11/2001
399,1,2,5,6,7,08/11/2001
398,7,8,10,12,14,06/11/2001
397,4,9,13,15,19,03/11/2001
396,1,8,13,15,19,01/11/2001
395,1,2,11,13,25,30/10/2001
394,5,7,8,11,19,27/10/2001
393,1,7,10,21,23,25/10/2001
392,2,4,9,17,23,23/10/2001
391,1,3,10,14,21,20/10/2001
390,2,7,14,17,22,18/10/2001
389,10,15,16,17,19,16/10/2001
388,2,8,12,14,22,13/10/2001
387,2,6,8,12,18,11/10/2001
386,4,7,14,17,19,09/10/2001
385,2,4,7,21,22,06/10/2001
384,2,9,10,17,18,04/10/2001
383,10,11,13,22,25,02/10/2001
382,6,8,10,15,17,29/09/2001
381,1,7,12,23,25,27/09/2001
380,4,7,10,11,15,25/09/2001
379,1,4,8,10,15,22/09/2001
378,1,4,9,16,23,20/09/2001
377,1,3,9,10,18,18/09/2001
376,10,15,17,22,24,15/09/2001
375,2,9,16,19,21,13/09/2001
374,3,4,14,16,25,11/09/2001
373,12,18,19,22,24,08/09/2001
372,4,11,13,15,25,06/09/2001
371,6,7,16,23,25,04/09/2001
370,9,15,19,20,24,01/09/2001
369,5,15,16,17,25,30/08/2001
368,8,21,22,23,24,28/08/2001
367,1,4,7,23,24,25/08/2001
366,1,5,19,24,25,23/08/2001
365,5,7,8,19,21,21/08/2001
364,6,8,10,13,17,18/08/2001
363,4,8,11,16,19,16/08/2001
362,4,6,19,21,24,14/08/2001
361,1,4,12,18,22,11/08/2001
360,6,11,16,22,25,09/08/2001
359,3,5,12,17,20,07/08/2001
358,4,6,7,16,18,04/08/2001
357,1,3,6,10,23,02/08/2001
356,1,9,10,22,23,31/07/2001
355,8,10,12,17,18,28/07/2001
354,2,3,5,16,19,26/07/2001
353,8,12,13,16,22,24/07/2001
352,5,8,15,16,21,21/07/2001
351,5,7,8,10,24,19/07/2001
350,4,9,10,14,23,17/07/2001
349,3,10,16,22,25,14/07/2001
348,7,8,16,17,20,12/07/2001
347,1,6,12,15,22,10/07/2001
346,8,19,20,22,25,07/07/2001
345,4,6,11,12,13,05/07/2001
344,11,12,14,17,23,03/07/2001
343,4,6,8,13,21,30/06/2001
342,1,4,12,19,24,28/06/2001
341,11,12,14,21,23,26/06/2001
340,2,7,14,18,22,23/06/2001
339,2,14,20,22,24,21/06/2001
338,4,7,21,22,24,19/06/2001
337,1,2,3,17,25,16/06/2001
336,1,9,13,20,23,14/06/2001
335,3,4,9,12,17,12/06/2001
334,2,5,7,9,15,09/06/2001
333,8,9,12,24,25,07/06/2001
332,5,13,19,20,24,05/06/2001
331,5,7,15,22,25,02/06/2001
330,9,15,19,21,24,31/05/2001
329,6,14,15,19,24,28/05/2001
328,1,2,6,11,21,26/05/2001
327,2,3,6,18,22,24/05/2001
326,3,4,13,16,21,22/05/2001
325,5,14,17,21,24,19/05/2001
324,3,7,15,18,21,17/05/2001
323,7,16,18,19,20,15/05/2001
322,3,12,14,15,22,12/05/2001
321,4,5,13,16,24,10/05/2001
320,4,7,8,9,10,08/05/2001
319,2,3,10,11,18,05/05/2001
318,8,10,13,14,25,03/05/2001
317,2,6,12,16,17,01/05/2001
316,1,4,8,18,23,28/04/2001
315,1,4,9,18,21,26/04/2001
314,3,8,12,14,16,24/04/2001
313,6,15,16,19,21,21/04/2001
312,4,8,10,13,21,19/04/2001
311,4,6,14,16,23,17/04/2001
310,3,9,12,23,24,14/04/2001
309,2,4,5,19,22,14/04/2001
308,7,8,11,14,22,10/04/2001
307,3,7,19,22,23,07/04/2001
306,8,10,14,16,20,05/04/2001
305,3,11,16,20,24,03/04/2001
304,6,12,13,19,21,31/03/2001
303,2,5,11,13,18,29/03/2001
302,13,16,19,23,25,27/03/2001
301,4,6,12,17,23,24/03/2001
300,4,13,19,23,25,22/03/2001
299,5,6,9,17,23,20/03/2001
298,6,17,19,24,25,17/03/2001
297,2,8,11,14,25,15/03/2001
296,5,8,10,12,19,13/03/2001
295,1,13,15,16,20,10/03/2001
294,2,4,8,11,15,08/03/2001
293,7,9,23,24,25,06/03/2001
292,5,8,20,21,24,06/03/2001
291,2,6,11,20,23,01/03/2001
290,3,8,9,13,21,27/02/2001
289,2,3,10,14,17,24/02/2001
288,1,2,6,8,16,22/02/2001
287,2,16,22,23,25,20/02/2001
286,1,6,8,18,25,17/02/2001
285,2,10,12,19,21,15/02/2001
284,3,16,17,19,25,13/02/2001
283,5,6,16,22,25,10/02/2001
282,7,9,14,21,22,08/02/2001
281,5,10,16,23,25,06/02/2001
280,6,8,9,15,17,03/02/2001
279,2,13,16,21,24,01/02/2001
278,3,6,17,18,21,30/01/2001
277,1,6,9,19,22,27/01/2001
276,1,6,9,12,15,25/01/2001
275,1,9,13,21,22,23/01/2001
274,7,8,13,23,24,20/01/2001
273,1,4,11,18,25,18/01/2001
272,4,15,17,19,23,16/01/2001
271,3,4,6,7,9,13/01/2001
270,20,21,23,24,25,11/01/2001
269,2,8,15,18,22,09/01/2001
268,6,10,12,15,23,06/01/2001
267,2,13,14,15,19,04/01/2001
266,2,4,7,10,16,02/01/2001
265,2,9,10,11,23,30/12/2000
264,1,12,13,15,17,28/12/2000
263,2,7,14,21,25,26/12/2000
262,2,8,17,22,25,23/12/2000
261,2,7,8,15,16,21/12/2000
260,4,7,9,21,22,19/12/2000
259,1,6,9,16,22,16/12/2000
258,4,10,12,16,25,14/12/2000
257,3,6,15,16,22,12/12/2000
256,1,6,12,15,19,09/12/2000
255,2,12,14,19,21,07/12/2000
254,4,7,13,17,19,05/12/2000
253,5,9,12,15,21,02/12/2000
252,8,13,14,17,18,30/11/2000
251,10,11,13,17,25,28/11/2000
250,1,7,10,17,20,25/11/2000
249,4,6,17,18,19,23/11/2000
248,1,3,16,17,18,21/11/2000
247,4,7,8,11,22,18/11/2000
246,2,4,7,15,24,16/11/2000
245,6,7,12,19,21,14/11/2000
244,8,9,12,14,16,11/11/2000
243,1,14,20,23,25,09/11/2000
242,3,4,11,15,17,07/11/2000
241,7,10,14,17,18,04/11/2000
240,8,10,18,22,23,02/11/2000
239,1,2,11,14,21,31/10/2000
238,2,15,19,22,23,28/10/2000
237,11,12,16,18,24,26/10/2000
236,11,15,16,20,23,24/10/2000
235,1,2,10,12,15,21/10/2000
234,2,17,20,21,25,19/10/2000
233,1,2,12,17,25,17/10/2000
232,3,19,22,23,25,14/10/2000
231,3,7,8,9,16,12/10/2000
230,4,15,19,22,25,10/10/2000
229,4,10,11,20,22,07/10/2000
228,7,8,13,23,25,05/10/2000
227,3,6,14,19,21,03/10/2000
226,1,10,16,19,25,30/09/2000
225,1,2,5,16,18,28/09/2000
224,8,9,10,20,24,26/09/2000
223,3,10,12,17,22,23/09/2000
222,1,2,14,16,19,21/09/2000
221,11,20,21,22,25,19/09/2000
220,2,8,16,20,25,16/09/2000
219,1,10,21,22,25,14/09/2000
218,3,11,18,24,25,12/09/2000
217,12,14,15,18,23,09/09/2000
216,1,8,13,17,18,07/09/2000
215,10,12,13,23,25,05/09/2000
214,1,2,14,18,20,02/09/2000
213,4,6,9,11,14,31/08/2000
212,5,7,18,20,23,29/08/2000
211,4,6,14,20,22,26/08/2000
210,5,12,17,20,21,24/08/2000
209,9,10,17,21,25,22/08/2000
208,7,9,14,15,20,19/08/2000
207,3,10,12,14,18,17/08/2000
206,6,7,8,15,18,15/08/2000
205,1,2,16,17,18,12/08/2000
204,2,5,17,20,21,10/08/2000
203,1,5,8,19,24,08/08/2000
202,1,7,11,22,25,05/08/2000
201,9,10,14,19,21,03/08/2000
200,5,11,13,14,19,01/08/2000
199,1,2,11,18,23,29/07/2000
198,1,6,15,17,19,27/07/2000
197,7,8,10,14,16,25/07/2000
196,8,10,17,20,25,22/07/2000
195,1,10,12,15,21,20/07/2000
194,8,9,10,17,19,18/07/2000
193,7,10,17,18,24,15/07/2000
192,1,4,7,14,16,13/07/2000
191,4,9,14,15,23,11/07/2000
190,3,6,9,17,18,08/07/2000
189,2,4,11,20,25,06/07/2000
188,4,6,8,17,19,04/07/2000
187,1,3,16,23,25,01/07/2000
186,3,8,13,18,21,29/06/2000
185,5,6,15,21,24,27/06/2000
184,13,14,20,23,25,24/06/2000
183,1,3,8,15,20,22/06/2000
182,4,6,22,24,25,20/06/2000
181,1,15,20,22,25,17/06/2000
180,1,2,12,18,23,15/06/2000
179,1,9,11,16,17,13/06/2000
178,11,14,16,17,22,10/06/2000
177,9,11,13,14,23,08/06/2000
176,2,5,12,13,18,06/06/2000
175,1,4,7,11,21,03/06/2000
174,5,7,9,16,20,01/06/2000
173,2,12,14,20,22,30/05/2000
172,1,3,6,18,21,27/05/2000
171,1,7,8,9,16,25/05/2000
170,5,11,12,19,20,23/05/2000
169,5,8,9,11,19,20/05/2000
168,7,11,13,19,23,18/05/2000
167,4,9,14,15,16,16/05/2000
166,5,7,10,17,22,13/05/2000
165,7,9,17,22,25,11/05/2000
164,5,11,14,21,25,09/05/2000
163,5,6,9,16,21,06/05/2000
162,5,12,13,17,20,04/05/2000
161,9,10,15,21,22,02/05/2000
160,5,11,13,18,20,29/04/2000
159,12,13,18,20,25,27/04/2000
158,1,11,12,16,23,25/04/2000
157,1,5,9,16,22,22/04/2000
156,1,10,13,15,16,20/04/2000
155,1,5,17,23,25,18/04/2000
154,1,14,18,20,25,15/04/2000
153,5,8,9,18,19,13/04/2000
152,4,8,17,19,23,11/04/2000
151,10,12,20,21,23,08/04/2000
150,10,17,18,22,24,06/04/2000
149,3,20,21,23,24,04/04/2000
148,1,9,14,18,19,01/04/2000
147,9,18,19,20,23,30/03/2000
146,1,15,17,21,24,28/03/2000
145,5,11,16,17,21,25/03/2000
144,6,9,14,19,21,23/03/2000
143,3,7,10,19,21,21/03/2000
142,1,3,5,19,22,18/03/2000
141,2,6,10,19,22,16/03/2000
140,2,4,5,15,25,14/03/2000
139,5,8,15,19,21,11/03/2000
138,1,7,15,19,21,09/03/2000
137,3,11,14,17,22,07/03/2000
136,11,13,17,22,23,04/03/2000
135,5,11,13,16,23,02/03/2000
134,3,4,17,19,21,29/02/2000
133,6,8,13,15,23,26/02/2000
132,2,13,15,16,20,24/02/2000
131,7,16,17,19,23,22/02/2000
130,3,11,13,18,19,19/02/2000
129,3,5,15,16,18,17/02/2000
128,3,6,12,21,25,15/02/2000
127,13,16,18,23,24,12/02/2000
126,2,5,10,18,19,10/02/2000
125,2,4,16,17,25,08/02/2000
124,3,4,12,18,25,05/02/2000
123,1,7,10,13,25,03/02/2000
122,1,13,18,22,23,01/02/2000
121,1,2,9,11,23,29/01/2000
120,6,12,17,24,25,27/01/2000
119,7,14,18,20,23,25/01/2000
118,4,5,8,20,22,22/01/2000
117,5,6,12,15,23,20/01/2000
116,5,13,22,23,25,18/01/2000
115,7,11,16,18,21,15/01/2000
114,3,6,9,14,19,13/01/2000
113,9,18,20,22,25,11/01/2000
112,2,3,12,15,25,08/01/2000
111,9,15,18,23,24,06/01/2000
110,3,11,13,17,25,04/01/2000
109,5,9,16,18,19,01/01/2000
108,2,6,14,17,23,30/12/1999
107,2,8,11,14,22,28/12/1999
106,4,6,16,22,24,25/12/1999
105,4,6,9,16,22,23/12/1999
104,1,2,4,7,25,21/12/1999
103,1,7,11,19,20,18/12/1999
102,6,7,22,23,24,16/12/1999
101,6,7,17,20,21,14/12/1999
100,4,8,10,18,22,11/12/1999
99,4,6,13,15,22,09/12/1999
98,2,4,5,11,24,07/12/1999
97,6,9,16,17,21,04/12/1999
96,2,8,11,16,18,02/12/1999
95,11,12,16,22,25,30/11/1999
94,6,7,10,11,23,26/11/1999
93,1,5,7,8,9,23/11/1999
92,6,8,14,22,24,19/11/1999
91,1,4,17,19,23,16/11/1999
90,4,6,8,12,21,12/11/1999
89,3,8,9,11,20,09/11/1999
88,1,5,9,15,20,05/11/1999
87,3,7,14,18,23,02/11/1999
86,13,18,19,23,24,29/10/1999
85,5,13,19,20,24,26/10/1999
84,6,11,18,22,23,22/10/1999
83,7,10,15,19,22,19/10/1999
82,1,5,6,10,21,15/10/1999
81,5,7,18,22,23,12/10/1999
80,4,16,17,18,23,08/10/1999
79,1,2,4,20,21,05/10/1999
78,3,7,11,18,24,01/10/1999
77,1,6,9,21,25,28/09/1999
76,4,14,19,23,25,24/09/1999
75,2,9,19,20,25,21/09/1999
74,4,13,14,24,25,17/09/1999
73,13,18,20,24,25,14/09/1999
72,4,10,12,14,19,10/09/1999
71,3,4,14,15,24,07/09/1999
70,1,5,18,20,24,03/09/1999
69,3,5,7,14,21,31/08/1999
68,9,13,16,17,22,31/08/1999
67,4,6,11,17,24,24/08/1999
66,4,9,14,15,21,20/08/1999
65,4,13,15,16,23,17/08/1999
64,1,3,7,9,10,13/08/1999
63,1,2,5,18,24,10/08/1999
62,12,15,19,23,24,06/08/1999
61,6,10,16,20,21,03/08/1999
60,5,8,11,12,13,30/07/1999
59,5,6,16,17,24,27/07/1999
58,6,14,16,20,23,23/07/1999
57,3,7,9,20,21,20/07/1999
56,7,8,18,24,25,16/07/1999
55,2,3,20,21,23,13/07/1999
54,9,13,14,18,20,09/07/1999
53,8,14,18,20,23,06/07/1999
52,6,8,10,15,24,02/07/1999
51,5,8,10,12,20,29/06/1999
50,4,8,13,16,22,25/06/1999
49,2,13,15,22,25,25/06/1999
48,3,4,5,10,19,18/06/1999
47,5,7,8,9,10,15/06/1999
46,8,9,10,16,17,11/06/1999
45,5,16,17,19,22,08/06/1999
44,3,13,15,17,25,04/06/1999
43,8,10,14,19,24,01/06/1999
42,12,16,17,18,19,28/05/1999
41,6,11,14,23,24,25/05/1999
40,6,11,12,17,19,21/05/1999
39,10,15,19,20,23,18/05/1999
38,4,6,9,13,23,14/05/1999
37,2,9,13,22,23,14/05/1999
36,1,2,5,6,20,07/05/1999
35,3,6,14,16,22,04/05/1999
34,2,4,6,9,23,30/04/1999
33,1,5,7,13,25,27/04/1999
32,13,19,21,22,23,23/04/1999
31,3,14,17,20,24,23/04/1999
30,7,10,14,17,25,16/04/1999
29,1,3,12,15,24,13/04/1999
28,5,11,16,20,23,09/04/1999
27,2,6,10,13,17,06/04/1999
26,3,7,10,13,15,02/04/1999
25,7,10,14,16,24,30/03/1999
24,10,11,17,20,21,30/03/1999
23,2,7,11,20,23,23/03/1999
22,6,10,12,16,18,19/03/1999
21,8,9,12,16,21,16/03/1999
20,12,13,19,20,24,12/03/1999
19,2,9,17,21,22,09/03/1999
18,2,9,10,11,22,05/03/1999
17,5,10,13,19,24,02/03/1999
16,6,9,20,22,23,26/02/1999
15,5,12,13,16,21,23/02/1999
14,4,10,11,19,21,19/02/1999
13,4,7,9,11,14,16/02/1999
12,5,9,15,16,19,12/02/1999
11,1,13,15,18,24,09/02/1999
10,1,3,8,11,17,05/02/1999
9,4,17,18,21,22,02/02/1999
8,4,8,9,20,22,29/01/1999
7,2,8,11,15,22,26/01/1999
6,1,9,10,16,17,22/01/1999
5,12,14,17,21,24,19/01/1999
4,6,10,16,20,25,19/01/1999
3,1,12,16,18,21,12/01/1999
2,5,12,18,22,23,08/01/1999
1,4,7,11,21,24,05/01/1999
